text,label
FATAL: Out of memory: Kill process 1000 java total-vm:4096MB,OutOfMemory
java.lang.OutOfMemoryError: Java heap space at array allocate,OutOfMemory
fatal error: runtime: out of memory allocating 3145728 bytes,OutOfMemory
container exited with code 137 OOMKilled cgroup memory limit exceeded,OutOfMemory
memory cgroup out of memory invoked oom-killer gfp_mask for worker worker-pod-04,OutOfMemory
kernel killed process task-runner-0 due to host memory starvation,OutOfMemory
Memory starvation detected node ip-10-0-6-16 condition MemoryPressure is true,OutOfMemory
Go runtime fatal out of memory unable to allocate heap arena,OutOfMemory
Process task-runner-3 killed by Linux OOM handler after consuming 98% RAM,OutOfMemory
Kubernetes evicted pod worker-pod-00 memory usage reached hard threshold limit,OutOfMemory
V8 JavaScript heap out of memory allocation failed during build task,OutOfMemory
Container worker worker-pod-02 terminated status code 137 cgroup oom,OutOfMemory
systemd-oomd triggered kill on slice user memory quota exhausted,OutOfMemory
Python MemoryError unable to allocate numpy array of size 10752MB,OutOfMemory
Host virtual memory exhausted swap limit reached killing runaway process,OutOfMemory
FATAL: Out of memory: Kill process 1555 java total-vm:11776MB timestamp 2026-09-29T15:00:15Z,OutOfMemory
java.lang.OutOfMemoryError: Java heap space at array allocate trace id 7f8a016 error context,OutOfMemory
fatal error: runtime: out of memory allocating 18874368 bytes zone us-east-1 rack-5,OutOfMemory
container exited with code 137 OOMKilled cgroup memory limit exceeded cluster production worker pool,OutOfMemory
memory cgroup out of memory invoked oom-killer gfp_mask for worker worker-pod-01 metric threshold monitored by prometheus,OutOfMemory
kernel killed process task-runner-0 due to host memory starvation timestamp 2026-09-29T15:00:20Z,OutOfMemory
Memory starvation detected node ip-10-0-1-31 condition MemoryPressure is true trace id 7f8a021 error context,OutOfMemory
Go runtime fatal out of memory unable to allocate heap arena zone us-east-1 rack-10,OutOfMemory
Process task-runner-3 killed by Linux OOM handler after consuming 98% RAM cluster production worker pool,OutOfMemory
Kubernetes evicted pod worker-pod-06 memory usage reached hard threshold limit metric threshold monitored by prometheus,OutOfMemory
V8 JavaScript heap out of memory allocation failed during build task timestamp 2026-09-29T15:00:25Z,OutOfMemory
Container worker worker-pod-08 terminated status code 137 cgroup oom trace id 7f8a026 error context,OutOfMemory
systemd-oomd triggered kill on slice user memory quota exhausted zone us-east-1 rack-3,OutOfMemory
Python MemoryError unable to allocate numpy array of size 18432MB cluster production worker pool,OutOfMemory
Host virtual memory exhausted swap limit reached killing runaway process metric threshold monitored by prometheus,OutOfMemory
FATAL: Out of memory: Kill process 2110 java total-vm:19456MB timestamp 2026-09-29T15:00:30Z,OutOfMemory
java.lang.OutOfMemoryError: Java heap space at array allocate trace id 7f8a031 error context,OutOfMemory
fatal error: runtime: out of memory allocating 34603008 bytes zone us-east-1 rack-8,OutOfMemory
container exited with code 137 OOMKilled cgroup memory limit exceeded cluster production worker pool,OutOfMemory
memory cgroup out of memory invoked oom-killer gfp_mask for worker worker-pod-07 metric threshold monitored by prometheus,OutOfMemory
kernel killed process task-runner-0 due to host memory starvation timestamp 2026-09-29T15:00:35Z,OutOfMemory
Memory starvation detected node ip-10-0-16-46 condition MemoryPressure is true trace id 7f8a036 error context,OutOfMemory
Go runtime fatal out of memory unable to allocate heap arena zone us-east-1 rack-1,OutOfMemory
Process task-runner-3 killed by Linux OOM handler after consuming 98% RAM cluster production worker pool,OutOfMemory
Kubernetes evicted pod worker-pod-03 memory usage reached hard threshold limit metric threshold monitored by prometheus,OutOfMemory
V8 JavaScript heap out of memory allocation failed during build task timestamp 2026-09-29T15:00:40Z,OutOfMemory
Container worker worker-pod-05 terminated status code 137 cgroup oom trace id 7f8a041 error context,OutOfMemory
systemd-oomd triggered kill on slice user memory quota exhausted zone us-east-1 rack-6,OutOfMemory
Python MemoryError unable to allocate numpy array of size 26112MB cluster production worker pool,OutOfMemory
Host virtual memory exhausted swap limit reached killing runaway process metric threshold monitored by prometheus,OutOfMemory
FATAL: Out of memory: Kill process 2665 java total-vm:27136MB timestamp 2026-09-29T15:00:45Z,OutOfMemory
java.lang.OutOfMemoryError: Java heap space at array allocate trace id 7f8a046 error context,OutOfMemory
fatal error: runtime: out of memory allocating 50331648 bytes zone us-east-1 rack-11,OutOfMemory
container exited with code 137 OOMKilled cgroup memory limit exceeded cluster production worker pool,OutOfMemory
memory cgroup out of memory invoked oom-killer gfp_mask for worker worker-pod-04 metric threshold monitored by prometheus,OutOfMemory
kernel killed process task-runner-0 due to host memory starvation timestamp 2026-09-29T15:00:50Z,OutOfMemory
Memory starvation detected node ip-10-0-11-61 condition MemoryPressure is true trace id 7f8a051 error context,OutOfMemory
Go runtime fatal out of memory unable to allocate heap arena zone us-east-1 rack-4,OutOfMemory
Process task-runner-3 killed by Linux OOM handler after consuming 98% RAM cluster production worker pool,OutOfMemory
Kubernetes evicted pod worker-pod-00 memory usage reached hard threshold limit metric threshold monitored by prometheus,OutOfMemory
V8 JavaScript heap out of memory allocation failed during build task timestamp 2026-09-29T15:00:55Z,OutOfMemory
Container worker worker-pod-02 terminated status code 137 cgroup oom trace id 7f8a056 error context,OutOfMemory
systemd-oomd triggered kill on slice user memory quota exhausted zone us-east-1 rack-9,OutOfMemory
Python MemoryError unable to allocate numpy array of size 33792MB cluster production worker pool,OutOfMemory
Host virtual memory exhausted swap limit reached killing runaway process metric threshold monitored by prometheus,OutOfMemory
FATAL: Out of memory: Kill process 3220 java total-vm:34816MB timestamp 2026-09-29T15:00:00Z,OutOfMemory
java.lang.OutOfMemoryError: Java heap space at array allocate trace id 7f8a061 error context,OutOfMemory
fatal error: runtime: out of memory allocating 66060288 bytes zone us-east-1 rack-2,OutOfMemory
container exited with code 137 OOMKilled cgroup memory limit exceeded cluster production worker pool,OutOfMemory
memory cgroup out of memory invoked oom-killer gfp_mask for worker worker-pod-01 metric threshold monitored by prometheus,OutOfMemory
kernel killed process task-runner-0 due to host memory starvation timestamp 2026-09-29T15:00:05Z,OutOfMemory
Memory starvation detected node ip-10-0-6-76 condition MemoryPressure is true trace id 7f8a066 error context,OutOfMemory
Go runtime fatal out of memory unable to allocate heap arena zone us-east-1 rack-7,OutOfMemory
Process task-runner-3 killed by Linux OOM handler after consuming 98% RAM cluster production worker pool,OutOfMemory
Kubernetes evicted pod worker-pod-06 memory usage reached hard threshold limit metric threshold monitored by prometheus,OutOfMemory
V8 JavaScript heap out of memory allocation failed during build task timestamp 2026-09-29T15:00:10Z,OutOfMemory
Container worker worker-pod-08 terminated status code 137 cgroup oom trace id 7f8a071 error context,OutOfMemory
systemd-oomd triggered kill on slice user memory quota exhausted zone us-east-1 rack-0,OutOfMemory
Python MemoryError unable to allocate numpy array of size 8704MB cluster production worker pool,OutOfMemory
Host virtual memory exhausted swap limit reached killing runaway process metric threshold monitored by prometheus,OutOfMemory
FATAL: Out of memory: Kill process 3775 java total-vm:9728MB timestamp 2026-09-29T15:00:15Z,OutOfMemory
java.lang.OutOfMemoryError: Java heap space at array allocate trace id 7f8a076 error context,OutOfMemory
fatal error: runtime: out of memory allocating 14680064 bytes zone us-east-1 rack-5,OutOfMemory
container exited with code 137 OOMKilled cgroup memory limit exceeded cluster production worker pool,OutOfMemory
memory cgroup out of memory invoked oom-killer gfp_mask for worker worker-pod-07 metric threshold monitored by prometheus,OutOfMemory
kernel killed process task-runner-0 due to host memory starvation timestamp 2026-09-29T15:00:20Z,OutOfMemory
Memory starvation detected node ip-10-0-1-11 condition MemoryPressure is true trace id 7f8a081 error context,OutOfMemory
Go runtime fatal out of memory unable to allocate heap arena zone us-east-1 rack-10,OutOfMemory
Process task-runner-3 killed by Linux OOM handler after consuming 98% RAM cluster production worker pool,OutOfMemory
Kubernetes evicted pod worker-pod-03 memory usage reached hard threshold limit metric threshold monitored by prometheus,OutOfMemory
V8 JavaScript heap out of memory allocation failed during build task timestamp 2026-09-29T15:00:25Z,OutOfMemory
Container worker worker-pod-05 terminated status code 137 cgroup oom trace id 7f8a086 error context,OutOfMemory
systemd-oomd triggered kill on slice user memory quota exhausted zone us-east-1 rack-3,OutOfMemory
Python MemoryError unable to allocate numpy array of size 16384MB cluster production worker pool,OutOfMemory
Host virtual memory exhausted swap limit reached killing runaway process metric threshold monitored by prometheus,OutOfMemory
FATAL: Out of memory: Kill process 4330 java total-vm:17408MB timestamp 2026-09-29T15:00:30Z,OutOfMemory
java.lang.OutOfMemoryError: Java heap space at array allocate trace id 7f8a091 error context,OutOfMemory
fatal error: runtime: out of memory allocating 30408704 bytes zone us-east-1 rack-8,OutOfMemory
container exited with code 137 OOMKilled cgroup memory limit exceeded cluster production worker pool,OutOfMemory
memory cgroup out of memory invoked oom-killer gfp_mask for worker worker-pod-04 metric threshold monitored by prometheus,OutOfMemory
kernel killed process task-runner-0 due to host memory starvation timestamp 2026-09-29T15:00:35Z,OutOfMemory
Memory starvation detected node ip-10-0-16-26 condition MemoryPressure is true trace id 7f8a096 error context,OutOfMemory
Go runtime fatal out of memory unable to allocate heap arena zone us-east-1 rack-1,OutOfMemory
Process task-runner-3 killed by Linux OOM handler after consuming 98% RAM cluster production worker pool,OutOfMemory
Kubernetes evicted pod worker-pod-00 memory usage reached hard threshold limit metric threshold monitored by prometheus,OutOfMemory
V8 JavaScript heap out of memory allocation failed during build task timestamp 2026-09-29T15:00:40Z,OutOfMemory
Container worker worker-pod-02 terminated status code 137 cgroup oom trace id 7f8a101 error context,OutOfMemory
systemd-oomd triggered kill on slice user memory quota exhausted zone us-east-1 rack-6,OutOfMemory
Python MemoryError unable to allocate numpy array of size 24064MB cluster production worker pool,OutOfMemory
Host virtual memory exhausted swap limit reached killing runaway process metric threshold monitored by prometheus,OutOfMemory
FATAL: Out of memory: Kill process 4885 java total-vm:25088MB timestamp 2026-09-29T15:00:45Z,OutOfMemory
java.lang.OutOfMemoryError: Java heap space at array allocate trace id 7f8a106 error context,OutOfMemory
fatal error: runtime: out of memory allocating 46137344 bytes zone us-east-1 rack-11,OutOfMemory
container exited with code 137 OOMKilled cgroup memory limit exceeded cluster production worker pool,OutOfMemory
memory cgroup out of memory invoked oom-killer gfp_mask for worker worker-pod-01 metric threshold monitored by prometheus,OutOfMemory
kernel killed process task-runner-0 due to host memory starvation timestamp 2026-09-29T15:00:50Z,OutOfMemory
Memory starvation detected node ip-10-0-11-41 condition MemoryPressure is true trace id 7f8a111 error context,OutOfMemory
Go runtime fatal out of memory unable to allocate heap arena zone us-east-1 rack-4,OutOfMemory
Process task-runner-3 killed by Linux OOM handler after consuming 98% RAM cluster production worker pool,OutOfMemory
Kubernetes evicted pod worker-pod-06 memory usage reached hard threshold limit metric threshold monitored by prometheus,OutOfMemory
V8 JavaScript heap out of memory allocation failed during build task timestamp 2026-09-29T15:00:55Z,OutOfMemory
Container worker worker-pod-08 terminated status code 137 cgroup oom trace id 7f8a116 error context,OutOfMemory
systemd-oomd triggered kill on slice user memory quota exhausted zone us-east-1 rack-9,OutOfMemory
Python MemoryError unable to allocate numpy array of size 31744MB cluster production worker pool,OutOfMemory
Host virtual memory exhausted swap limit reached killing runaway process metric threshold monitored by prometheus,OutOfMemory
FATAL: Out of memory: Kill process 5440 java total-vm:32768MB timestamp 2026-09-29T15:00:00Z,OutOfMemory
java.lang.OutOfMemoryError: Java heap space at array allocate trace id 7f8a121 error context,OutOfMemory
fatal error: runtime: out of memory allocating 61865984 bytes zone us-east-1 rack-2,OutOfMemory
container exited with code 137 OOMKilled cgroup memory limit exceeded cluster production worker pool,OutOfMemory
memory cgroup out of memory invoked oom-killer gfp_mask for worker worker-pod-07 metric threshold monitored by prometheus,OutOfMemory
kernel killed process task-runner-0 due to host memory starvation timestamp 2026-09-29T15:00:05Z,OutOfMemory
Memory starvation detected node ip-10-0-6-56 condition MemoryPressure is true trace id 7f8a126 error context,OutOfMemory
Go runtime fatal out of memory unable to allocate heap arena zone us-east-1 rack-7,OutOfMemory
Process task-runner-3 killed by Linux OOM handler after consuming 98% RAM cluster production worker pool,OutOfMemory
Kubernetes evicted pod worker-pod-03 memory usage reached hard threshold limit metric threshold monitored by prometheus,OutOfMemory
V8 JavaScript heap out of memory allocation failed during build task timestamp 2026-09-29T15:00:10Z,OutOfMemory
Container worker worker-pod-05 terminated status code 137 cgroup oom trace id 7f8a131 error context,OutOfMemory
systemd-oomd triggered kill on slice user memory quota exhausted zone us-east-1 rack-0,OutOfMemory
Python MemoryError unable to allocate numpy array of size 6656MB cluster production worker pool,OutOfMemory
Host virtual memory exhausted swap limit reached killing runaway process metric threshold monitored by prometheus,OutOfMemory
FATAL: Out of memory: Kill process 5995 java total-vm:7680MB timestamp 2026-09-29T15:00:15Z,OutOfMemory
java.lang.OutOfMemoryError: Java heap space at array allocate trace id 7f8a136 error context,OutOfMemory
fatal error: runtime: out of memory allocating 10485760 bytes zone us-east-1 rack-5,OutOfMemory
container exited with code 137 OOMKilled cgroup memory limit exceeded cluster production worker pool,OutOfMemory
memory cgroup out of memory invoked oom-killer gfp_mask for worker worker-pod-04 metric threshold monitored by prometheus,OutOfMemory
kernel killed process task-runner-0 due to host memory starvation timestamp 2026-09-29T15:00:20Z,OutOfMemory
Memory starvation detected node ip-10-0-1-71 condition MemoryPressure is true trace id 7f8a141 error context,OutOfMemory
Go runtime fatal out of memory unable to allocate heap arena zone us-east-1 rack-10,OutOfMemory
Process task-runner-3 killed by Linux OOM handler after consuming 98% RAM cluster production worker pool,OutOfMemory
Kubernetes evicted pod worker-pod-00 memory usage reached hard threshold limit metric threshold monitored by prometheus,OutOfMemory
V8 JavaScript heap out of memory allocation failed during build task timestamp 2026-09-29T15:00:25Z,OutOfMemory
Container worker worker-pod-02 terminated status code 137 cgroup oom trace id 7f8a146 error context,OutOfMemory
systemd-oomd triggered kill on slice user memory quota exhausted zone us-east-1 rack-3,OutOfMemory
Python MemoryError unable to allocate numpy array of size 14336MB cluster production worker pool,OutOfMemory
Host virtual memory exhausted swap limit reached killing runaway process metric threshold monitored by prometheus,OutOfMemory
FATAL: Out of memory: Kill process 6550 java total-vm:15360MB timestamp 2026-09-29T15:00:30Z,OutOfMemory
java.lang.OutOfMemoryError: Java heap space at array allocate trace id 7f8a151 error context,OutOfMemory
fatal error: runtime: out of memory allocating 26214400 bytes zone us-east-1 rack-8,OutOfMemory
container exited with code 137 OOMKilled cgroup memory limit exceeded cluster production worker pool,OutOfMemory
memory cgroup out of memory invoked oom-killer gfp_mask for worker worker-pod-01 metric threshold monitored by prometheus,OutOfMemory
kernel killed process task-runner-0 due to host memory starvation timestamp 2026-09-29T15:00:35Z,OutOfMemory
Memory starvation detected node ip-10-0-16-86 condition MemoryPressure is true trace id 7f8a156 error context,OutOfMemory
Go runtime fatal out of memory unable to allocate heap arena zone us-east-1 rack-1,OutOfMemory
Process task-runner-3 killed by Linux OOM handler after consuming 98% RAM cluster production worker pool,OutOfMemory
Kubernetes evicted pod worker-pod-06 memory usage reached hard threshold limit metric threshold monitored by prometheus,OutOfMemory
V8 JavaScript heap out of memory allocation failed during build task timestamp 2026-09-29T15:00:40Z,OutOfMemory
Container worker worker-pod-08 terminated status code 137 cgroup oom trace id 7f8a161 error context,OutOfMemory
systemd-oomd triggered kill on slice user memory quota exhausted zone us-east-1 rack-6,OutOfMemory
Python MemoryError unable to allocate numpy array of size 22016MB cluster production worker pool,OutOfMemory
Host virtual memory exhausted swap limit reached killing runaway process metric threshold monitored by prometheus,OutOfMemory
FATAL: Out of memory: Kill process 7105 java total-vm:23040MB timestamp 2026-09-29T15:00:45Z,OutOfMemory
java.lang.OutOfMemoryError: Java heap space at array allocate trace id 7f8a166 error context,OutOfMemory
fatal error: runtime: out of memory allocating 41943040 bytes zone us-east-1 rack-11,OutOfMemory
container exited with code 137 OOMKilled cgroup memory limit exceeded cluster production worker pool,OutOfMemory
memory cgroup out of memory invoked oom-killer gfp_mask for worker worker-pod-07 metric threshold monitored by prometheus,OutOfMemory
kernel killed process task-runner-0 due to host memory starvation timestamp 2026-09-29T15:00:50Z,OutOfMemory
Memory starvation detected node ip-10-0-11-21 condition MemoryPressure is true trace id 7f8a171 error context,OutOfMemory
Go runtime fatal out of memory unable to allocate heap arena zone us-east-1 rack-4,OutOfMemory
Process task-runner-3 killed by Linux OOM handler after consuming 98% RAM cluster production worker pool,OutOfMemory
Kubernetes evicted pod worker-pod-03 memory usage reached hard threshold limit metric threshold monitored by prometheus,OutOfMemory
V8 JavaScript heap out of memory allocation failed during build task timestamp 2026-09-29T15:00:55Z,OutOfMemory
Container worker worker-pod-05 terminated status code 137 cgroup oom trace id 7f8a176 error context,OutOfMemory
systemd-oomd triggered kill on slice user memory quota exhausted zone us-east-1 rack-9,OutOfMemory
Python MemoryError unable to allocate numpy array of size 29696MB cluster production worker pool,OutOfMemory
Host virtual memory exhausted swap limit reached killing runaway process metric threshold monitored by prometheus,OutOfMemory
FATAL: Out of memory: Kill process 7660 java total-vm:30720MB timestamp 2026-09-29T15:00:00Z,OutOfMemory
java.lang.OutOfMemoryError: Java heap space at array allocate trace id 7f8a181 error context,OutOfMemory
fatal error: runtime: out of memory allocating 57671680 bytes zone us-east-1 rack-2,OutOfMemory
container exited with code 137 OOMKilled cgroup memory limit exceeded cluster production worker pool,OutOfMemory
memory cgroup out of memory invoked oom-killer gfp_mask for worker worker-pod-04 metric threshold monitored by prometheus,OutOfMemory
kernel killed process task-runner-0 due to host memory starvation timestamp 2026-09-29T15:00:05Z,OutOfMemory
Memory starvation detected node ip-10-0-6-36 condition MemoryPressure is true trace id 7f8a186 error context,OutOfMemory
Go runtime fatal out of memory unable to allocate heap arena zone us-east-1 rack-7,OutOfMemory
Process task-runner-3 killed by Linux OOM handler after consuming 98% RAM cluster production worker pool,OutOfMemory
Kubernetes evicted pod worker-pod-00 memory usage reached hard threshold limit metric threshold monitored by prometheus,OutOfMemory
V8 JavaScript heap out of memory allocation failed during build task timestamp 2026-09-29T15:00:10Z,OutOfMemory
Container worker worker-pod-02 terminated status code 137 cgroup oom trace id 7f8a191 error context,OutOfMemory
systemd-oomd triggered kill on slice user memory quota exhausted zone us-east-1 rack-0,OutOfMemory
Python MemoryError unable to allocate numpy array of size 4608MB cluster production worker pool,OutOfMemory
Host virtual memory exhausted swap limit reached killing runaway process metric threshold monitored by prometheus,OutOfMemory
FATAL: Out of memory: Kill process 8215 java total-vm:5632MB timestamp 2026-09-29T15:00:15Z,OutOfMemory
java.lang.OutOfMemoryError: Java heap space at array allocate trace id 7f8a196 error context,OutOfMemory
fatal error: runtime: out of memory allocating 6291456 bytes zone us-east-1 rack-5,OutOfMemory
container exited with code 137 OOMKilled cgroup memory limit exceeded cluster production worker pool,OutOfMemory
memory cgroup out of memory invoked oom-killer gfp_mask for worker worker-pod-01 metric threshold monitored by prometheus,OutOfMemory
kernel killed process task-runner-0 due to host memory starvation timestamp 2026-09-29T15:00:20Z,OutOfMemory
Memory starvation detected node ip-10-0-1-51 condition MemoryPressure is true trace id 7f8a201 error context,OutOfMemory
Go runtime fatal out of memory unable to allocate heap arena zone us-east-1 rack-10,OutOfMemory
Process task-runner-3 killed by Linux OOM handler after consuming 98% RAM cluster production worker pool,OutOfMemory
Kubernetes evicted pod worker-pod-06 memory usage reached hard threshold limit metric threshold monitored by prometheus,OutOfMemory
V8 JavaScript heap out of memory allocation failed during build task timestamp 2026-09-29T15:00:25Z,OutOfMemory
Container worker worker-pod-08 terminated status code 137 cgroup oom trace id 7f8a206 error context,OutOfMemory
systemd-oomd triggered kill on slice user memory quota exhausted zone us-east-1 rack-3,OutOfMemory
Python MemoryError unable to allocate numpy array of size 12288MB cluster production worker pool,OutOfMemory
Host virtual memory exhausted swap limit reached killing runaway process metric threshold monitored by prometheus,OutOfMemory
FATAL: Out of memory: Kill process 8770 java total-vm:13312MB timestamp 2026-09-29T15:00:30Z,OutOfMemory
java.lang.OutOfMemoryError: Java heap space at array allocate trace id 7f8a211 error context,OutOfMemory
fatal error: runtime: out of memory allocating 22020096 bytes zone us-east-1 rack-8,OutOfMemory
container exited with code 137 OOMKilled cgroup memory limit exceeded cluster production worker pool,OutOfMemory
memory cgroup out of memory invoked oom-killer gfp_mask for worker worker-pod-07 metric threshold monitored by prometheus,OutOfMemory
kernel killed process task-runner-0 due to host memory starvation timestamp 2026-09-29T15:00:35Z,OutOfMemory
Memory starvation detected node ip-10-0-16-66 condition MemoryPressure is true trace id 7f8a216 error context,OutOfMemory
Go runtime fatal out of memory unable to allocate heap arena zone us-east-1 rack-1,OutOfMemory
Process task-runner-3 killed by Linux OOM handler after consuming 98% RAM cluster production worker pool,OutOfMemory
Kubernetes evicted pod worker-pod-03 memory usage reached hard threshold limit metric threshold monitored by prometheus,OutOfMemory
V8 JavaScript heap out of memory allocation failed during build task timestamp 2026-09-29T15:00:40Z,OutOfMemory
Container worker worker-pod-05 terminated status code 137 cgroup oom trace id 7f8a221 error context,OutOfMemory
systemd-oomd triggered kill on slice user memory quota exhausted zone us-east-1 rack-6,OutOfMemory
Python MemoryError unable to allocate numpy array of size 19968MB cluster production worker pool,OutOfMemory
Host virtual memory exhausted swap limit reached killing runaway process metric threshold monitored by prometheus,OutOfMemory
FATAL: Out of memory: Kill process 9325 java total-vm:20992MB timestamp 2026-09-29T15:00:45Z,OutOfMemory
java.lang.OutOfMemoryError: Java heap space at array allocate trace id 7f8a226 error context,OutOfMemory
fatal error: runtime: out of memory allocating 37748736 bytes zone us-east-1 rack-11,OutOfMemory
container exited with code 137 OOMKilled cgroup memory limit exceeded cluster production worker pool,OutOfMemory
memory cgroup out of memory invoked oom-killer gfp_mask for worker worker-pod-04 metric threshold monitored by prometheus,OutOfMemory
kernel killed process task-runner-0 due to host memory starvation timestamp 2026-09-29T15:00:50Z,OutOfMemory
Memory starvation detected node ip-10-0-11-81 condition MemoryPressure is true trace id 7f8a231 error context,OutOfMemory
Go runtime fatal out of memory unable to allocate heap arena zone us-east-1 rack-4,OutOfMemory
Process task-runner-3 killed by Linux OOM handler after consuming 98% RAM cluster production worker pool,OutOfMemory
Kubernetes evicted pod worker-pod-00 memory usage reached hard threshold limit metric threshold monitored by prometheus,OutOfMemory
V8 JavaScript heap out of memory allocation failed during build task timestamp 2026-09-29T15:00:55Z,OutOfMemory
Container worker worker-pod-02 terminated status code 137 cgroup oom trace id 7f8a236 error context,OutOfMemory
systemd-oomd triggered kill on slice user memory quota exhausted zone us-east-1 rack-9,OutOfMemory
Python MemoryError unable to allocate numpy array of size 27648MB cluster production worker pool,OutOfMemory
Host virtual memory exhausted swap limit reached killing runaway process metric threshold monitored by prometheus,OutOfMemory
FATAL: Out of memory: Kill process 9880 java total-vm:28672MB timestamp 2026-09-29T15:00:00Z,OutOfMemory
java.lang.OutOfMemoryError: Java heap space at array allocate trace id 7f8a241 error context,OutOfMemory
fatal error: runtime: out of memory allocating 53477376 bytes zone us-east-1 rack-2,OutOfMemory
container exited with code 137 OOMKilled cgroup memory limit exceeded cluster production worker pool,OutOfMemory
memory cgroup out of memory invoked oom-killer gfp_mask for worker worker-pod-01 metric threshold monitored by prometheus,OutOfMemory
kernel killed process task-runner-0 due to host memory starvation timestamp 2026-09-29T15:00:05Z,OutOfMemory
Memory starvation detected node ip-10-0-6-16 condition MemoryPressure is true trace id 7f8a246 error context,OutOfMemory
Go runtime fatal out of memory unable to allocate heap arena zone us-east-1 rack-7,OutOfMemory
Process task-runner-3 killed by Linux OOM handler after consuming 98% RAM cluster production worker pool,OutOfMemory
Kubernetes evicted pod worker-pod-06 memory usage reached hard threshold limit metric threshold monitored by prometheus,OutOfMemory
ERROR: connection pool exhausted active: 100 idle: 0 timeout: 30s,DBPoolExhausted
org.postgresql.util.PSQLException: FATAL: remaining connection slots are reserved,DBPoolExhausted
HikariPool-1 - Connection is not available request timed out after 30000ms,DBPoolExhausted
dial tcp 10.0.4.12:5432: too many connections to database server,DBPoolExhausted
SQLSTATE 53300 too many clients already connected to postgres instance,DBPoolExhausted
database max client connections reached cannot acquire lock for read query,DBPoolExhausted
MySQL server has gone away error 2006 pool connection dropped by peer,DBPoolExhausted
Connection pool starvation detected 128 pending queries waiting on db socket,DBPoolExhausted
Deadlock found when trying to get lock try restarting transaction in table orders,DBPoolExhausted
PostgreSQL backend connection slot limit exceeded connection rejected,DBPoolExhausted
HikariCP pool housekeeper thread reporting 0 free connections across workers,DBPoolExhausted
Redis connection pool timeout unable to lease client within 5000ms,DBPoolExhausted
Database pool cap reached active connections 250 max limit 250,DBPoolExhausted
Timeout waiting for idle database connection from master replica pool,DBPoolExhausted
Prisma client error timed out fetching connection from pool after 15s,DBPoolExhausted
ERROR: connection pool exhausted active: 100 idle: 0 timeout: 30s timestamp 2026-09-29T15:00:15Z,DBPoolExhausted
org.postgresql.util.PSQLException: FATAL: remaining connection slots are reserved trace id 7f8a016 error context,DBPoolExhausted
HikariPool-1 - Connection is not available request timed out after 30000ms zone us-east-1 rack-5,DBPoolExhausted
dial tcp 10.0.4.12:5432: too many connections to database server cluster production worker pool,DBPoolExhausted
SQLSTATE 53300 too many clients already connected to postgres instance metric threshold monitored by prometheus,DBPoolExhausted
database max client connections reached cannot acquire lock for read query timestamp 2026-09-29T15:00:20Z,DBPoolExhausted
MySQL server has gone away error 2006 pool connection dropped by peer trace id 7f8a021 error context,DBPoolExhausted
Connection pool starvation detected 128 pending queries waiting on db socket zone us-east-1 rack-10,DBPoolExhausted
Deadlock found when trying to get lock try restarting transaction in table orders cluster production worker pool,DBPoolExhausted
PostgreSQL backend connection slot limit exceeded connection rejected metric threshold monitored by prometheus,DBPoolExhausted
HikariCP pool housekeeper thread reporting 0 free connections across workers timestamp 2026-09-29T15:00:25Z,DBPoolExhausted
Redis connection pool timeout unable to lease client within 5000ms trace id 7f8a026 error context,DBPoolExhausted
Database pool cap reached active connections 250 max limit 250 zone us-east-1 rack-3,DBPoolExhausted
Timeout waiting for idle database connection from master replica pool cluster production worker pool,DBPoolExhausted
Prisma client error timed out fetching connection from pool after 15s metric threshold monitored by prometheus,DBPoolExhausted
ERROR: connection pool exhausted active: 100 idle: 0 timeout: 30s timestamp 2026-09-29T15:00:30Z,DBPoolExhausted
org.postgresql.util.PSQLException: FATAL: remaining connection slots are reserved trace id 7f8a031 error context,DBPoolExhausted
HikariPool-1 - Connection is not available request timed out after 30000ms zone us-east-1 rack-8,DBPoolExhausted
dial tcp 10.0.4.12:5432: too many connections to database server cluster production worker pool,DBPoolExhausted
SQLSTATE 53300 too many clients already connected to postgres instance metric threshold monitored by prometheus,DBPoolExhausted
database max client connections reached cannot acquire lock for read query timestamp 2026-09-29T15:00:35Z,DBPoolExhausted
MySQL server has gone away error 2006 pool connection dropped by peer trace id 7f8a036 error context,DBPoolExhausted
Connection pool starvation detected 128 pending queries waiting on db socket zone us-east-1 rack-1,DBPoolExhausted
Deadlock found when trying to get lock try restarting transaction in table orders cluster production worker pool,DBPoolExhausted
PostgreSQL backend connection slot limit exceeded connection rejected metric threshold monitored by prometheus,DBPoolExhausted
HikariCP pool housekeeper thread reporting 0 free connections across workers timestamp 2026-09-29T15:00:40Z,DBPoolExhausted
Redis connection pool timeout unable to lease client within 5000ms trace id 7f8a041 error context,DBPoolExhausted
Database pool cap reached active connections 250 max limit 250 zone us-east-1 rack-6,DBPoolExhausted
Timeout waiting for idle database connection from master replica pool cluster production worker pool,DBPoolExhausted
Prisma client error timed out fetching connection from pool after 15s metric threshold monitored by prometheus,DBPoolExhausted
ERROR: connection pool exhausted active: 100 idle: 0 timeout: 30s timestamp 2026-09-29T15:00:45Z,DBPoolExhausted
org.postgresql.util.PSQLException: FATAL: remaining connection slots are reserved trace id 7f8a046 error context,DBPoolExhausted
HikariPool-1 - Connection is not available request timed out after 30000ms zone us-east-1 rack-11,DBPoolExhausted
dial tcp 10.0.4.12:5432: too many connections to database server cluster production worker pool,DBPoolExhausted
SQLSTATE 53300 too many clients already connected to postgres instance metric threshold monitored by prometheus,DBPoolExhausted
database max client connections reached cannot acquire lock for read query timestamp 2026-09-29T15:00:50Z,DBPoolExhausted
MySQL server has gone away error 2006 pool connection dropped by peer trace id 7f8a051 error context,DBPoolExhausted
Connection pool starvation detected 128 pending queries waiting on db socket zone us-east-1 rack-4,DBPoolExhausted
Deadlock found when trying to get lock try restarting transaction in table orders cluster production worker pool,DBPoolExhausted
PostgreSQL backend connection slot limit exceeded connection rejected metric threshold monitored by prometheus,DBPoolExhausted
HikariCP pool housekeeper thread reporting 0 free connections across workers timestamp 2026-09-29T15:00:55Z,DBPoolExhausted
Redis connection pool timeout unable to lease client within 5000ms trace id 7f8a056 error context,DBPoolExhausted
Database pool cap reached active connections 250 max limit 250 zone us-east-1 rack-9,DBPoolExhausted
Timeout waiting for idle database connection from master replica pool cluster production worker pool,DBPoolExhausted
Prisma client error timed out fetching connection from pool after 15s metric threshold monitored by prometheus,DBPoolExhausted
ERROR: connection pool exhausted active: 100 idle: 0 timeout: 30s timestamp 2026-09-29T15:00:00Z,DBPoolExhausted
org.postgresql.util.PSQLException: FATAL: remaining connection slots are reserved trace id 7f8a061 error context,DBPoolExhausted
HikariPool-1 - Connection is not available request timed out after 30000ms zone us-east-1 rack-2,DBPoolExhausted
dial tcp 10.0.4.12:5432: too many connections to database server cluster production worker pool,DBPoolExhausted
SQLSTATE 53300 too many clients already connected to postgres instance metric threshold monitored by prometheus,DBPoolExhausted
database max client connections reached cannot acquire lock for read query timestamp 2026-09-29T15:00:05Z,DBPoolExhausted
MySQL server has gone away error 2006 pool connection dropped by peer trace id 7f8a066 error context,DBPoolExhausted
Connection pool starvation detected 128 pending queries waiting on db socket zone us-east-1 rack-7,DBPoolExhausted
Deadlock found when trying to get lock try restarting transaction in table orders cluster production worker pool,DBPoolExhausted
PostgreSQL backend connection slot limit exceeded connection rejected metric threshold monitored by prometheus,DBPoolExhausted
HikariCP pool housekeeper thread reporting 0 free connections across workers timestamp 2026-09-29T15:00:10Z,DBPoolExhausted
Redis connection pool timeout unable to lease client within 5000ms trace id 7f8a071 error context,DBPoolExhausted
Database pool cap reached active connections 250 max limit 250 zone us-east-1 rack-0,DBPoolExhausted
Timeout waiting for idle database connection from master replica pool cluster production worker pool,DBPoolExhausted
Prisma client error timed out fetching connection from pool after 15s metric threshold monitored by prometheus,DBPoolExhausted
ERROR: connection pool exhausted active: 100 idle: 0 timeout: 30s timestamp 2026-09-29T15:00:15Z,DBPoolExhausted
org.postgresql.util.PSQLException: FATAL: remaining connection slots are reserved trace id 7f8a076 error context,DBPoolExhausted
HikariPool-1 - Connection is not available request timed out after 30000ms zone us-east-1 rack-5,DBPoolExhausted
dial tcp 10.0.4.12:5432: too many connections to database server cluster production worker pool,DBPoolExhausted
SQLSTATE 53300 too many clients already connected to postgres instance metric threshold monitored by prometheus,DBPoolExhausted
database max client connections reached cannot acquire lock for read query timestamp 2026-09-29T15:00:20Z,DBPoolExhausted
MySQL server has gone away error 2006 pool connection dropped by peer trace id 7f8a081 error context,DBPoolExhausted
Connection pool starvation detected 128 pending queries waiting on db socket zone us-east-1 rack-10,DBPoolExhausted
Deadlock found when trying to get lock try restarting transaction in table orders cluster production worker pool,DBPoolExhausted
PostgreSQL backend connection slot limit exceeded connection rejected metric threshold monitored by prometheus,DBPoolExhausted
HikariCP pool housekeeper thread reporting 0 free connections across workers timestamp 2026-09-29T15:00:25Z,DBPoolExhausted
Redis connection pool timeout unable to lease client within 5000ms trace id 7f8a086 error context,DBPoolExhausted
Database pool cap reached active connections 250 max limit 250 zone us-east-1 rack-3,DBPoolExhausted
Timeout waiting for idle database connection from master replica pool cluster production worker pool,DBPoolExhausted
Prisma client error timed out fetching connection from pool after 15s metric threshold monitored by prometheus,DBPoolExhausted
ERROR: connection pool exhausted active: 100 idle: 0 timeout: 30s timestamp 2026-09-29T15:00:30Z,DBPoolExhausted
org.postgresql.util.PSQLException: FATAL: remaining connection slots are reserved trace id 7f8a091 error context,DBPoolExhausted
HikariPool-1 - Connection is not available request timed out after 30000ms zone us-east-1 rack-8,DBPoolExhausted
dial tcp 10.0.4.12:5432: too many connections to database server cluster production worker pool,DBPoolExhausted
SQLSTATE 53300 too many clients already connected to postgres instance metric threshold monitored by prometheus,DBPoolExhausted
database max client connections reached cannot acquire lock for read query timestamp 2026-09-29T15:00:35Z,DBPoolExhausted
MySQL server has gone away error 2006 pool connection dropped by peer trace id 7f8a096 error context,DBPoolExhausted
Connection pool starvation detected 128 pending queries waiting on db socket zone us-east-1 rack-1,DBPoolExhausted
Deadlock found when trying to get lock try restarting transaction in table orders cluster production worker pool,DBPoolExhausted
PostgreSQL backend connection slot limit exceeded connection rejected metric threshold monitored by prometheus,DBPoolExhausted
HikariCP pool housekeeper thread reporting 0 free connections across workers timestamp 2026-09-29T15:00:40Z,DBPoolExhausted
Redis connection pool timeout unable to lease client within 5000ms trace id 7f8a101 error context,DBPoolExhausted
Database pool cap reached active connections 250 max limit 250 zone us-east-1 rack-6,DBPoolExhausted
Timeout waiting for idle database connection from master replica pool cluster production worker pool,DBPoolExhausted
Prisma client error timed out fetching connection from pool after 15s metric threshold monitored by prometheus,DBPoolExhausted
ERROR: connection pool exhausted active: 100 idle: 0 timeout: 30s timestamp 2026-09-29T15:00:45Z,DBPoolExhausted
org.postgresql.util.PSQLException: FATAL: remaining connection slots are reserved trace id 7f8a106 error context,DBPoolExhausted
HikariPool-1 - Connection is not available request timed out after 30000ms zone us-east-1 rack-11,DBPoolExhausted
dial tcp 10.0.4.12:5432: too many connections to database server cluster production worker pool,DBPoolExhausted
SQLSTATE 53300 too many clients already connected to postgres instance metric threshold monitored by prometheus,DBPoolExhausted
database max client connections reached cannot acquire lock for read query timestamp 2026-09-29T15:00:50Z,DBPoolExhausted
MySQL server has gone away error 2006 pool connection dropped by peer trace id 7f8a111 error context,DBPoolExhausted
Connection pool starvation detected 128 pending queries waiting on db socket zone us-east-1 rack-4,DBPoolExhausted
Deadlock found when trying to get lock try restarting transaction in table orders cluster production worker pool,DBPoolExhausted
PostgreSQL backend connection slot limit exceeded connection rejected metric threshold monitored by prometheus,DBPoolExhausted
HikariCP pool housekeeper thread reporting 0 free connections across workers timestamp 2026-09-29T15:00:55Z,DBPoolExhausted
Redis connection pool timeout unable to lease client within 5000ms trace id 7f8a116 error context,DBPoolExhausted
Database pool cap reached active connections 250 max limit 250 zone us-east-1 rack-9,DBPoolExhausted
Timeout waiting for idle database connection from master replica pool cluster production worker pool,DBPoolExhausted
Prisma client error timed out fetching connection from pool after 15s metric threshold monitored by prometheus,DBPoolExhausted
ERROR: connection pool exhausted active: 100 idle: 0 timeout: 30s timestamp 2026-09-29T15:00:00Z,DBPoolExhausted
org.postgresql.util.PSQLException: FATAL: remaining connection slots are reserved trace id 7f8a121 error context,DBPoolExhausted
HikariPool-1 - Connection is not available request timed out after 30000ms zone us-east-1 rack-2,DBPoolExhausted
dial tcp 10.0.4.12:5432: too many connections to database server cluster production worker pool,DBPoolExhausted
SQLSTATE 53300 too many clients already connected to postgres instance metric threshold monitored by prometheus,DBPoolExhausted
database max client connections reached cannot acquire lock for read query timestamp 2026-09-29T15:00:05Z,DBPoolExhausted
MySQL server has gone away error 2006 pool connection dropped by peer trace id 7f8a126 error context,DBPoolExhausted
Connection pool starvation detected 128 pending queries waiting on db socket zone us-east-1 rack-7,DBPoolExhausted
Deadlock found when trying to get lock try restarting transaction in table orders cluster production worker pool,DBPoolExhausted
PostgreSQL backend connection slot limit exceeded connection rejected metric threshold monitored by prometheus,DBPoolExhausted
HikariCP pool housekeeper thread reporting 0 free connections across workers timestamp 2026-09-29T15:00:10Z,DBPoolExhausted
Redis connection pool timeout unable to lease client within 5000ms trace id 7f8a131 error context,DBPoolExhausted
Database pool cap reached active connections 250 max limit 250 zone us-east-1 rack-0,DBPoolExhausted
Timeout waiting for idle database connection from master replica pool cluster production worker pool,DBPoolExhausted
Prisma client error timed out fetching connection from pool after 15s metric threshold monitored by prometheus,DBPoolExhausted
ERROR: connection pool exhausted active: 100 idle: 0 timeout: 30s timestamp 2026-09-29T15:00:15Z,DBPoolExhausted
org.postgresql.util.PSQLException: FATAL: remaining connection slots are reserved trace id 7f8a136 error context,DBPoolExhausted
HikariPool-1 - Connection is not available request timed out after 30000ms zone us-east-1 rack-5,DBPoolExhausted
dial tcp 10.0.4.12:5432: too many connections to database server cluster production worker pool,DBPoolExhausted
SQLSTATE 53300 too many clients already connected to postgres instance metric threshold monitored by prometheus,DBPoolExhausted
database max client connections reached cannot acquire lock for read query timestamp 2026-09-29T15:00:20Z,DBPoolExhausted
MySQL server has gone away error 2006 pool connection dropped by peer trace id 7f8a141 error context,DBPoolExhausted
Connection pool starvation detected 128 pending queries waiting on db socket zone us-east-1 rack-10,DBPoolExhausted
Deadlock found when trying to get lock try restarting transaction in table orders cluster production worker pool,DBPoolExhausted
PostgreSQL backend connection slot limit exceeded connection rejected metric threshold monitored by prometheus,DBPoolExhausted
HikariCP pool housekeeper thread reporting 0 free connections across workers timestamp 2026-09-29T15:00:25Z,DBPoolExhausted
Redis connection pool timeout unable to lease client within 5000ms trace id 7f8a146 error context,DBPoolExhausted
Database pool cap reached active connections 250 max limit 250 zone us-east-1 rack-3,DBPoolExhausted
Timeout waiting for idle database connection from master replica pool cluster production worker pool,DBPoolExhausted
Prisma client error timed out fetching connection from pool after 15s metric threshold monitored by prometheus,DBPoolExhausted
ERROR: connection pool exhausted active: 100 idle: 0 timeout: 30s timestamp 2026-09-29T15:00:30Z,DBPoolExhausted
org.postgresql.util.PSQLException: FATAL: remaining connection slots are reserved trace id 7f8a151 error context,DBPoolExhausted
HikariPool-1 - Connection is not available request timed out after 30000ms zone us-east-1 rack-8,DBPoolExhausted
dial tcp 10.0.4.12:5432: too many connections to database server cluster production worker pool,DBPoolExhausted
SQLSTATE 53300 too many clients already connected to postgres instance metric threshold monitored by prometheus,DBPoolExhausted
database max client connections reached cannot acquire lock for read query timestamp 2026-09-29T15:00:35Z,DBPoolExhausted
MySQL server has gone away error 2006 pool connection dropped by peer trace id 7f8a156 error context,DBPoolExhausted
Connection pool starvation detected 128 pending queries waiting on db socket zone us-east-1 rack-1,DBPoolExhausted
Deadlock found when trying to get lock try restarting transaction in table orders cluster production worker pool,DBPoolExhausted
PostgreSQL backend connection slot limit exceeded connection rejected metric threshold monitored by prometheus,DBPoolExhausted
HikariCP pool housekeeper thread reporting 0 free connections across workers timestamp 2026-09-29T15:00:40Z,DBPoolExhausted
Redis connection pool timeout unable to lease client within 5000ms trace id 7f8a161 error context,DBPoolExhausted
Database pool cap reached active connections 250 max limit 250 zone us-east-1 rack-6,DBPoolExhausted
Timeout waiting for idle database connection from master replica pool cluster production worker pool,DBPoolExhausted
Prisma client error timed out fetching connection from pool after 15s metric threshold monitored by prometheus,DBPoolExhausted
ERROR: connection pool exhausted active: 100 idle: 0 timeout: 30s timestamp 2026-09-29T15:00:45Z,DBPoolExhausted
org.postgresql.util.PSQLException: FATAL: remaining connection slots are reserved trace id 7f8a166 error context,DBPoolExhausted
HikariPool-1 - Connection is not available request timed out after 30000ms zone us-east-1 rack-11,DBPoolExhausted
dial tcp 10.0.4.12:5432: too many connections to database server cluster production worker pool,DBPoolExhausted
SQLSTATE 53300 too many clients already connected to postgres instance metric threshold monitored by prometheus,DBPoolExhausted
database max client connections reached cannot acquire lock for read query timestamp 2026-09-29T15:00:50Z,DBPoolExhausted
MySQL server has gone away error 2006 pool connection dropped by peer trace id 7f8a171 error context,DBPoolExhausted
Connection pool starvation detected 128 pending queries waiting on db socket zone us-east-1 rack-4,DBPoolExhausted
Deadlock found when trying to get lock try restarting transaction in table orders cluster production worker pool,DBPoolExhausted
PostgreSQL backend connection slot limit exceeded connection rejected metric threshold monitored by prometheus,DBPoolExhausted
HikariCP pool housekeeper thread reporting 0 free connections across workers timestamp 2026-09-29T15:00:55Z,DBPoolExhausted
Redis connection pool timeout unable to lease client within 5000ms trace id 7f8a176 error context,DBPoolExhausted
Database pool cap reached active connections 250 max limit 250 zone us-east-1 rack-9,DBPoolExhausted
Timeout waiting for idle database connection from master replica pool cluster production worker pool,DBPoolExhausted
Prisma client error timed out fetching connection from pool after 15s metric threshold monitored by prometheus,DBPoolExhausted
ERROR: connection pool exhausted active: 100 idle: 0 timeout: 30s timestamp 2026-09-29T15:00:00Z,DBPoolExhausted
org.postgresql.util.PSQLException: FATAL: remaining connection slots are reserved trace id 7f8a181 error context,DBPoolExhausted
HikariPool-1 - Connection is not available request timed out after 30000ms zone us-east-1 rack-2,DBPoolExhausted
dial tcp 10.0.4.12:5432: too many connections to database server cluster production worker pool,DBPoolExhausted
SQLSTATE 53300 too many clients already connected to postgres instance metric threshold monitored by prometheus,DBPoolExhausted
database max client connections reached cannot acquire lock for read query timestamp 2026-09-29T15:00:05Z,DBPoolExhausted
MySQL server has gone away error 2006 pool connection dropped by peer trace id 7f8a186 error context,DBPoolExhausted
Connection pool starvation detected 128 pending queries waiting on db socket zone us-east-1 rack-7,DBPoolExhausted
Deadlock found when trying to get lock try restarting transaction in table orders cluster production worker pool,DBPoolExhausted
PostgreSQL backend connection slot limit exceeded connection rejected metric threshold monitored by prometheus,DBPoolExhausted
HikariCP pool housekeeper thread reporting 0 free connections across workers timestamp 2026-09-29T15:00:10Z,DBPoolExhausted
Redis connection pool timeout unable to lease client within 5000ms trace id 7f8a191 error context,DBPoolExhausted
Database pool cap reached active connections 250 max limit 250 zone us-east-1 rack-0,DBPoolExhausted
Timeout waiting for idle database connection from master replica pool cluster production worker pool,DBPoolExhausted
Prisma client error timed out fetching connection from pool after 15s metric threshold monitored by prometheus,DBPoolExhausted
ERROR: connection pool exhausted active: 100 idle: 0 timeout: 30s timestamp 2026-09-29T15:00:15Z,DBPoolExhausted
org.postgresql.util.PSQLException: FATAL: remaining connection slots are reserved trace id 7f8a196 error context,DBPoolExhausted
HikariPool-1 - Connection is not available request timed out after 30000ms zone us-east-1 rack-5,DBPoolExhausted
dial tcp 10.0.4.12:5432: too many connections to database server cluster production worker pool,DBPoolExhausted
SQLSTATE 53300 too many clients already connected to postgres instance metric threshold monitored by prometheus,DBPoolExhausted
database max client connections reached cannot acquire lock for read query timestamp 2026-09-29T15:00:20Z,DBPoolExhausted
MySQL server has gone away error 2006 pool connection dropped by peer trace id 7f8a201 error context,DBPoolExhausted
Connection pool starvation detected 128 pending queries waiting on db socket zone us-east-1 rack-10,DBPoolExhausted
Deadlock found when trying to get lock try restarting transaction in table orders cluster production worker pool,DBPoolExhausted
PostgreSQL backend connection slot limit exceeded connection rejected metric threshold monitored by prometheus,DBPoolExhausted
HikariCP pool housekeeper thread reporting 0 free connections across workers timestamp 2026-09-29T15:00:25Z,DBPoolExhausted
Redis connection pool timeout unable to lease client within 5000ms trace id 7f8a206 error context,DBPoolExhausted
Database pool cap reached active connections 250 max limit 250 zone us-east-1 rack-3,DBPoolExhausted
Timeout waiting for idle database connection from master replica pool cluster production worker pool,DBPoolExhausted
Prisma client error timed out fetching connection from pool after 15s metric threshold monitored by prometheus,DBPoolExhausted
ERROR: connection pool exhausted active: 100 idle: 0 timeout: 30s timestamp 2026-09-29T15:00:30Z,DBPoolExhausted
org.postgresql.util.PSQLException: FATAL: remaining connection slots are reserved trace id 7f8a211 error context,DBPoolExhausted
HikariPool-1 - Connection is not available request timed out after 30000ms zone us-east-1 rack-8,DBPoolExhausted
dial tcp 10.0.4.12:5432: too many connections to database server cluster production worker pool,DBPoolExhausted
SQLSTATE 53300 too many clients already connected to postgres instance metric threshold monitored by prometheus,DBPoolExhausted
database max client connections reached cannot acquire lock for read query timestamp 2026-09-29T15:00:35Z,DBPoolExhausted
MySQL server has gone away error 2006 pool connection dropped by peer trace id 7f8a216 error context,DBPoolExhausted
Connection pool starvation detected 128 pending queries waiting on db socket zone us-east-1 rack-1,DBPoolExhausted
Deadlock found when trying to get lock try restarting transaction in table orders cluster production worker pool,DBPoolExhausted
PostgreSQL backend connection slot limit exceeded connection rejected metric threshold monitored by prometheus,DBPoolExhausted
HikariCP pool housekeeper thread reporting 0 free connections across workers timestamp 2026-09-29T15:00:40Z,DBPoolExhausted
Redis connection pool timeout unable to lease client within 5000ms trace id 7f8a221 error context,DBPoolExhausted
Database pool cap reached active connections 250 max limit 250 zone us-east-1 rack-6,DBPoolExhausted
Timeout waiting for idle database connection from master replica pool cluster production worker pool,DBPoolExhausted
Prisma client error timed out fetching connection from pool after 15s metric threshold monitored by prometheus,DBPoolExhausted
ERROR: connection pool exhausted active: 100 idle: 0 timeout: 30s timestamp 2026-09-29T15:00:45Z,DBPoolExhausted
org.postgresql.util.PSQLException: FATAL: remaining connection slots are reserved trace id 7f8a226 error context,DBPoolExhausted
HikariPool-1 - Connection is not available request timed out after 30000ms zone us-east-1 rack-11,DBPoolExhausted
dial tcp 10.0.4.12:5432: too many connections to database server cluster production worker pool,DBPoolExhausted
SQLSTATE 53300 too many clients already connected to postgres instance metric threshold monitored by prometheus,DBPoolExhausted
database max client connections reached cannot acquire lock for read query timestamp 2026-09-29T15:00:50Z,DBPoolExhausted
MySQL server has gone away error 2006 pool connection dropped by peer trace id 7f8a231 error context,DBPoolExhausted
Connection pool starvation detected 128 pending queries waiting on db socket zone us-east-1 rack-4,DBPoolExhausted
Deadlock found when trying to get lock try restarting transaction in table orders cluster production worker pool,DBPoolExhausted
PostgreSQL backend connection slot limit exceeded connection rejected metric threshold monitored by prometheus,DBPoolExhausted
HikariCP pool housekeeper thread reporting 0 free connections across workers timestamp 2026-09-29T15:00:55Z,DBPoolExhausted
Redis connection pool timeout unable to lease client within 5000ms trace id 7f8a236 error context,DBPoolExhausted
Database pool cap reached active connections 250 max limit 250 zone us-east-1 rack-9,DBPoolExhausted
Timeout waiting for idle database connection from master replica pool cluster production worker pool,DBPoolExhausted
Prisma client error timed out fetching connection from pool after 15s metric threshold monitored by prometheus,DBPoolExhausted
ERROR: connection pool exhausted active: 100 idle: 0 timeout: 30s timestamp 2026-09-29T15:00:00Z,DBPoolExhausted
org.postgresql.util.PSQLException: FATAL: remaining connection slots are reserved trace id 7f8a241 error context,DBPoolExhausted
HikariPool-1 - Connection is not available request timed out after 30000ms zone us-east-1 rack-2,DBPoolExhausted
dial tcp 10.0.4.12:5432: too many connections to database server cluster production worker pool,DBPoolExhausted
SQLSTATE 53300 too many clients already connected to postgres instance metric threshold monitored by prometheus,DBPoolExhausted
database max client connections reached cannot acquire lock for read query timestamp 2026-09-29T15:00:05Z,DBPoolExhausted
MySQL server has gone away error 2006 pool connection dropped by peer trace id 7f8a246 error context,DBPoolExhausted
Connection pool starvation detected 128 pending queries waiting on db socket zone us-east-1 rack-7,DBPoolExhausted
Deadlock found when trying to get lock try restarting transaction in table orders cluster production worker pool,DBPoolExhausted
PostgreSQL backend connection slot limit exceeded connection rejected metric threshold monitored by prometheus,DBPoolExhausted
WARN: sshd[1000]: Failed password for invalid user root from 192.168.0.0,AuthBruteForce
SECURITY ALERT: 250 failed login attempts in 60 seconds from single IP 192.168.7.13,AuthBruteForce
PAM 2 more authentication failures logname= uid=0 euid=0 tty=ssh rhost=192.168.14.26,AuthBruteForce
iptables drop repetitive ssh brute force attempt on port 22 from 192.168.21.39,AuthBruteForce
unauthorized access token probe repeatedly rejected by api gateway 192.168.28.52,AuthBruteForce
repeated ssh authentication breach attempt detected from subnet 192.168.35.65,AuthBruteForce
WAF rule trigger: rate limit exceeded for authentication endpoint from 192.168.42.78,AuthBruteForce
Suricata IDS alert: possible SSH password guessing attack detected,AuthBruteForce
Fail2ban banned host 192.168.56.104 for 3600 seconds after 10 failed login attempts,AuthBruteForce
Security event: multiple Kerberos ticket granting failures for admin account,AuthBruteForce
Unauthorized credential stuffing pattern detected on /api/v1/auth/login,AuthBruteForce
Repeated invalid MFA token submissions from client IP 192.168.77.143,AuthBruteForce
Brute force signature matched high velocity HTTP 401 unauthorized responses,AuthBruteForce
Nginx ingress blocked malicious scanning probe hitting admin login route,AuthBruteForce
Suspicious login burst 500 requests per minute from blacklisted ASN,AuthBruteForce
WARN: sshd[1555]: Failed password for invalid user root from 192.168.105.195 timestamp 2026-09-29T15:00:15Z,AuthBruteForce
SECURITY ALERT: 250 failed login attempts in 60 seconds from single IP 192.168.112.208 trace id 7f8a016 error context,AuthBruteForce
PAM 2 more authentication failures logname= uid=0 euid=0 tty=ssh rhost=192.168.119.221 zone us-east-1 rack-5,AuthBruteForce
iptables drop repetitive ssh brute force attempt on port 22 from 192.168.126.234 cluster production worker pool,AuthBruteForce
unauthorized access token probe repeatedly rejected by api gateway 192.168.133.247 metric threshold monitored by prometheus,AuthBruteForce
repeated ssh authentication breach attempt detected from subnet 192.168.140.10 timestamp 2026-09-29T15:00:20Z,AuthBruteForce
WAF rule trigger: rate limit exceeded for authentication endpoint from 192.168.147.23 trace id 7f8a021 error context,AuthBruteForce
Suricata IDS alert: possible SSH password guessing attack detected zone us-east-1 rack-10,AuthBruteForce
Fail2ban banned host 192.168.161.49 for 3600 seconds after 10 failed login attempts cluster production worker pool,AuthBruteForce
Security event: multiple Kerberos ticket granting failures for admin account metric threshold monitored by prometheus,AuthBruteForce
Unauthorized credential stuffing pattern detected on /api/v1/auth/login timestamp 2026-09-29T15:00:25Z,AuthBruteForce
Repeated invalid MFA token submissions from client IP 192.168.182.88 trace id 7f8a026 error context,AuthBruteForce
Brute force signature matched high velocity HTTP 401 unauthorized responses zone us-east-1 rack-3,AuthBruteForce
Nginx ingress blocked malicious scanning probe hitting admin login route cluster production worker pool,AuthBruteForce
Suspicious login burst 500 requests per minute from blacklisted ASN metric threshold monitored by prometheus,AuthBruteForce
WARN: sshd[2110]: Failed password for invalid user root from 192.168.210.140 timestamp 2026-09-29T15:00:30Z,AuthBruteForce
SECURITY ALERT: 250 failed login attempts in 60 seconds from single IP 192.168.217.153 trace id 7f8a031 error context,AuthBruteForce
PAM 2 more authentication failures logname= uid=0 euid=0 tty=ssh rhost=192.168.224.166 zone us-east-1 rack-8,AuthBruteForce
iptables drop repetitive ssh brute force attempt on port 22 from 192.168.231.179 cluster production worker pool,AuthBruteForce
unauthorized access token probe repeatedly rejected by api gateway 192.168.238.192 metric threshold monitored by prometheus,AuthBruteForce
repeated ssh authentication breach attempt detected from subnet 192.168.245.205 timestamp 2026-09-29T15:00:35Z,AuthBruteForce
WAF rule trigger: rate limit exceeded for authentication endpoint from 192.168.2.218 trace id 7f8a036 error context,AuthBruteForce
Suricata IDS alert: possible SSH password guessing attack detected zone us-east-1 rack-1,AuthBruteForce
Fail2ban banned host 192.168.16.244 for 3600 seconds after 10 failed login attempts cluster production worker pool,AuthBruteForce
Security event: multiple Kerberos ticket granting failures for admin account metric threshold monitored by prometheus,AuthBruteForce
Unauthorized credential stuffing pattern detected on /api/v1/auth/login timestamp 2026-09-29T15:00:40Z,AuthBruteForce
Repeated invalid MFA token submissions from client IP 192.168.37.33 trace id 7f8a041 error context,AuthBruteForce
Brute force signature matched high velocity HTTP 401 unauthorized responses zone us-east-1 rack-6,AuthBruteForce
Nginx ingress blocked malicious scanning probe hitting admin login route cluster production worker pool,AuthBruteForce
Suspicious login burst 500 requests per minute from blacklisted ASN metric threshold monitored by prometheus,AuthBruteForce
WARN: sshd[2665]: Failed password for invalid user root from 192.168.65.85 timestamp 2026-09-29T15:00:45Z,AuthBruteForce
SECURITY ALERT: 250 failed login attempts in 60 seconds from single IP 192.168.72.98 trace id 7f8a046 error context,AuthBruteForce
PAM 2 more authentication failures logname= uid=0 euid=0 tty=ssh rhost=192.168.79.111 zone us-east-1 rack-11,AuthBruteForce
iptables drop repetitive ssh brute force attempt on port 22 from 192.168.86.124 cluster production worker pool,AuthBruteForce
unauthorized access token probe repeatedly rejected by api gateway 192.168.93.137 metric threshold monitored by prometheus,AuthBruteForce
repeated ssh authentication breach attempt detected from subnet 192.168.100.150 timestamp 2026-09-29T15:00:50Z,AuthBruteForce
WAF rule trigger: rate limit exceeded for authentication endpoint from 192.168.107.163 trace id 7f8a051 error context,AuthBruteForce
Suricata IDS alert: possible SSH password guessing attack detected zone us-east-1 rack-4,AuthBruteForce
Fail2ban banned host 192.168.121.189 for 3600 seconds after 10 failed login attempts cluster production worker pool,AuthBruteForce
Security event: multiple Kerberos ticket granting failures for admin account metric threshold monitored by prometheus,AuthBruteForce
Unauthorized credential stuffing pattern detected on /api/v1/auth/login timestamp 2026-09-29T15:00:55Z,AuthBruteForce
Repeated invalid MFA token submissions from client IP 192.168.142.228 trace id 7f8a056 error context,AuthBruteForce
Brute force signature matched high velocity HTTP 401 unauthorized responses zone us-east-1 rack-9,AuthBruteForce
Nginx ingress blocked malicious scanning probe hitting admin login route cluster production worker pool,AuthBruteForce
Suspicious login burst 500 requests per minute from blacklisted ASN metric threshold monitored by prometheus,AuthBruteForce
WARN: sshd[3220]: Failed password for invalid user root from 192.168.170.30 timestamp 2026-09-29T15:00:00Z,AuthBruteForce
SECURITY ALERT: 250 failed login attempts in 60 seconds from single IP 192.168.177.43 trace id 7f8a061 error context,AuthBruteForce
PAM 2 more authentication failures logname= uid=0 euid=0 tty=ssh rhost=192.168.184.56 zone us-east-1 rack-2,AuthBruteForce
iptables drop repetitive ssh brute force attempt on port 22 from 192.168.191.69 cluster production worker pool,AuthBruteForce
unauthorized access token probe repeatedly rejected by api gateway 192.168.198.82 metric threshold monitored by prometheus,AuthBruteForce
repeated ssh authentication breach attempt detected from subnet 192.168.205.95 timestamp 2026-09-29T15:00:05Z,AuthBruteForce
WAF rule trigger: rate limit exceeded for authentication endpoint from 192.168.212.108 trace id 7f8a066 error context,AuthBruteForce
Suricata IDS alert: possible SSH password guessing attack detected zone us-east-1 rack-7,AuthBruteForce
Fail2ban banned host 192.168.226.134 for 3600 seconds after 10 failed login attempts cluster production worker pool,AuthBruteForce
Security event: multiple Kerberos ticket granting failures for admin account metric threshold monitored by prometheus,AuthBruteForce
Unauthorized credential stuffing pattern detected on /api/v1/auth/login timestamp 2026-09-29T15:00:10Z,AuthBruteForce
Repeated invalid MFA token submissions from client IP 192.168.247.173 trace id 7f8a071 error context,AuthBruteForce
Brute force signature matched high velocity HTTP 401 unauthorized responses zone us-east-1 rack-0,AuthBruteForce
Nginx ingress blocked malicious scanning probe hitting admin login route cluster production worker pool,AuthBruteForce
Suspicious login burst 500 requests per minute from blacklisted ASN metric threshold monitored by prometheus,AuthBruteForce
WARN: sshd[3775]: Failed password for invalid user root from 192.168.25.225 timestamp 2026-09-29T15:00:15Z,AuthBruteForce
SECURITY ALERT: 250 failed login attempts in 60 seconds from single IP 192.168.32.238 trace id 7f8a076 error context,AuthBruteForce
PAM 2 more authentication failures logname= uid=0 euid=0 tty=ssh rhost=192.168.39.1 zone us-east-1 rack-5,AuthBruteForce
iptables drop repetitive ssh brute force attempt on port 22 from 192.168.46.14 cluster production worker pool,AuthBruteForce
unauthorized access token probe repeatedly rejected by api gateway 192.168.53.27 metric threshold monitored by prometheus,AuthBruteForce
repeated ssh authentication breach attempt detected from subnet 192.168.60.40 timestamp 2026-09-29T15:00:20Z,AuthBruteForce
WAF rule trigger: rate limit exceeded for authentication endpoint from 192.168.67.53 trace id 7f8a081 error context,AuthBruteForce
Suricata IDS alert: possible SSH password guessing attack detected zone us-east-1 rack-10,AuthBruteForce
Fail2ban banned host 192.168.81.79 for 3600 seconds after 10 failed login attempts cluster production worker pool,AuthBruteForce
Security event: multiple Kerberos ticket granting failures for admin account metric threshold monitored by prometheus,AuthBruteForce
Unauthorized credential stuffing pattern detected on /api/v1/auth/login timestamp 2026-09-29T15:00:25Z,AuthBruteForce
Repeated invalid MFA token submissions from client IP 192.168.102.118 trace id 7f8a086 error context,AuthBruteForce
Brute force signature matched high velocity HTTP 401 unauthorized responses zone us-east-1 rack-3,AuthBruteForce
Nginx ingress blocked malicious scanning probe hitting admin login route cluster production worker pool,AuthBruteForce
Suspicious login burst 500 requests per minute from blacklisted ASN metric threshold monitored by prometheus,AuthBruteForce
WARN: sshd[4330]: Failed password for invalid user root from 192.168.130.170 timestamp 2026-09-29T15:00:30Z,AuthBruteForce
SECURITY ALERT: 250 failed login attempts in 60 seconds from single IP 192.168.137.183 trace id 7f8a091 error context,AuthBruteForce
PAM 2 more authentication failures logname= uid=0 euid=0 tty=ssh rhost=192.168.144.196 zone us-east-1 rack-8,AuthBruteForce
iptables drop repetitive ssh brute force attempt on port 22 from 192.168.151.209 cluster production worker pool,AuthBruteForce
unauthorized access token probe repeatedly rejected by api gateway 192.168.158.222 metric threshold monitored by prometheus,AuthBruteForce
repeated ssh authentication breach attempt detected from subnet 192.168.165.235 timestamp 2026-09-29T15:00:35Z,AuthBruteForce
WAF rule trigger: rate limit exceeded for authentication endpoint from 192.168.172.248 trace id 7f8a096 error context,AuthBruteForce
Suricata IDS alert: possible SSH password guessing attack detected zone us-east-1 rack-1,AuthBruteForce
Fail2ban banned host 192.168.186.24 for 3600 seconds after 10 failed login attempts cluster production worker pool,AuthBruteForce
Security event: multiple Kerberos ticket granting failures for admin account metric threshold monitored by prometheus,AuthBruteForce
Unauthorized credential stuffing pattern detected on /api/v1/auth/login timestamp 2026-09-29T15:00:40Z,AuthBruteForce
Repeated invalid MFA token submissions from client IP 192.168.207.63 trace id 7f8a101 error context,AuthBruteForce
Brute force signature matched high velocity HTTP 401 unauthorized responses zone us-east-1 rack-6,AuthBruteForce
Nginx ingress blocked malicious scanning probe hitting admin login route cluster production worker pool,AuthBruteForce
Suspicious login burst 500 requests per minute from blacklisted ASN metric threshold monitored by prometheus,AuthBruteForce
WARN: sshd[4885]: Failed password for invalid user root from 192.168.235.115 timestamp 2026-09-29T15:00:45Z,AuthBruteForce
SECURITY ALERT: 250 failed login attempts in 60 seconds from single IP 192.168.242.128 trace id 7f8a106 error context,AuthBruteForce
PAM 2 more authentication failures logname= uid=0 euid=0 tty=ssh rhost=192.168.249.141 zone us-east-1 rack-11,AuthBruteForce
iptables drop repetitive ssh brute force attempt on port 22 from 192.168.6.154 cluster production worker pool,AuthBruteForce
unauthorized access token probe repeatedly rejected by api gateway 192.168.13.167 metric threshold monitored by prometheus,AuthBruteForce
repeated ssh authentication breach attempt detected from subnet 192.168.20.180 timestamp 2026-09-29T15:00:50Z,AuthBruteForce
WAF rule trigger: rate limit exceeded for authentication endpoint from 192.168.27.193 trace id 7f8a111 error context,AuthBruteForce
Suricata IDS alert: possible SSH password guessing attack detected zone us-east-1 rack-4,AuthBruteForce
Fail2ban banned host 192.168.41.219 for 3600 seconds after 10 failed login attempts cluster production worker pool,AuthBruteForce
Security event: multiple Kerberos ticket granting failures for admin account metric threshold monitored by prometheus,AuthBruteForce
Unauthorized credential stuffing pattern detected on /api/v1/auth/login timestamp 2026-09-29T15:00:55Z,AuthBruteForce
Repeated invalid MFA token submissions from client IP 192.168.62.8 trace id 7f8a116 error context,AuthBruteForce
Brute force signature matched high velocity HTTP 401 unauthorized responses zone us-east-1 rack-9,AuthBruteForce
Nginx ingress blocked malicious scanning probe hitting admin login route cluster production worker pool,AuthBruteForce
Suspicious login burst 500 requests per minute from blacklisted ASN metric threshold monitored by prometheus,AuthBruteForce
WARN: sshd[5440]: Failed password for invalid user root from 192.168.90.60 timestamp 2026-09-29T15:00:00Z,AuthBruteForce
SECURITY ALERT: 250 failed login attempts in 60 seconds from single IP 192.168.97.73 trace id 7f8a121 error context,AuthBruteForce
PAM 2 more authentication failures logname= uid=0 euid=0 tty=ssh rhost=192.168.104.86 zone us-east-1 rack-2,AuthBruteForce
iptables drop repetitive ssh brute force attempt on port 22 from 192.168.111.99 cluster production worker pool,AuthBruteForce
unauthorized access token probe repeatedly rejected by api gateway 192.168.118.112 metric threshold monitored by prometheus,AuthBruteForce
repeated ssh authentication breach attempt detected from subnet 192.168.125.125 timestamp 2026-09-29T15:00:05Z,AuthBruteForce
WAF rule trigger: rate limit exceeded for authentication endpoint from 192.168.132.138 trace id 7f8a126 error context,AuthBruteForce
Suricata IDS alert: possible SSH password guessing attack detected zone us-east-1 rack-7,AuthBruteForce
Fail2ban banned host 192.168.146.164 for 3600 seconds after 10 failed login attempts cluster production worker pool,AuthBruteForce
Security event: multiple Kerberos ticket granting failures for admin account metric threshold monitored by prometheus,AuthBruteForce
Unauthorized credential stuffing pattern detected on /api/v1/auth/login timestamp 2026-09-29T15:00:10Z,AuthBruteForce
Repeated invalid MFA token submissions from client IP 192.168.167.203 trace id 7f8a131 error context,AuthBruteForce
Brute force signature matched high velocity HTTP 401 unauthorized responses zone us-east-1 rack-0,AuthBruteForce
Nginx ingress blocked malicious scanning probe hitting admin login route cluster production worker pool,AuthBruteForce
Suspicious login burst 500 requests per minute from blacklisted ASN metric threshold monitored by prometheus,AuthBruteForce
WARN: sshd[5995]: Failed password for invalid user root from 192.168.195.5 timestamp 2026-09-29T15:00:15Z,AuthBruteForce
SECURITY ALERT: 250 failed login attempts in 60 seconds from single IP 192.168.202.18 trace id 7f8a136 error context,AuthBruteForce
PAM 2 more authentication failures logname= uid=0 euid=0 tty=ssh rhost=192.168.209.31 zone us-east-1 rack-5,AuthBruteForce
iptables drop repetitive ssh brute force attempt on port 22 from 192.168.216.44 cluster production worker pool,AuthBruteForce
unauthorized access token probe repeatedly rejected by api gateway 192.168.223.57 metric threshold monitored by prometheus,AuthBruteForce
repeated ssh authentication breach attempt detected from subnet 192.168.230.70 timestamp 2026-09-29T15:00:20Z,AuthBruteForce
WAF rule trigger: rate limit exceeded for authentication endpoint from 192.168.237.83 trace id 7f8a141 error context,AuthBruteForce
Suricata IDS alert: possible SSH password guessing attack detected zone us-east-1 rack-10,AuthBruteForce
Fail2ban banned host 192.168.1.109 for 3600 seconds after 10 failed login attempts cluster production worker pool,AuthBruteForce
Security event: multiple Kerberos ticket granting failures for admin account metric threshold monitored by prometheus,AuthBruteForce
Unauthorized credential stuffing pattern detected on /api/v1/auth/login timestamp 2026-09-29T15:00:25Z,AuthBruteForce
Repeated invalid MFA token submissions from client IP 192.168.22.148 trace id 7f8a146 error context,AuthBruteForce
Brute force signature matched high velocity HTTP 401 unauthorized responses zone us-east-1 rack-3,AuthBruteForce
Nginx ingress blocked malicious scanning probe hitting admin login route cluster production worker pool,AuthBruteForce
Suspicious login burst 500 requests per minute from blacklisted ASN metric threshold monitored by prometheus,AuthBruteForce
WARN: sshd[6550]: Failed password for invalid user root from 192.168.50.200 timestamp 2026-09-29T15:00:30Z,AuthBruteForce
SECURITY ALERT: 250 failed login attempts in 60 seconds from single IP 192.168.57.213 trace id 7f8a151 error context,AuthBruteForce
PAM 2 more authentication failures logname= uid=0 euid=0 tty=ssh rhost=192.168.64.226 zone us-east-1 rack-8,AuthBruteForce
iptables drop repetitive ssh brute force attempt on port 22 from 192.168.71.239 cluster production worker pool,AuthBruteForce
unauthorized access token probe repeatedly rejected by api gateway 192.168.78.2 metric threshold monitored by prometheus,AuthBruteForce
repeated ssh authentication breach attempt detected from subnet 192.168.85.15 timestamp 2026-09-29T15:00:35Z,AuthBruteForce
WAF rule trigger: rate limit exceeded for authentication endpoint from 192.168.92.28 trace id 7f8a156 error context,AuthBruteForce
Suricata IDS alert: possible SSH password guessing attack detected zone us-east-1 rack-1,AuthBruteForce
Fail2ban banned host 192.168.106.54 for 3600 seconds after 10 failed login attempts cluster production worker pool,AuthBruteForce
Security event: multiple Kerberos ticket granting failures for admin account metric threshold monitored by prometheus,AuthBruteForce
Unauthorized credential stuffing pattern detected on /api/v1/auth/login timestamp 2026-09-29T15:00:40Z,AuthBruteForce
Repeated invalid MFA token submissions from client IP 192.168.127.93 trace id 7f8a161 error context,AuthBruteForce
Brute force signature matched high velocity HTTP 401 unauthorized responses zone us-east-1 rack-6,AuthBruteForce
Nginx ingress blocked malicious scanning probe hitting admin login route cluster production worker pool,AuthBruteForce
Suspicious login burst 500 requests per minute from blacklisted ASN metric threshold monitored by prometheus,AuthBruteForce
WARN: sshd[7105]: Failed password for invalid user root from 192.168.155.145 timestamp 2026-09-29T15:00:45Z,AuthBruteForce
SECURITY ALERT: 250 failed login attempts in 60 seconds from single IP 192.168.162.158 trace id 7f8a166 error context,AuthBruteForce
PAM 2 more authentication failures logname= uid=0 euid=0 tty=ssh rhost=192.168.169.171 zone us-east-1 rack-11,AuthBruteForce
iptables drop repetitive ssh brute force attempt on port 22 from 192.168.176.184 cluster production worker pool,AuthBruteForce
unauthorized access token probe repeatedly rejected by api gateway 192.168.183.197 metric threshold monitored by prometheus,AuthBruteForce
repeated ssh authentication breach attempt detected from subnet 192.168.190.210 timestamp 2026-09-29T15:00:50Z,AuthBruteForce
WAF rule trigger: rate limit exceeded for authentication endpoint from 192.168.197.223 trace id 7f8a171 error context,AuthBruteForce
Suricata IDS alert: possible SSH password guessing attack detected zone us-east-1 rack-4,AuthBruteForce
Fail2ban banned host 192.168.211.249 for 3600 seconds after 10 failed login attempts cluster production worker pool,AuthBruteForce
Security event: multiple Kerberos ticket granting failures for admin account metric threshold monitored by prometheus,AuthBruteForce
Unauthorized credential stuffing pattern detected on /api/v1/auth/login timestamp 2026-09-29T15:00:55Z,AuthBruteForce
Repeated invalid MFA token submissions from client IP 192.168.232.38 trace id 7f8a176 error context,AuthBruteForce
Brute force signature matched high velocity HTTP 401 unauthorized responses zone us-east-1 rack-9,AuthBruteForce
Nginx ingress blocked malicious scanning probe hitting admin login route cluster production worker pool,AuthBruteForce
Suspicious login burst 500 requests per minute from blacklisted ASN metric threshold monitored by prometheus,AuthBruteForce
WARN: sshd[7660]: Failed password for invalid user root from 192.168.10.90 timestamp 2026-09-29T15:00:00Z,AuthBruteForce
SECURITY ALERT: 250 failed login attempts in 60 seconds from single IP 192.168.17.103 trace id 7f8a181 error context,AuthBruteForce
PAM 2 more authentication failures logname= uid=0 euid=0 tty=ssh rhost=192.168.24.116 zone us-east-1 rack-2,AuthBruteForce
iptables drop repetitive ssh brute force attempt on port 22 from 192.168.31.129 cluster production worker pool,AuthBruteForce
unauthorized access token probe repeatedly rejected by api gateway 192.168.38.142 metric threshold monitored by prometheus,AuthBruteForce
repeated ssh authentication breach attempt detected from subnet 192.168.45.155 timestamp 2026-09-29T15:00:05Z,AuthBruteForce
WAF rule trigger: rate limit exceeded for authentication endpoint from 192.168.52.168 trace id 7f8a186 error context,AuthBruteForce
Suricata IDS alert: possible SSH password guessing attack detected zone us-east-1 rack-7,AuthBruteForce
Fail2ban banned host 192.168.66.194 for 3600 seconds after 10 failed login attempts cluster production worker pool,AuthBruteForce
Security event: multiple Kerberos ticket granting failures for admin account metric threshold monitored by prometheus,AuthBruteForce
Unauthorized credential stuffing pattern detected on /api/v1/auth/login timestamp 2026-09-29T15:00:10Z,AuthBruteForce
Repeated invalid MFA token submissions from client IP 192.168.87.233 trace id 7f8a191 error context,AuthBruteForce
Brute force signature matched high velocity HTTP 401 unauthorized responses zone us-east-1 rack-0,AuthBruteForce
Nginx ingress blocked malicious scanning probe hitting admin login route cluster production worker pool,AuthBruteForce
Suspicious login burst 500 requests per minute from blacklisted ASN metric threshold monitored by prometheus,AuthBruteForce
WARN: sshd[8215]: Failed password for invalid user root from 192.168.115.35 timestamp 2026-09-29T15:00:15Z,AuthBruteForce
SECURITY ALERT: 250 failed login attempts in 60 seconds from single IP 192.168.122.48 trace id 7f8a196 error context,AuthBruteForce
PAM 2 more authentication failures logname= uid=0 euid=0 tty=ssh rhost=192.168.129.61 zone us-east-1 rack-5,AuthBruteForce
iptables drop repetitive ssh brute force attempt on port 22 from 192.168.136.74 cluster production worker pool,AuthBruteForce
unauthorized access token probe repeatedly rejected by api gateway 192.168.143.87 metric threshold monitored by prometheus,AuthBruteForce
repeated ssh authentication breach attempt detected from subnet 192.168.150.100 timestamp 2026-09-29T15:00:20Z,AuthBruteForce
WAF rule trigger: rate limit exceeded for authentication endpoint from 192.168.157.113 trace id 7f8a201 error context,AuthBruteForce
Suricata IDS alert: possible SSH password guessing attack detected zone us-east-1 rack-10,AuthBruteForce
Fail2ban banned host 192.168.171.139 for 3600 seconds after 10 failed login attempts cluster production worker pool,AuthBruteForce
Security event: multiple Kerberos ticket granting failures for admin account metric threshold monitored by prometheus,AuthBruteForce
Unauthorized credential stuffing pattern detected on /api/v1/auth/login timestamp 2026-09-29T15:00:25Z,AuthBruteForce
Repeated invalid MFA token submissions from client IP 192.168.192.178 trace id 7f8a206 error context,AuthBruteForce
Brute force signature matched high velocity HTTP 401 unauthorized responses zone us-east-1 rack-3,AuthBruteForce
Nginx ingress blocked malicious scanning probe hitting admin login route cluster production worker pool,AuthBruteForce
Suspicious login burst 500 requests per minute from blacklisted ASN metric threshold monitored by prometheus,AuthBruteForce
WARN: sshd[8770]: Failed password for invalid user root from 192.168.220.230 timestamp 2026-09-29T15:00:30Z,AuthBruteForce
SECURITY ALERT: 250 failed login attempts in 60 seconds from single IP 192.168.227.243 trace id 7f8a211 error context,AuthBruteForce
PAM 2 more authentication failures logname= uid=0 euid=0 tty=ssh rhost=192.168.234.6 zone us-east-1 rack-8,AuthBruteForce
iptables drop repetitive ssh brute force attempt on port 22 from 192.168.241.19 cluster production worker pool,AuthBruteForce
unauthorized access token probe repeatedly rejected by api gateway 192.168.248.32 metric threshold monitored by prometheus,AuthBruteForce
repeated ssh authentication breach attempt detected from subnet 192.168.5.45 timestamp 2026-09-29T15:00:35Z,AuthBruteForce
WAF rule trigger: rate limit exceeded for authentication endpoint from 192.168.12.58 trace id 7f8a216 error context,AuthBruteForce
Suricata IDS alert: possible SSH password guessing attack detected zone us-east-1 rack-1,AuthBruteForce
Fail2ban banned host 192.168.26.84 for 3600 seconds after 10 failed login attempts cluster production worker pool,AuthBruteForce
Security event: multiple Kerberos ticket granting failures for admin account metric threshold monitored by prometheus,AuthBruteForce
Unauthorized credential stuffing pattern detected on /api/v1/auth/login timestamp 2026-09-29T15:00:40Z,AuthBruteForce
Repeated invalid MFA token submissions from client IP 192.168.47.123 trace id 7f8a221 error context,AuthBruteForce
Brute force signature matched high velocity HTTP 401 unauthorized responses zone us-east-1 rack-6,AuthBruteForce
Nginx ingress blocked malicious scanning probe hitting admin login route cluster production worker pool,AuthBruteForce
Suspicious login burst 500 requests per minute from blacklisted ASN metric threshold monitored by prometheus,AuthBruteForce
WARN: sshd[9325]: Failed password for invalid user root from 192.168.75.175 timestamp 2026-09-29T15:00:45Z,AuthBruteForce
SECURITY ALERT: 250 failed login attempts in 60 seconds from single IP 192.168.82.188 trace id 7f8a226 error context,AuthBruteForce
PAM 2 more authentication failures logname= uid=0 euid=0 tty=ssh rhost=192.168.89.201 zone us-east-1 rack-11,AuthBruteForce
iptables drop repetitive ssh brute force attempt on port 22 from 192.168.96.214 cluster production worker pool,AuthBruteForce
unauthorized access token probe repeatedly rejected by api gateway 192.168.103.227 metric threshold monitored by prometheus,AuthBruteForce
repeated ssh authentication breach attempt detected from subnet 192.168.110.240 timestamp 2026-09-29T15:00:50Z,AuthBruteForce
WAF rule trigger: rate limit exceeded for authentication endpoint from 192.168.117.3 trace id 7f8a231 error context,AuthBruteForce
Suricata IDS alert: possible SSH password guessing attack detected zone us-east-1 rack-4,AuthBruteForce
Fail2ban banned host 192.168.131.29 for 3600 seconds after 10 failed login attempts cluster production worker pool,AuthBruteForce
Security event: multiple Kerberos ticket granting failures for admin account metric threshold monitored by prometheus,AuthBruteForce
Unauthorized credential stuffing pattern detected on /api/v1/auth/login timestamp 2026-09-29T15:00:55Z,AuthBruteForce
Repeated invalid MFA token submissions from client IP 192.168.152.68 trace id 7f8a236 error context,AuthBruteForce
Brute force signature matched high velocity HTTP 401 unauthorized responses zone us-east-1 rack-9,AuthBruteForce
Nginx ingress blocked malicious scanning probe hitting admin login route cluster production worker pool,AuthBruteForce
Suspicious login burst 500 requests per minute from blacklisted ASN metric threshold monitored by prometheus,AuthBruteForce
WARN: sshd[9880]: Failed password for invalid user root from 192.168.180.120 timestamp 2026-09-29T15:00:00Z,AuthBruteForce
SECURITY ALERT: 250 failed login attempts in 60 seconds from single IP 192.168.187.133 trace id 7f8a241 error context,AuthBruteForce
PAM 2 more authentication failures logname= uid=0 euid=0 tty=ssh rhost=192.168.194.146 zone us-east-1 rack-2,AuthBruteForce
iptables drop repetitive ssh brute force attempt on port 22 from 192.168.201.159 cluster production worker pool,AuthBruteForce
unauthorized access token probe repeatedly rejected by api gateway 192.168.208.172 metric threshold monitored by prometheus,AuthBruteForce
repeated ssh authentication breach attempt detected from subnet 192.168.215.185 timestamp 2026-09-29T15:00:05Z,AuthBruteForce
WAF rule trigger: rate limit exceeded for authentication endpoint from 192.168.222.198 trace id 7f8a246 error context,AuthBruteForce
Suricata IDS alert: possible SSH password guessing attack detected zone us-east-1 rack-7,AuthBruteForce
Fail2ban banned host 192.168.236.224 for 3600 seconds after 10 failed login attempts cluster production worker pool,AuthBruteForce
Security event: multiple Kerberos ticket granting failures for admin account metric threshold monitored by prometheus,AuthBruteForce
INFO: health check probe /healthz returned 200 OK latency: 2ms,SystemHealth
Heartbeat ping received from worker node ip-10-0-1-11 status healthy,SystemHealth
Kubernetes liveness probe successful on port 8080 pod worker-pod-02 running,SystemHealth
metrics export completed 450 time series uploaded to prometheus,SystemHealth
service mesh ingress envoy proxy upstream healthy 100% 2xx responses,SystemHealth
system cluster status nominal all nodes synchronized with etcd leader,SystemHealth
Consul service catalog sync complete 0 failing health checks reported,SystemHealth
Readiness probe passed container worker-pod-07 ready for ingress traffic,SystemHealth
Node exporter cpu utilization 14% memory headroom 65GB status healthy,SystemHealth
CoreDNS cluster lookup latency p99 1.1ms cache hit ratio 98%,SystemHealth
Periodic watchdog probe confirmed background task scheduler operational,SystemHealth
Database replica lag 0ms streaming replication healthy with primary,SystemHealth
Application telemetry flushed 0 error log anomalies in last 10 minutes,SystemHealth
Edge CDN cache status nominal response time 18ms across all regions,SystemHealth
Synthetic transaction monitor executed end to end checkout successfully,SystemHealth
INFO: health check probe /healthz returned 200 OK latency: 2ms timestamp 2026-09-29T15:00:15Z,SystemHealth
Heartbeat ping received from worker node ip-10-0-16-26 status healthy trace id 7f8a016 error context,SystemHealth
Kubernetes liveness probe successful on port 8080 pod worker-pod-08 running zone us-east-1 rack-5,SystemHealth
metrics export completed 450 time series uploaded to prometheus cluster production worker pool,SystemHealth
service mesh ingress envoy proxy upstream healthy 100% 2xx responses metric threshold monitored by prometheus,SystemHealth
system cluster status nominal all nodes synchronized with etcd leader timestamp 2026-09-29T15:00:20Z,SystemHealth
Consul service catalog sync complete 0 failing health checks reported trace id 7f8a021 error context,SystemHealth
Readiness probe passed container worker-pod-04 ready for ingress traffic zone us-east-1 rack-10,SystemHealth
Node exporter cpu utilization 14% memory headroom 65GB status healthy cluster production worker pool,SystemHealth
CoreDNS cluster lookup latency p99 1.1ms cache hit ratio 98% metric threshold monitored by prometheus,SystemHealth
Periodic watchdog probe confirmed background task scheduler operational timestamp 2026-09-29T15:00:25Z,SystemHealth
Database replica lag 0ms streaming replication healthy with primary trace id 7f8a026 error context,SystemHealth
Application telemetry flushed 0 error log anomalies in last 10 minutes zone us-east-1 rack-3,SystemHealth
Edge CDN cache status nominal response time 18ms across all regions cluster production worker pool,SystemHealth
Synthetic transaction monitor executed end to end checkout successfully metric threshold monitored by prometheus,SystemHealth
INFO: health check probe /healthz returned 200 OK latency: 2ms timestamp 2026-09-29T15:00:30Z,SystemHealth
Heartbeat ping received from worker node ip-10-0-11-41 status healthy trace id 7f8a031 error context,SystemHealth
Kubernetes liveness probe successful on port 8080 pod worker-pod-05 running zone us-east-1 rack-8,SystemHealth
metrics export completed 450 time series uploaded to prometheus cluster production worker pool,SystemHealth
service mesh ingress envoy proxy upstream healthy 100% 2xx responses metric threshold monitored by prometheus,SystemHealth
system cluster status nominal all nodes synchronized with etcd leader timestamp 2026-09-29T15:00:35Z,SystemHealth
Consul service catalog sync complete 0 failing health checks reported trace id 7f8a036 error context,SystemHealth
Readiness probe passed container worker-pod-01 ready for ingress traffic zone us-east-1 rack-1,SystemHealth
Node exporter cpu utilization 14% memory headroom 65GB status healthy cluster production worker pool,SystemHealth
CoreDNS cluster lookup latency p99 1.1ms cache hit ratio 98% metric threshold monitored by prometheus,SystemHealth
Periodic watchdog probe confirmed background task scheduler operational timestamp 2026-09-29T15:00:40Z,SystemHealth
Database replica lag 0ms streaming replication healthy with primary trace id 7f8a041 error context,SystemHealth
Application telemetry flushed 0 error log anomalies in last 10 minutes zone us-east-1 rack-6,SystemHealth
Edge CDN cache status nominal response time 18ms across all regions cluster production worker pool,SystemHealth
Synthetic transaction monitor executed end to end checkout successfully metric threshold monitored by prometheus,SystemHealth
INFO: health check probe /healthz returned 200 OK latency: 2ms timestamp 2026-09-29T15:00:45Z,SystemHealth
Heartbeat ping received from worker node ip-10-0-6-56 status healthy trace id 7f8a046 error context,SystemHealth
Kubernetes liveness probe successful on port 8080 pod worker-pod-02 running zone us-east-1 rack-11,SystemHealth
metrics export completed 450 time series uploaded to prometheus cluster production worker pool,SystemHealth
service mesh ingress envoy proxy upstream healthy 100% 2xx responses metric threshold monitored by prometheus,SystemHealth
system cluster status nominal all nodes synchronized with etcd leader timestamp 2026-09-29T15:00:50Z,SystemHealth
Consul service catalog sync complete 0 failing health checks reported trace id 7f8a051 error context,SystemHealth
Readiness probe passed container worker-pod-07 ready for ingress traffic zone us-east-1 rack-4,SystemHealth
Node exporter cpu utilization 14% memory headroom 65GB status healthy cluster production worker pool,SystemHealth
CoreDNS cluster lookup latency p99 1.1ms cache hit ratio 98% metric threshold monitored by prometheus,SystemHealth
Periodic watchdog probe confirmed background task scheduler operational timestamp 2026-09-29T15:00:55Z,SystemHealth
Database replica lag 0ms streaming replication healthy with primary trace id 7f8a056 error context,SystemHealth
Application telemetry flushed 0 error log anomalies in last 10 minutes zone us-east-1 rack-9,SystemHealth
Edge CDN cache status nominal response time 18ms across all regions cluster production worker pool,SystemHealth
Synthetic transaction monitor executed end to end checkout successfully metric threshold monitored by prometheus,SystemHealth
INFO: health check probe /healthz returned 200 OK latency: 2ms timestamp 2026-09-29T15:00:00Z,SystemHealth
Heartbeat ping received from worker node ip-10-0-1-71 status healthy trace id 7f8a061 error context,SystemHealth
Kubernetes liveness probe successful on port 8080 pod worker-pod-08 running zone us-east-1 rack-2,SystemHealth
metrics export completed 450 time series uploaded to prometheus cluster production worker pool,SystemHealth
service mesh ingress envoy proxy upstream healthy 100% 2xx responses metric threshold monitored by prometheus,SystemHealth
system cluster status nominal all nodes synchronized with etcd leader timestamp 2026-09-29T15:00:05Z,SystemHealth
Consul service catalog sync complete 0 failing health checks reported trace id 7f8a066 error context,SystemHealth
Readiness probe passed container worker-pod-04 ready for ingress traffic zone us-east-1 rack-7,SystemHealth
Node exporter cpu utilization 14% memory headroom 65GB status healthy cluster production worker pool,SystemHealth
CoreDNS cluster lookup latency p99 1.1ms cache hit ratio 98% metric threshold monitored by prometheus,SystemHealth
Periodic watchdog probe confirmed background task scheduler operational timestamp 2026-09-29T15:00:10Z,SystemHealth
Database replica lag 0ms streaming replication healthy with primary trace id 7f8a071 error context,SystemHealth
Application telemetry flushed 0 error log anomalies in last 10 minutes zone us-east-1 rack-0,SystemHealth
Edge CDN cache status nominal response time 18ms across all regions cluster production worker pool,SystemHealth
Synthetic transaction monitor executed end to end checkout successfully metric threshold monitored by prometheus,SystemHealth
INFO: health check probe /healthz returned 200 OK latency: 2ms timestamp 2026-09-29T15:00:15Z,SystemHealth
Heartbeat ping received from worker node ip-10-0-16-86 status healthy trace id 7f8a076 error context,SystemHealth
Kubernetes liveness probe successful on port 8080 pod worker-pod-05 running zone us-east-1 rack-5,SystemHealth
metrics export completed 450 time series uploaded to prometheus cluster production worker pool,SystemHealth
service mesh ingress envoy proxy upstream healthy 100% 2xx responses metric threshold monitored by prometheus,SystemHealth
system cluster status nominal all nodes synchronized with etcd leader timestamp 2026-09-29T15:00:20Z,SystemHealth
Consul service catalog sync complete 0 failing health checks reported trace id 7f8a081 error context,SystemHealth
Readiness probe passed container worker-pod-01 ready for ingress traffic zone us-east-1 rack-10,SystemHealth
Node exporter cpu utilization 14% memory headroom 65GB status healthy cluster production worker pool,SystemHealth
CoreDNS cluster lookup latency p99 1.1ms cache hit ratio 98% metric threshold monitored by prometheus,SystemHealth
Periodic watchdog probe confirmed background task scheduler operational timestamp 2026-09-29T15:00:25Z,SystemHealth
Database replica lag 0ms streaming replication healthy with primary trace id 7f8a086 error context,SystemHealth
Application telemetry flushed 0 error log anomalies in last 10 minutes zone us-east-1 rack-3,SystemHealth
Edge CDN cache status nominal response time 18ms across all regions cluster production worker pool,SystemHealth
Synthetic transaction monitor executed end to end checkout successfully metric threshold monitored by prometheus,SystemHealth
INFO: health check probe /healthz returned 200 OK latency: 2ms timestamp 2026-09-29T15:00:30Z,SystemHealth
Heartbeat ping received from worker node ip-10-0-11-21 status healthy trace id 7f8a091 error context,SystemHealth
Kubernetes liveness probe successful on port 8080 pod worker-pod-02 running zone us-east-1 rack-8,SystemHealth
metrics export completed 450 time series uploaded to prometheus cluster production worker pool,SystemHealth
service mesh ingress envoy proxy upstream healthy 100% 2xx responses metric threshold monitored by prometheus,SystemHealth
system cluster status nominal all nodes synchronized with etcd leader timestamp 2026-09-29T15:00:35Z,SystemHealth
Consul service catalog sync complete 0 failing health checks reported trace id 7f8a096 error context,SystemHealth
Readiness probe passed container worker-pod-07 ready for ingress traffic zone us-east-1 rack-1,SystemHealth
Node exporter cpu utilization 14% memory headroom 65GB status healthy cluster production worker pool,SystemHealth
CoreDNS cluster lookup latency p99 1.1ms cache hit ratio 98% metric threshold monitored by prometheus,SystemHealth
Periodic watchdog probe confirmed background task scheduler operational timestamp 2026-09-29T15:00:40Z,SystemHealth
Database replica lag 0ms streaming replication healthy with primary trace id 7f8a101 error context,SystemHealth
Application telemetry flushed 0 error log anomalies in last 10 minutes zone us-east-1 rack-6,SystemHealth
Edge CDN cache status nominal response time 18ms across all regions cluster production worker pool,SystemHealth
Synthetic transaction monitor executed end to end checkout successfully metric threshold monitored by prometheus,SystemHealth
INFO: health check probe /healthz returned 200 OK latency: 2ms timestamp 2026-09-29T15:00:45Z,SystemHealth
Heartbeat ping received from worker node ip-10-0-6-36 status healthy trace id 7f8a106 error context,SystemHealth
Kubernetes liveness probe successful on port 8080 pod worker-pod-08 running zone us-east-1 rack-11,SystemHealth
metrics export completed 450 time series uploaded to prometheus cluster production worker pool,SystemHealth
service mesh ingress envoy proxy upstream healthy 100% 2xx responses metric threshold monitored by prometheus,SystemHealth
system cluster status nominal all nodes synchronized with etcd leader timestamp 2026-09-29T15:00:50Z,SystemHealth
Consul service catalog sync complete 0 failing health checks reported trace id 7f8a111 error context,SystemHealth
Readiness probe passed container worker-pod-04 ready for ingress traffic zone us-east-1 rack-4,SystemHealth
Node exporter cpu utilization 14% memory headroom 65GB status healthy cluster production worker pool,SystemHealth
CoreDNS cluster lookup latency p99 1.1ms cache hit ratio 98% metric threshold monitored by prometheus,SystemHealth
Periodic watchdog probe confirmed background task scheduler operational timestamp 2026-09-29T15:00:55Z,SystemHealth
Database replica lag 0ms streaming replication healthy with primary trace id 7f8a116 error context,SystemHealth
Application telemetry flushed 0 error log anomalies in last 10 minutes zone us-east-1 rack-9,SystemHealth
Edge CDN cache status nominal response time 18ms across all regions cluster production worker pool,SystemHealth
Synthetic transaction monitor executed end to end checkout successfully metric threshold monitored by prometheus,SystemHealth
INFO: health check probe /healthz returned 200 OK latency: 2ms timestamp 2026-09-29T15:00:00Z,SystemHealth
Heartbeat ping received from worker node ip-10-0-1-51 status healthy trace id 7f8a121 error context,SystemHealth
Kubernetes liveness probe successful on port 8080 pod worker-pod-05 running zone us-east-1 rack-2,SystemHealth
metrics export completed 450 time series uploaded to prometheus cluster production worker pool,SystemHealth
service mesh ingress envoy proxy upstream healthy 100% 2xx responses metric threshold monitored by prometheus,SystemHealth
system cluster status nominal all nodes synchronized with etcd leader timestamp 2026-09-29T15:00:05Z,SystemHealth
Consul service catalog sync complete 0 failing health checks reported trace id 7f8a126 error context,SystemHealth
Readiness probe passed container worker-pod-01 ready for ingress traffic zone us-east-1 rack-7,SystemHealth
Node exporter cpu utilization 14% memory headroom 65GB status healthy cluster production worker pool,SystemHealth
CoreDNS cluster lookup latency p99 1.1ms cache hit ratio 98% metric threshold monitored by prometheus,SystemHealth
Periodic watchdog probe confirmed background task scheduler operational timestamp 2026-09-29T15:00:10Z,SystemHealth
Database replica lag 0ms streaming replication healthy with primary trace id 7f8a131 error context,SystemHealth
Application telemetry flushed 0 error log anomalies in last 10 minutes zone us-east-1 rack-0,SystemHealth
Edge CDN cache status nominal response time 18ms across all regions cluster production worker pool,SystemHealth
Synthetic transaction monitor executed end to end checkout successfully metric threshold monitored by prometheus,SystemHealth
INFO: health check probe /healthz returned 200 OK latency: 2ms timestamp 2026-09-29T15:00:15Z,SystemHealth
Heartbeat ping received from worker node ip-10-0-16-66 status healthy trace id 7f8a136 error context,SystemHealth
Kubernetes liveness probe successful on port 8080 pod worker-pod-02 running zone us-east-1 rack-5,SystemHealth
metrics export completed 450 time series uploaded to prometheus cluster production worker pool,SystemHealth
service mesh ingress envoy proxy upstream healthy 100% 2xx responses metric threshold monitored by prometheus,SystemHealth
system cluster status nominal all nodes synchronized with etcd leader timestamp 2026-09-29T15:00:20Z,SystemHealth
Consul service catalog sync complete 0 failing health checks reported trace id 7f8a141 error context,SystemHealth
Readiness probe passed container worker-pod-07 ready for ingress traffic zone us-east-1 rack-10,SystemHealth
Node exporter cpu utilization 14% memory headroom 65GB status healthy cluster production worker pool,SystemHealth
CoreDNS cluster lookup latency p99 1.1ms cache hit ratio 98% metric threshold monitored by prometheus,SystemHealth
Periodic watchdog probe confirmed background task scheduler operational timestamp 2026-09-29T15:00:25Z,SystemHealth
Database replica lag 0ms streaming replication healthy with primary trace id 7f8a146 error context,SystemHealth
Application telemetry flushed 0 error log anomalies in last 10 minutes zone us-east-1 rack-3,SystemHealth
Edge CDN cache status nominal response time 18ms across all regions cluster production worker pool,SystemHealth
Synthetic transaction monitor executed end to end checkout successfully metric threshold monitored by prometheus,SystemHealth
INFO: health check probe /healthz returned 200 OK latency: 2ms timestamp 2026-09-29T15:00:30Z,SystemHealth
Heartbeat ping received from worker node ip-10-0-11-81 status healthy trace id 7f8a151 error context,SystemHealth
Kubernetes liveness probe successful on port 8080 pod worker-pod-08 running zone us-east-1 rack-8,SystemHealth
metrics export completed 450 time series uploaded to prometheus cluster production worker pool,SystemHealth
service mesh ingress envoy proxy upstream healthy 100% 2xx responses metric threshold monitored by prometheus,SystemHealth
system cluster status nominal all nodes synchronized with etcd leader timestamp 2026-09-29T15:00:35Z,SystemHealth
Consul service catalog sync complete 0 failing health checks reported trace id 7f8a156 error context,SystemHealth
Readiness probe passed container worker-pod-04 ready for ingress traffic zone us-east-1 rack-1,SystemHealth
Node exporter cpu utilization 14% memory headroom 65GB status healthy cluster production worker pool,SystemHealth
CoreDNS cluster lookup latency p99 1.1ms cache hit ratio 98% metric threshold monitored by prometheus,SystemHealth
Periodic watchdog probe confirmed background task scheduler operational timestamp 2026-09-29T15:00:40Z,SystemHealth
Database replica lag 0ms streaming replication healthy with primary trace id 7f8a161 error context,SystemHealth
Application telemetry flushed 0 error log anomalies in last 10 minutes zone us-east-1 rack-6,SystemHealth
Edge CDN cache status nominal response time 18ms across all regions cluster production worker pool,SystemHealth
Synthetic transaction monitor executed end to end checkout successfully metric threshold monitored by prometheus,SystemHealth
INFO: health check probe /healthz returned 200 OK latency: 2ms timestamp 2026-09-29T15:00:45Z,SystemHealth
Heartbeat ping received from worker node ip-10-0-6-16 status healthy trace id 7f8a166 error context,SystemHealth
Kubernetes liveness probe successful on port 8080 pod worker-pod-05 running zone us-east-1 rack-11,SystemHealth
metrics export completed 450 time series uploaded to prometheus cluster production worker pool,SystemHealth
service mesh ingress envoy proxy upstream healthy 100% 2xx responses metric threshold monitored by prometheus,SystemHealth
system cluster status nominal all nodes synchronized with etcd leader timestamp 2026-09-29T15:00:50Z,SystemHealth
Consul service catalog sync complete 0 failing health checks reported trace id 7f8a171 error context,SystemHealth
Readiness probe passed container worker-pod-01 ready for ingress traffic zone us-east-1 rack-4,SystemHealth
Node exporter cpu utilization 14% memory headroom 65GB status healthy cluster production worker pool,SystemHealth
CoreDNS cluster lookup latency p99 1.1ms cache hit ratio 98% metric threshold monitored by prometheus,SystemHealth
Periodic watchdog probe confirmed background task scheduler operational timestamp 2026-09-29T15:00:55Z,SystemHealth
Database replica lag 0ms streaming replication healthy with primary trace id 7f8a176 error context,SystemHealth
Application telemetry flushed 0 error log anomalies in last 10 minutes zone us-east-1 rack-9,SystemHealth
Edge CDN cache status nominal response time 18ms across all regions cluster production worker pool,SystemHealth
Synthetic transaction monitor executed end to end checkout successfully metric threshold monitored by prometheus,SystemHealth
INFO: health check probe /healthz returned 200 OK latency: 2ms timestamp 2026-09-29T15:00:00Z,SystemHealth
Heartbeat ping received from worker node ip-10-0-1-31 status healthy trace id 7f8a181 error context,SystemHealth
Kubernetes liveness probe successful on port 8080 pod worker-pod-02 running zone us-east-1 rack-2,SystemHealth
metrics export completed 450 time series uploaded to prometheus cluster production worker pool,SystemHealth
service mesh ingress envoy proxy upstream healthy 100% 2xx responses metric threshold monitored by prometheus,SystemHealth
system cluster status nominal all nodes synchronized with etcd leader timestamp 2026-09-29T15:00:05Z,SystemHealth
Consul service catalog sync complete 0 failing health checks reported trace id 7f8a186 error context,SystemHealth
Readiness probe passed container worker-pod-07 ready for ingress traffic zone us-east-1 rack-7,SystemHealth
Node exporter cpu utilization 14% memory headroom 65GB status healthy cluster production worker pool,SystemHealth
CoreDNS cluster lookup latency p99 1.1ms cache hit ratio 98% metric threshold monitored by prometheus,SystemHealth
Periodic watchdog probe confirmed background task scheduler operational timestamp 2026-09-29T15:00:10Z,SystemHealth
Database replica lag 0ms streaming replication healthy with primary trace id 7f8a191 error context,SystemHealth
Application telemetry flushed 0 error log anomalies in last 10 minutes zone us-east-1 rack-0,SystemHealth
Edge CDN cache status nominal response time 18ms across all regions cluster production worker pool,SystemHealth
Synthetic transaction monitor executed end to end checkout successfully metric threshold monitored by prometheus,SystemHealth
INFO: health check probe /healthz returned 200 OK latency: 2ms timestamp 2026-09-29T15:00:15Z,SystemHealth
Heartbeat ping received from worker node ip-10-0-16-46 status healthy trace id 7f8a196 error context,SystemHealth
Kubernetes liveness probe successful on port 8080 pod worker-pod-08 running zone us-east-1 rack-5,SystemHealth
metrics export completed 450 time series uploaded to prometheus cluster production worker pool,SystemHealth
service mesh ingress envoy proxy upstream healthy 100% 2xx responses metric threshold monitored by prometheus,SystemHealth
system cluster status nominal all nodes synchronized with etcd leader timestamp 2026-09-29T15:00:20Z,SystemHealth
Consul service catalog sync complete 0 failing health checks reported trace id 7f8a201 error context,SystemHealth
Readiness probe passed container worker-pod-04 ready for ingress traffic zone us-east-1 rack-10,SystemHealth
Node exporter cpu utilization 14% memory headroom 65GB status healthy cluster production worker pool,SystemHealth
CoreDNS cluster lookup latency p99 1.1ms cache hit ratio 98% metric threshold monitored by prometheus,SystemHealth
Periodic watchdog probe confirmed background task scheduler operational timestamp 2026-09-29T15:00:25Z,SystemHealth
Database replica lag 0ms streaming replication healthy with primary trace id 7f8a206 error context,SystemHealth
Application telemetry flushed 0 error log anomalies in last 10 minutes zone us-east-1 rack-3,SystemHealth
Edge CDN cache status nominal response time 18ms across all regions cluster production worker pool,SystemHealth
Synthetic transaction monitor executed end to end checkout successfully metric threshold monitored by prometheus,SystemHealth
INFO: health check probe /healthz returned 200 OK latency: 2ms timestamp 2026-09-29T15:00:30Z,SystemHealth
Heartbeat ping received from worker node ip-10-0-11-61 status healthy trace id 7f8a211 error context,SystemHealth
Kubernetes liveness probe successful on port 8080 pod worker-pod-05 running zone us-east-1 rack-8,SystemHealth
metrics export completed 450 time series uploaded to prometheus cluster production worker pool,SystemHealth
service mesh ingress envoy proxy upstream healthy 100% 2xx responses metric threshold monitored by prometheus,SystemHealth
system cluster status nominal all nodes synchronized with etcd leader timestamp 2026-09-29T15:00:35Z,SystemHealth
Consul service catalog sync complete 0 failing health checks reported trace id 7f8a216 error context,SystemHealth
Readiness probe passed container worker-pod-01 ready for ingress traffic zone us-east-1 rack-1,SystemHealth
Node exporter cpu utilization 14% memory headroom 65GB status healthy cluster production worker pool,SystemHealth
CoreDNS cluster lookup latency p99 1.1ms cache hit ratio 98% metric threshold monitored by prometheus,SystemHealth
Periodic watchdog probe confirmed background task scheduler operational timestamp 2026-09-29T15:00:40Z,SystemHealth
Database replica lag 0ms streaming replication healthy with primary trace id 7f8a221 error context,SystemHealth
Application telemetry flushed 0 error log anomalies in last 10 minutes zone us-east-1 rack-6,SystemHealth
Edge CDN cache status nominal response time 18ms across all regions cluster production worker pool,SystemHealth
Synthetic transaction monitor executed end to end checkout successfully metric threshold monitored by prometheus,SystemHealth
INFO: health check probe /healthz returned 200 OK latency: 2ms timestamp 2026-09-29T15:00:45Z,SystemHealth
Heartbeat ping received from worker node ip-10-0-6-76 status healthy trace id 7f8a226 error context,SystemHealth
Kubernetes liveness probe successful on port 8080 pod worker-pod-02 running zone us-east-1 rack-11,SystemHealth
metrics export completed 450 time series uploaded to prometheus cluster production worker pool,SystemHealth
service mesh ingress envoy proxy upstream healthy 100% 2xx responses metric threshold monitored by prometheus,SystemHealth
system cluster status nominal all nodes synchronized with etcd leader timestamp 2026-09-29T15:00:50Z,SystemHealth
Consul service catalog sync complete 0 failing health checks reported trace id 7f8a231 error context,SystemHealth
Readiness probe passed container worker-pod-07 ready for ingress traffic zone us-east-1 rack-4,SystemHealth
Node exporter cpu utilization 14% memory headroom 65GB status healthy cluster production worker pool,SystemHealth
CoreDNS cluster lookup latency p99 1.1ms cache hit ratio 98% metric threshold monitored by prometheus,SystemHealth
Periodic watchdog probe confirmed background task scheduler operational timestamp 2026-09-29T15:00:55Z,SystemHealth
Database replica lag 0ms streaming replication healthy with primary trace id 7f8a236 error context,SystemHealth
Application telemetry flushed 0 error log anomalies in last 10 minutes zone us-east-1 rack-9,SystemHealth
Edge CDN cache status nominal response time 18ms across all regions cluster production worker pool,SystemHealth
Synthetic transaction monitor executed end to end checkout successfully metric threshold monitored by prometheus,SystemHealth
INFO: health check probe /healthz returned 200 OK latency: 2ms timestamp 2026-09-29T15:00:00Z,SystemHealth
Heartbeat ping received from worker node ip-10-0-1-11 status healthy trace id 7f8a241 error context,SystemHealth
Kubernetes liveness probe successful on port 8080 pod worker-pod-08 running zone us-east-1 rack-2,SystemHealth
metrics export completed 450 time series uploaded to prometheus cluster production worker pool,SystemHealth
service mesh ingress envoy proxy upstream healthy 100% 2xx responses metric threshold monitored by prometheus,SystemHealth
system cluster status nominal all nodes synchronized with etcd leader timestamp 2026-09-29T15:00:05Z,SystemHealth
Consul service catalog sync complete 0 failing health checks reported trace id 7f8a246 error context,SystemHealth
Readiness probe passed container worker-pod-04 ready for ingress traffic zone us-east-1 rack-7,SystemHealth
Node exporter cpu utilization 14% memory headroom 65GB status healthy cluster production worker pool,SystemHealth
CoreDNS cluster lookup latency p99 1.1ms cache hit ratio 98% metric threshold monitored by prometheus,SystemHealth
