text,label
What is my current checking account balance today,QueryBalance
How much money is remaining in my personal savings account,QueryBalance
Check available funds and credit limit on primary card,QueryBalance
Tell me the total ledger balance across all my active accounts,QueryBalance
View recent balance update after direct deposit paycheck cleared,QueryBalance
What is the available withdrawal limit on my debit account right now,QueryBalance
Show my investment portfolio cash balance and liquid funds,QueryBalance
Do I have enough funds in checking to cover an eight hundred dollar check,QueryBalance
Inquire balance for business operational account ending in 7741,QueryBalance
Current balance and pending authorization holds on mastercard,QueryBalance
Display current net worth and combined account totals,QueryBalance
How much cash can I withdraw at ATM today given current balance,QueryBalance
Checking account balance after yesterday grocery store transaction,QueryBalance
Check ledger balance for emergency rainy day fund,QueryBalance
Give me an instant overview of my checking balance and recent credits,QueryBalance
What is my current checking account balance today confirmed for account 1255,QueryBalance
How much money is remaining in my personal savings account please authenticate and execute,QueryBalance
Check available funds and credit limit on primary card as soon as possible reference 10016949,QueryBalance
Tell me the total ledger balance across all my active accounts authorized via mobile app session,QueryBalance
View recent balance update after direct deposit paycheck cleared priority banking transaction,QueryBalance
What is the available withdrawal limit on my debit account right now confirmed for account 1340,QueryBalance
Show my investment portfolio cash balance and liquid funds please authenticate and execute,QueryBalance
Do I have enough funds in checking to cover an eight hundred dollar check as soon as possible reference 10021934,QueryBalance
Inquire balance for business operational account ending in 7741 authorized via mobile app session,QueryBalance
Current balance and pending authorization holds on mastercard priority banking transaction,QueryBalance
Display current net worth and combined account totals confirmed for account 1425,QueryBalance
How much cash can I withdraw at ATM today given current balance please authenticate and execute,QueryBalance
Checking account balance after yesterday grocery store transaction as soon as possible reference 10026919,QueryBalance
Check ledger balance for emergency rainy day fund authorized via mobile app session,QueryBalance
Give me an instant overview of my checking balance and recent credits priority banking transaction,QueryBalance
What is my current checking account balance today confirmed for account 1510,QueryBalance
How much money is remaining in my personal savings account please authenticate and execute,QueryBalance
Check available funds and credit limit on primary card as soon as possible reference 10031904,QueryBalance
Tell me the total ledger balance across all my active accounts authorized via mobile app session,QueryBalance
View recent balance update after direct deposit paycheck cleared priority banking transaction,QueryBalance
What is the available withdrawal limit on my debit account right now confirmed for account 1595,QueryBalance
Show my investment portfolio cash balance and liquid funds please authenticate and execute,QueryBalance
Do I have enough funds in checking to cover an eight hundred dollar check as soon as possible reference 10036889,QueryBalance
Inquire balance for business operational account ending in 7741 authorized via mobile app session,QueryBalance
Current balance and pending authorization holds on mastercard priority banking transaction,QueryBalance
Display current net worth and combined account totals confirmed for account 1680,QueryBalance
How much cash can I withdraw at ATM today given current balance please authenticate and execute,QueryBalance
Checking account balance after yesterday grocery store transaction as soon as possible reference 10041874,QueryBalance
Check ledger balance for emergency rainy day fund authorized via mobile app session,QueryBalance
Give me an instant overview of my checking balance and recent credits priority banking transaction,QueryBalance
What is my current checking account balance today confirmed for account 1765,QueryBalance
How much money is remaining in my personal savings account please authenticate and execute,QueryBalance
Check available funds and credit limit on primary card as soon as possible reference 10046859,QueryBalance
Tell me the total ledger balance across all my active accounts authorized via mobile app session,QueryBalance
View recent balance update after direct deposit paycheck cleared priority banking transaction,QueryBalance
What is the available withdrawal limit on my debit account right now confirmed for account 1850,QueryBalance
Show my investment portfolio cash balance and liquid funds please authenticate and execute,QueryBalance
Do I have enough funds in checking to cover an eight hundred dollar check as soon as possible reference 10051844,QueryBalance
Inquire balance for business operational account ending in 7741 authorized via mobile app session,QueryBalance
Current balance and pending authorization holds on mastercard priority banking transaction,QueryBalance
Display current net worth and combined account totals confirmed for account 1935,QueryBalance
How much cash can I withdraw at ATM today given current balance please authenticate and execute,QueryBalance
Checking account balance after yesterday grocery store transaction as soon as possible reference 10056829,QueryBalance
Check ledger balance for emergency rainy day fund authorized via mobile app session,QueryBalance
Give me an instant overview of my checking balance and recent credits priority banking transaction,QueryBalance
What is my current checking account balance today confirmed for account 2020,QueryBalance
How much money is remaining in my personal savings account please authenticate and execute,QueryBalance
Check available funds and credit limit on primary card as soon as possible reference 10061814,QueryBalance
Tell me the total ledger balance across all my active accounts authorized via mobile app session,QueryBalance
View recent balance update after direct deposit paycheck cleared priority banking transaction,QueryBalance
What is the available withdrawal limit on my debit account right now confirmed for account 2105,QueryBalance
Show my investment portfolio cash balance and liquid funds please authenticate and execute,QueryBalance
Do I have enough funds in checking to cover an eight hundred dollar check as soon as possible reference 10066799,QueryBalance
Inquire balance for business operational account ending in 7741 authorized via mobile app session,QueryBalance
Current balance and pending authorization holds on mastercard priority banking transaction,QueryBalance
Display current net worth and combined account totals confirmed for account 2190,QueryBalance
How much cash can I withdraw at ATM today given current balance please authenticate and execute,QueryBalance
Checking account balance after yesterday grocery store transaction as soon as possible reference 10071784,QueryBalance
Check ledger balance for emergency rainy day fund authorized via mobile app session,QueryBalance
Give me an instant overview of my checking balance and recent credits priority banking transaction,QueryBalance
What is my current checking account balance today confirmed for account 2275,QueryBalance
How much money is remaining in my personal savings account please authenticate and execute,QueryBalance
Check available funds and credit limit on primary card as soon as possible reference 10076769,QueryBalance
Tell me the total ledger balance across all my active accounts authorized via mobile app session,QueryBalance
View recent balance update after direct deposit paycheck cleared priority banking transaction,QueryBalance
What is the available withdrawal limit on my debit account right now confirmed for account 2360,QueryBalance
Show my investment portfolio cash balance and liquid funds please authenticate and execute,QueryBalance
Do I have enough funds in checking to cover an eight hundred dollar check as soon as possible reference 10081754,QueryBalance
Inquire balance for business operational account ending in 7741 authorized via mobile app session,QueryBalance
Current balance and pending authorization holds on mastercard priority banking transaction,QueryBalance
Display current net worth and combined account totals confirmed for account 2445,QueryBalance
How much cash can I withdraw at ATM today given current balance please authenticate and execute,QueryBalance
Checking account balance after yesterday grocery store transaction as soon as possible reference 10086739,QueryBalance
Check ledger balance for emergency rainy day fund authorized via mobile app session,QueryBalance
Give me an instant overview of my checking balance and recent credits priority banking transaction,QueryBalance
What is my current checking account balance today confirmed for account 2530,QueryBalance
How much money is remaining in my personal savings account please authenticate and execute,QueryBalance
Check available funds and credit limit on primary card as soon as possible reference 10091724,QueryBalance
Tell me the total ledger balance across all my active accounts authorized via mobile app session,QueryBalance
View recent balance update after direct deposit paycheck cleared priority banking transaction,QueryBalance
What is the available withdrawal limit on my debit account right now confirmed for account 2615,QueryBalance
Show my investment portfolio cash balance and liquid funds please authenticate and execute,QueryBalance
Do I have enough funds in checking to cover an eight hundred dollar check as soon as possible reference 10096709,QueryBalance
Inquire balance for business operational account ending in 7741 authorized via mobile app session,QueryBalance
Current balance and pending authorization holds on mastercard priority banking transaction,QueryBalance
Display current net worth and combined account totals confirmed for account 2700,QueryBalance
How much cash can I withdraw at ATM today given current balance please authenticate and execute,QueryBalance
Checking account balance after yesterday grocery store transaction as soon as possible reference 10101694,QueryBalance
Check ledger balance for emergency rainy day fund authorized via mobile app session,QueryBalance
Give me an instant overview of my checking balance and recent credits priority banking transaction,QueryBalance
What is my current checking account balance today confirmed for account 2785,QueryBalance
How much money is remaining in my personal savings account please authenticate and execute,QueryBalance
Check available funds and credit limit on primary card as soon as possible reference 10106679,QueryBalance
Tell me the total ledger balance across all my active accounts authorized via mobile app session,QueryBalance
View recent balance update after direct deposit paycheck cleared priority banking transaction,QueryBalance
What is the available withdrawal limit on my debit account right now confirmed for account 2870,QueryBalance
Show my investment portfolio cash balance and liquid funds please authenticate and execute,QueryBalance
Do I have enough funds in checking to cover an eight hundred dollar check as soon as possible reference 10111664,QueryBalance
Inquire balance for business operational account ending in 7741 authorized via mobile app session,QueryBalance
Current balance and pending authorization holds on mastercard priority banking transaction,QueryBalance
Display current net worth and combined account totals confirmed for account 2955,QueryBalance
How much cash can I withdraw at ATM today given current balance please authenticate and execute,QueryBalance
Checking account balance after yesterday grocery store transaction as soon as possible reference 10116649,QueryBalance
Check ledger balance for emergency rainy day fund authorized via mobile app session,QueryBalance
Give me an instant overview of my checking balance and recent credits priority banking transaction,QueryBalance
What is my current checking account balance today confirmed for account 3040,QueryBalance
How much money is remaining in my personal savings account please authenticate and execute,QueryBalance
Check available funds and credit limit on primary card as soon as possible reference 10121634,QueryBalance
Tell me the total ledger balance across all my active accounts authorized via mobile app session,QueryBalance
View recent balance update after direct deposit paycheck cleared priority banking transaction,QueryBalance
What is the available withdrawal limit on my debit account right now confirmed for account 3125,QueryBalance
Show my investment portfolio cash balance and liquid funds please authenticate and execute,QueryBalance
Do I have enough funds in checking to cover an eight hundred dollar check as soon as possible reference 10126619,QueryBalance
Inquire balance for business operational account ending in 7741 authorized via mobile app session,QueryBalance
Current balance and pending authorization holds on mastercard priority banking transaction,QueryBalance
Display current net worth and combined account totals confirmed for account 3210,QueryBalance
How much cash can I withdraw at ATM today given current balance please authenticate and execute,QueryBalance
Checking account balance after yesterday grocery store transaction as soon as possible reference 10131604,QueryBalance
Check ledger balance for emergency rainy day fund authorized via mobile app session,QueryBalance
Give me an instant overview of my checking balance and recent credits priority banking transaction,QueryBalance
What is my current checking account balance today confirmed for account 3295,QueryBalance
How much money is remaining in my personal savings account please authenticate and execute,QueryBalance
Check available funds and credit limit on primary card as soon as possible reference 10136589,QueryBalance
Tell me the total ledger balance across all my active accounts authorized via mobile app session,QueryBalance
View recent balance update after direct deposit paycheck cleared priority banking transaction,QueryBalance
What is the available withdrawal limit on my debit account right now confirmed for account 3380,QueryBalance
Show my investment portfolio cash balance and liquid funds please authenticate and execute,QueryBalance
Do I have enough funds in checking to cover an eight hundred dollar check as soon as possible reference 10141574,QueryBalance
Inquire balance for business operational account ending in 7741 authorized via mobile app session,QueryBalance
Current balance and pending authorization holds on mastercard priority banking transaction,QueryBalance
Display current net worth and combined account totals confirmed for account 3465,QueryBalance
How much cash can I withdraw at ATM today given current balance please authenticate and execute,QueryBalance
Checking account balance after yesterday grocery store transaction as soon as possible reference 10146559,QueryBalance
Check ledger balance for emergency rainy day fund authorized via mobile app session,QueryBalance
Give me an instant overview of my checking balance and recent credits priority banking transaction,QueryBalance
What is my current checking account balance today confirmed for account 3550,QueryBalance
How much money is remaining in my personal savings account please authenticate and execute,QueryBalance
Check available funds and credit limit on primary card as soon as possible reference 10151544,QueryBalance
Tell me the total ledger balance across all my active accounts authorized via mobile app session,QueryBalance
View recent balance update after direct deposit paycheck cleared priority banking transaction,QueryBalance
What is the available withdrawal limit on my debit account right now confirmed for account 3635,QueryBalance
Show my investment portfolio cash balance and liquid funds please authenticate and execute,QueryBalance
Do I have enough funds in checking to cover an eight hundred dollar check as soon as possible reference 10156529,QueryBalance
Inquire balance for business operational account ending in 7741 authorized via mobile app session,QueryBalance
Current balance and pending authorization holds on mastercard priority banking transaction,QueryBalance
Display current net worth and combined account totals confirmed for account 3720,QueryBalance
How much cash can I withdraw at ATM today given current balance please authenticate and execute,QueryBalance
Checking account balance after yesterday grocery store transaction as soon as possible reference 10161514,QueryBalance
Check ledger balance for emergency rainy day fund authorized via mobile app session,QueryBalance
Give me an instant overview of my checking balance and recent credits priority banking transaction,QueryBalance
What is my current checking account balance today confirmed for account 3805,QueryBalance
How much money is remaining in my personal savings account please authenticate and execute,QueryBalance
Check available funds and credit limit on primary card as soon as possible reference 10166499,QueryBalance
Tell me the total ledger balance across all my active accounts authorized via mobile app session,QueryBalance
View recent balance update after direct deposit paycheck cleared priority banking transaction,QueryBalance
What is the available withdrawal limit on my debit account right now confirmed for account 3890,QueryBalance
Show my investment portfolio cash balance and liquid funds please authenticate and execute,QueryBalance
Do I have enough funds in checking to cover an eight hundred dollar check as soon as possible reference 10171484,QueryBalance
Inquire balance for business operational account ending in 7741 authorized via mobile app session,QueryBalance
Current balance and pending authorization holds on mastercard priority banking transaction,QueryBalance
Display current net worth and combined account totals confirmed for account 3975,QueryBalance
How much cash can I withdraw at ATM today given current balance please authenticate and execute,QueryBalance
Checking account balance after yesterday grocery store transaction as soon as possible reference 10176469,QueryBalance
Check ledger balance for emergency rainy day fund authorized via mobile app session,QueryBalance
Give me an instant overview of my checking balance and recent credits priority banking transaction,QueryBalance
What is my current checking account balance today confirmed for account 4060,QueryBalance
How much money is remaining in my personal savings account please authenticate and execute,QueryBalance
Check available funds and credit limit on primary card as soon as possible reference 10181454,QueryBalance
Tell me the total ledger balance across all my active accounts authorized via mobile app session,QueryBalance
View recent balance update after direct deposit paycheck cleared priority banking transaction,QueryBalance
What is the available withdrawal limit on my debit account right now confirmed for account 4145,QueryBalance
Show my investment portfolio cash balance and liquid funds please authenticate and execute,QueryBalance
Do I have enough funds in checking to cover an eight hundred dollar check as soon as possible reference 10186439,QueryBalance
Inquire balance for business operational account ending in 7741 authorized via mobile app session,QueryBalance
Current balance and pending authorization holds on mastercard priority banking transaction,QueryBalance
Display current net worth and combined account totals confirmed for account 4230,QueryBalance
How much cash can I withdraw at ATM today given current balance please authenticate and execute,QueryBalance
Checking account balance after yesterday grocery store transaction as soon as possible reference 10191424,QueryBalance
Check ledger balance for emergency rainy day fund authorized via mobile app session,QueryBalance
Give me an instant overview of my checking balance and recent credits priority banking transaction,QueryBalance
What is my current checking account balance today confirmed for account 4315,QueryBalance
How much money is remaining in my personal savings account please authenticate and execute,QueryBalance
Check available funds and credit limit on primary card as soon as possible reference 10196409,QueryBalance
Tell me the total ledger balance across all my active accounts authorized via mobile app session,QueryBalance
View recent balance update after direct deposit paycheck cleared priority banking transaction,QueryBalance
What is the available withdrawal limit on my debit account right now confirmed for account 4400,QueryBalance
Show my investment portfolio cash balance and liquid funds please authenticate and execute,QueryBalance
Do I have enough funds in checking to cover an eight hundred dollar check as soon as possible reference 10201394,QueryBalance
Inquire balance for business operational account ending in 7741 authorized via mobile app session,QueryBalance
Current balance and pending authorization holds on mastercard priority banking transaction,QueryBalance
Display current net worth and combined account totals confirmed for account 4485,QueryBalance
How much cash can I withdraw at ATM today given current balance please authenticate and execute,QueryBalance
Checking account balance after yesterday grocery store transaction as soon as possible reference 10206379,QueryBalance
Check ledger balance for emergency rainy day fund authorized via mobile app session,QueryBalance
Give me an instant overview of my checking balance and recent credits priority banking transaction,QueryBalance
What is my current checking account balance today confirmed for account 4570,QueryBalance
How much money is remaining in my personal savings account please authenticate and execute,QueryBalance
Check available funds and credit limit on primary card as soon as possible reference 10211364,QueryBalance
Tell me the total ledger balance across all my active accounts authorized via mobile app session,QueryBalance
View recent balance update after direct deposit paycheck cleared priority banking transaction,QueryBalance
What is the available withdrawal limit on my debit account right now confirmed for account 4655,QueryBalance
Show my investment portfolio cash balance and liquid funds please authenticate and execute,QueryBalance
Do I have enough funds in checking to cover an eight hundred dollar check as soon as possible reference 10216349,QueryBalance
Inquire balance for business operational account ending in 7741 authorized via mobile app session,QueryBalance
Current balance and pending authorization holds on mastercard priority banking transaction,QueryBalance
Display current net worth and combined account totals confirmed for account 4740,QueryBalance
How much cash can I withdraw at ATM today given current balance please authenticate and execute,QueryBalance
Checking account balance after yesterday grocery store transaction as soon as possible reference 10221334,QueryBalance
Check ledger balance for emergency rainy day fund authorized via mobile app session,QueryBalance
Give me an instant overview of my checking balance and recent credits priority banking transaction,QueryBalance
What is my current checking account balance today confirmed for account 4825,QueryBalance
How much money is remaining in my personal savings account please authenticate and execute,QueryBalance
Check available funds and credit limit on primary card as soon as possible reference 10226319,QueryBalance
Tell me the total ledger balance across all my active accounts authorized via mobile app session,QueryBalance
View recent balance update after direct deposit paycheck cleared priority banking transaction,QueryBalance
What is the available withdrawal limit on my debit account right now confirmed for account 4910,QueryBalance
Show my investment portfolio cash balance and liquid funds please authenticate and execute,QueryBalance
Do I have enough funds in checking to cover an eight hundred dollar check as soon as possible reference 10231304,QueryBalance
Inquire balance for business operational account ending in 7741 authorized via mobile app session,QueryBalance
Current balance and pending authorization holds on mastercard priority banking transaction,QueryBalance
Display current net worth and combined account totals confirmed for account 4995,QueryBalance
How much cash can I withdraw at ATM today given current balance please authenticate and execute,QueryBalance
Checking account balance after yesterday grocery store transaction as soon as possible reference 10236289,QueryBalance
Check ledger balance for emergency rainy day fund authorized via mobile app session,QueryBalance
Give me an instant overview of my checking balance and recent credits priority banking transaction,QueryBalance
What is my current checking account balance today confirmed for account 5080,QueryBalance
How much money is remaining in my personal savings account please authenticate and execute,QueryBalance
Check available funds and credit limit on primary card as soon as possible reference 10241274,QueryBalance
Tell me the total ledger balance across all my active accounts authorized via mobile app session,QueryBalance
View recent balance update after direct deposit paycheck cleared priority banking transaction,QueryBalance
What is the available withdrawal limit on my debit account right now confirmed for account 5165,QueryBalance
Show my investment portfolio cash balance and liquid funds please authenticate and execute,QueryBalance
Do I have enough funds in checking to cover an eight hundred dollar check as soon as possible reference 10246259,QueryBalance
Inquire balance for business operational account ending in 7741 authorized via mobile app session,QueryBalance
Current balance and pending authorization holds on mastercard priority banking transaction,QueryBalance
Send twenty dollars to John Doe from my checking account,TransferFunds
Wire money to Michael Brown external bank account number 10000997,TransferFunds
Transfer one thousand bucks to my savings reserve fund,TransferFunds
Pay monthly electricity and heating utility bill from checking,TransferFunds
Remit rent payment of three hundred fifty dollars to landlord via direct deposit,TransferFunds
Instant ACH transfer two thousand five hundred to my joint household account,TransferFunds
Move funds from savings to checking to prevent overdraft fee,TransferFunds
Pay credit card statement balance in full using primary checking,TransferFunds
Schedule weekly recurring transfer of twenty dollars to investment fund,TransferFunds
Send wire remittance to overseas supplier account 10008973,TransferFunds
Transfer money to college tuition fund for upcoming semester,TransferFunds
Send peer to peer payment to colleague for dinner split fifty dollars,TransferFunds
Automate monthly mortgage payment transfer from primary bank account,TransferFunds
Disburse payroll transfer to freelance contractor invoice 10012961,TransferFunds
Execute internal book transfer of one hundred between corporate sub-accounts,TransferFunds
Send five hundred dollars to Robert Taylor from my checking account confirmed for account 1255,TransferFunds
Wire money to John Doe external bank account number 10015952 please authenticate and execute,TransferFunds
Transfer two hundred bucks to my savings reserve fund as soon as possible reference 10016949,TransferFunds
Pay monthly electricity and heating utility bill from checking authorized via mobile app session,TransferFunds
Remit rent payment of fifty dollars to landlord via direct deposit priority banking transaction,TransferFunds
Instant ACH transfer three hundred fifty to my joint household account confirmed for account 1340,TransferFunds
Move funds from savings to checking to prevent overdraft fee please authenticate and execute,TransferFunds
Pay credit card statement balance in full using primary checking as soon as possible reference 10021934,TransferFunds
Schedule weekly recurring transfer of five hundred dollars to investment fund authorized via mobile app session,TransferFunds
Send wire remittance to overseas supplier account 10023928 priority banking transaction,TransferFunds
Transfer money to college tuition fund for upcoming semester confirmed for account 1425,TransferFunds
Send peer to peer payment to colleague for dinner split one thousand dollars please authenticate and execute,TransferFunds
Automate monthly mortgage payment transfer from primary bank account as soon as possible reference 10026919,TransferFunds
Disburse payroll transfer to freelance contractor invoice 10027916 authorized via mobile app session,TransferFunds
Execute internal book transfer of two thousand five hundred between corporate sub-accounts priority banking transaction,TransferFunds
Send one hundred dollars to David Wilson from my checking account confirmed for account 1510,TransferFunds
Wire money to Robert Taylor external bank account number 10030907 please authenticate and execute,TransferFunds
Transfer twenty bucks to my savings reserve fund as soon as possible reference 10031904,TransferFunds
Pay monthly electricity and heating utility bill from checking authorized via mobile app session,TransferFunds
Remit rent payment of one thousand dollars to landlord via direct deposit priority banking transaction,TransferFunds
Instant ACH transfer fifty to my joint household account confirmed for account 1595,TransferFunds
Move funds from savings to checking to prevent overdraft fee please authenticate and execute,TransferFunds
Pay credit card statement balance in full using primary checking as soon as possible reference 10036889,TransferFunds
Schedule weekly recurring transfer of one hundred dollars to investment fund authorized via mobile app session,TransferFunds
Send wire remittance to overseas supplier account 10038883 priority banking transaction,TransferFunds
Transfer money to college tuition fund for upcoming semester confirmed for account 1680,TransferFunds
Send peer to peer payment to colleague for dinner split two hundred dollars please authenticate and execute,TransferFunds
Automate monthly mortgage payment transfer from primary bank account as soon as possible reference 10041874,TransferFunds
Disburse payroll transfer to freelance contractor invoice 10042871 authorized via mobile app session,TransferFunds
Execute internal book transfer of three hundred fifty between corporate sub-accounts priority banking transaction,TransferFunds
Send two thousand five hundred dollars to Michael Brown from my checking account confirmed for account 1765,TransferFunds
Wire money to David Wilson external bank account number 10045862 please authenticate and execute,TransferFunds
Transfer five hundred bucks to my savings reserve fund as soon as possible reference 10046859,TransferFunds
Pay monthly electricity and heating utility bill from checking authorized via mobile app session,TransferFunds
Remit rent payment of two hundred dollars to landlord via direct deposit priority banking transaction,TransferFunds
Instant ACH transfer one thousand to my joint household account confirmed for account 1850,TransferFunds
Move funds from savings to checking to prevent overdraft fee please authenticate and execute,TransferFunds
Pay credit card statement balance in full using primary checking as soon as possible reference 10051844,TransferFunds
Schedule weekly recurring transfer of two thousand five hundred dollars to investment fund authorized via mobile app session,TransferFunds
Send wire remittance to overseas supplier account 10053838 priority banking transaction,TransferFunds
Transfer money to college tuition fund for upcoming semester confirmed for account 1935,TransferFunds
Send peer to peer payment to colleague for dinner split twenty dollars please authenticate and execute,TransferFunds
Automate monthly mortgage payment transfer from primary bank account as soon as possible reference 10056829,TransferFunds
Disburse payroll transfer to freelance contractor invoice 10057826 authorized via mobile app session,TransferFunds
Execute internal book transfer of fifty between corporate sub-accounts priority banking transaction,TransferFunds
Send three hundred fifty dollars to John Doe from my checking account confirmed for account 2020,TransferFunds
Wire money to Michael Brown external bank account number 10060817 please authenticate and execute,TransferFunds
Transfer one hundred bucks to my savings reserve fund as soon as possible reference 10061814,TransferFunds
Pay monthly electricity and heating utility bill from checking authorized via mobile app session,TransferFunds
Remit rent payment of twenty dollars to landlord via direct deposit priority banking transaction,TransferFunds
Instant ACH transfer two hundred to my joint household account confirmed for account 2105,TransferFunds
Move funds from savings to checking to prevent overdraft fee please authenticate and execute,TransferFunds
Pay credit card statement balance in full using primary checking as soon as possible reference 10066799,TransferFunds
Schedule weekly recurring transfer of three hundred fifty dollars to investment fund authorized via mobile app session,TransferFunds
Send wire remittance to overseas supplier account 10068793 priority banking transaction,TransferFunds
Transfer money to college tuition fund for upcoming semester confirmed for account 2190,TransferFunds
Send peer to peer payment to colleague for dinner split five hundred dollars please authenticate and execute,TransferFunds
Automate monthly mortgage payment transfer from primary bank account as soon as possible reference 10071784,TransferFunds
Disburse payroll transfer to freelance contractor invoice 10072781 authorized via mobile app session,TransferFunds
Execute internal book transfer of one thousand between corporate sub-accounts priority banking transaction,TransferFunds
Send fifty dollars to Robert Taylor from my checking account confirmed for account 2275,TransferFunds
Wire money to John Doe external bank account number 10075772 please authenticate and execute,TransferFunds
Transfer two thousand five hundred bucks to my savings reserve fund as soon as possible reference 10076769,TransferFunds
Pay monthly electricity and heating utility bill from checking authorized via mobile app session,TransferFunds
Remit rent payment of five hundred dollars to landlord via direct deposit priority banking transaction,TransferFunds
Instant ACH transfer twenty to my joint household account confirmed for account 2360,TransferFunds
Move funds from savings to checking to prevent overdraft fee please authenticate and execute,TransferFunds
Pay credit card statement balance in full using primary checking as soon as possible reference 10081754,TransferFunds
Schedule weekly recurring transfer of fifty dollars to investment fund authorized via mobile app session,TransferFunds
Send wire remittance to overseas supplier account 10083748 priority banking transaction,TransferFunds
Transfer money to college tuition fund for upcoming semester confirmed for account 2445,TransferFunds
Send peer to peer payment to colleague for dinner split one hundred dollars please authenticate and execute,TransferFunds
Automate monthly mortgage payment transfer from primary bank account as soon as possible reference 10086739,TransferFunds
Disburse payroll transfer to freelance contractor invoice 10087736 authorized via mobile app session,TransferFunds
Execute internal book transfer of two hundred between corporate sub-accounts priority banking transaction,TransferFunds
Send one thousand dollars to David Wilson from my checking account confirmed for account 2530,TransferFunds
Wire money to Robert Taylor external bank account number 10090727 please authenticate and execute,TransferFunds
Transfer three hundred fifty bucks to my savings reserve fund as soon as possible reference 10091724,TransferFunds
Pay monthly electricity and heating utility bill from checking authorized via mobile app session,TransferFunds
Remit rent payment of one hundred dollars to landlord via direct deposit priority banking transaction,TransferFunds
Instant ACH transfer five hundred to my joint household account confirmed for account 2615,TransferFunds
Move funds from savings to checking to prevent overdraft fee please authenticate and execute,TransferFunds
Pay credit card statement balance in full using primary checking as soon as possible reference 10096709,TransferFunds
Schedule weekly recurring transfer of one thousand dollars to investment fund authorized via mobile app session,TransferFunds
Send wire remittance to overseas supplier account 10098703 priority banking transaction,TransferFunds
Transfer money to college tuition fund for upcoming semester confirmed for account 2700,TransferFunds
Send peer to peer payment to colleague for dinner split two thousand five hundred dollars please authenticate and execute,TransferFunds
Automate monthly mortgage payment transfer from primary bank account as soon as possible reference 10101694,TransferFunds
Disburse payroll transfer to freelance contractor invoice 10102691 authorized via mobile app session,TransferFunds
Execute internal book transfer of twenty between corporate sub-accounts priority banking transaction,TransferFunds
Send two hundred dollars to Michael Brown from my checking account confirmed for account 2785,TransferFunds
Wire money to David Wilson external bank account number 10105682 please authenticate and execute,TransferFunds
Transfer fifty bucks to my savings reserve fund as soon as possible reference 10106679,TransferFunds
Pay monthly electricity and heating utility bill from checking authorized via mobile app session,TransferFunds
Remit rent payment of two thousand five hundred dollars to landlord via direct deposit priority banking transaction,TransferFunds
Instant ACH transfer one hundred to my joint household account confirmed for account 2870,TransferFunds
Move funds from savings to checking to prevent overdraft fee please authenticate and execute,TransferFunds
Pay credit card statement balance in full using primary checking as soon as possible reference 10111664,TransferFunds
Schedule weekly recurring transfer of two hundred dollars to investment fund authorized via mobile app session,TransferFunds
Send wire remittance to overseas supplier account 10113658 priority banking transaction,TransferFunds
Transfer money to college tuition fund for upcoming semester confirmed for account 2955,TransferFunds
Send peer to peer payment to colleague for dinner split three hundred fifty dollars please authenticate and execute,TransferFunds
Automate monthly mortgage payment transfer from primary bank account as soon as possible reference 10116649,TransferFunds
Disburse payroll transfer to freelance contractor invoice 10117646 authorized via mobile app session,TransferFunds
Execute internal book transfer of five hundred between corporate sub-accounts priority banking transaction,TransferFunds
Send twenty dollars to John Doe from my checking account confirmed for account 3040,TransferFunds
Wire money to Michael Brown external bank account number 10120637 please authenticate and execute,TransferFunds
Transfer one thousand bucks to my savings reserve fund as soon as possible reference 10121634,TransferFunds
Pay monthly electricity and heating utility bill from checking authorized via mobile app session,TransferFunds
Remit rent payment of three hundred fifty dollars to landlord via direct deposit priority banking transaction,TransferFunds
Instant ACH transfer two thousand five hundred to my joint household account confirmed for account 3125,TransferFunds
Move funds from savings to checking to prevent overdraft fee please authenticate and execute,TransferFunds
Pay credit card statement balance in full using primary checking as soon as possible reference 10126619,TransferFunds
Schedule weekly recurring transfer of twenty dollars to investment fund authorized via mobile app session,TransferFunds
Send wire remittance to overseas supplier account 10128613 priority banking transaction,TransferFunds
Transfer money to college tuition fund for upcoming semester confirmed for account 3210,TransferFunds
Send peer to peer payment to colleague for dinner split fifty dollars please authenticate and execute,TransferFunds
Automate monthly mortgage payment transfer from primary bank account as soon as possible reference 10131604,TransferFunds
Disburse payroll transfer to freelance contractor invoice 10132601 authorized via mobile app session,TransferFunds
Execute internal book transfer of one hundred between corporate sub-accounts priority banking transaction,TransferFunds
Send five hundred dollars to Robert Taylor from my checking account confirmed for account 3295,TransferFunds
Wire money to John Doe external bank account number 10135592 please authenticate and execute,TransferFunds
Transfer two hundred bucks to my savings reserve fund as soon as possible reference 10136589,TransferFunds
Pay monthly electricity and heating utility bill from checking authorized via mobile app session,TransferFunds
Remit rent payment of fifty dollars to landlord via direct deposit priority banking transaction,TransferFunds
Instant ACH transfer three hundred fifty to my joint household account confirmed for account 3380,TransferFunds
Move funds from savings to checking to prevent overdraft fee please authenticate and execute,TransferFunds
Pay credit card statement balance in full using primary checking as soon as possible reference 10141574,TransferFunds
Schedule weekly recurring transfer of five hundred dollars to investment fund authorized via mobile app session,TransferFunds
Send wire remittance to overseas supplier account 10143568 priority banking transaction,TransferFunds
Transfer money to college tuition fund for upcoming semester confirmed for account 3465,TransferFunds
Send peer to peer payment to colleague for dinner split one thousand dollars please authenticate and execute,TransferFunds
Automate monthly mortgage payment transfer from primary bank account as soon as possible reference 10146559,TransferFunds
Disburse payroll transfer to freelance contractor invoice 10147556 authorized via mobile app session,TransferFunds
Execute internal book transfer of two thousand five hundred between corporate sub-accounts priority banking transaction,TransferFunds
Send one hundred dollars to David Wilson from my checking account confirmed for account 3550,TransferFunds
Wire money to Robert Taylor external bank account number 10150547 please authenticate and execute,TransferFunds
Transfer twenty bucks to my savings reserve fund as soon as possible reference 10151544,TransferFunds
Pay monthly electricity and heating utility bill from checking authorized via mobile app session,TransferFunds
Remit rent payment of one thousand dollars to landlord via direct deposit priority banking transaction,TransferFunds
Instant ACH transfer fifty to my joint household account confirmed for account 3635,TransferFunds
Move funds from savings to checking to prevent overdraft fee please authenticate and execute,TransferFunds
Pay credit card statement balance in full using primary checking as soon as possible reference 10156529,TransferFunds
Schedule weekly recurring transfer of one hundred dollars to investment fund authorized via mobile app session,TransferFunds
Send wire remittance to overseas supplier account 10158523 priority banking transaction,TransferFunds
Transfer money to college tuition fund for upcoming semester confirmed for account 3720,TransferFunds
Send peer to peer payment to colleague for dinner split two hundred dollars please authenticate and execute,TransferFunds
Automate monthly mortgage payment transfer from primary bank account as soon as possible reference 10161514,TransferFunds
Disburse payroll transfer to freelance contractor invoice 10162511 authorized via mobile app session,TransferFunds
Execute internal book transfer of three hundred fifty between corporate sub-accounts priority banking transaction,TransferFunds
Send two thousand five hundred dollars to Michael Brown from my checking account confirmed for account 3805,TransferFunds
Wire money to David Wilson external bank account number 10165502 please authenticate and execute,TransferFunds
Transfer five hundred bucks to my savings reserve fund as soon as possible reference 10166499,TransferFunds
Pay monthly electricity and heating utility bill from checking authorized via mobile app session,TransferFunds
Remit rent payment of two hundred dollars to landlord via direct deposit priority banking transaction,TransferFunds
Instant ACH transfer one thousand to my joint household account confirmed for account 3890,TransferFunds
Move funds from savings to checking to prevent overdraft fee please authenticate and execute,TransferFunds
Pay credit card statement balance in full using primary checking as soon as possible reference 10171484,TransferFunds
Schedule weekly recurring transfer of two thousand five hundred dollars to investment fund authorized via mobile app session,TransferFunds
Send wire remittance to overseas supplier account 10173478 priority banking transaction,TransferFunds
Transfer money to college tuition fund for upcoming semester confirmed for account 3975,TransferFunds
Send peer to peer payment to colleague for dinner split twenty dollars please authenticate and execute,TransferFunds
Automate monthly mortgage payment transfer from primary bank account as soon as possible reference 10176469,TransferFunds
Disburse payroll transfer to freelance contractor invoice 10177466 authorized via mobile app session,TransferFunds
Execute internal book transfer of fifty between corporate sub-accounts priority banking transaction,TransferFunds
Send three hundred fifty dollars to John Doe from my checking account confirmed for account 4060,TransferFunds
Wire money to Michael Brown external bank account number 10180457 please authenticate and execute,TransferFunds
Transfer one hundred bucks to my savings reserve fund as soon as possible reference 10181454,TransferFunds
Pay monthly electricity and heating utility bill from checking authorized via mobile app session,TransferFunds
Remit rent payment of twenty dollars to landlord via direct deposit priority banking transaction,TransferFunds
Instant ACH transfer two hundred to my joint household account confirmed for account 4145,TransferFunds
Move funds from savings to checking to prevent overdraft fee please authenticate and execute,TransferFunds
Pay credit card statement balance in full using primary checking as soon as possible reference 10186439,TransferFunds
Schedule weekly recurring transfer of three hundred fifty dollars to investment fund authorized via mobile app session,TransferFunds
Send wire remittance to overseas supplier account 10188433 priority banking transaction,TransferFunds
Transfer money to college tuition fund for upcoming semester confirmed for account 4230,TransferFunds
Send peer to peer payment to colleague for dinner split five hundred dollars please authenticate and execute,TransferFunds
Automate monthly mortgage payment transfer from primary bank account as soon as possible reference 10191424,TransferFunds
Disburse payroll transfer to freelance contractor invoice 10192421 authorized via mobile app session,TransferFunds
Execute internal book transfer of one thousand between corporate sub-accounts priority banking transaction,TransferFunds
Send fifty dollars to Robert Taylor from my checking account confirmed for account 4315,TransferFunds
Wire money to John Doe external bank account number 10195412 please authenticate and execute,TransferFunds
Transfer two thousand five hundred bucks to my savings reserve fund as soon as possible reference 10196409,TransferFunds
Pay monthly electricity and heating utility bill from checking authorized via mobile app session,TransferFunds
Remit rent payment of five hundred dollars to landlord via direct deposit priority banking transaction,TransferFunds
Instant ACH transfer twenty to my joint household account confirmed for account 4400,TransferFunds
Move funds from savings to checking to prevent overdraft fee please authenticate and execute,TransferFunds
Pay credit card statement balance in full using primary checking as soon as possible reference 10201394,TransferFunds
Schedule weekly recurring transfer of fifty dollars to investment fund authorized via mobile app session,TransferFunds
Send wire remittance to overseas supplier account 10203388 priority banking transaction,TransferFunds
Transfer money to college tuition fund for upcoming semester confirmed for account 4485,TransferFunds
Send peer to peer payment to colleague for dinner split one hundred dollars please authenticate and execute,TransferFunds
Automate monthly mortgage payment transfer from primary bank account as soon as possible reference 10206379,TransferFunds
Disburse payroll transfer to freelance contractor invoice 10207376 authorized via mobile app session,TransferFunds
Execute internal book transfer of two hundred between corporate sub-accounts priority banking transaction,TransferFunds
Send one thousand dollars to David Wilson from my checking account confirmed for account 4570,TransferFunds
Wire money to Robert Taylor external bank account number 10210367 please authenticate and execute,TransferFunds
Transfer three hundred fifty bucks to my savings reserve fund as soon as possible reference 10211364,TransferFunds
Pay monthly electricity and heating utility bill from checking authorized via mobile app session,TransferFunds
Remit rent payment of one hundred dollars to landlord via direct deposit priority banking transaction,TransferFunds
Instant ACH transfer five hundred to my joint household account confirmed for account 4655,TransferFunds
Move funds from savings to checking to prevent overdraft fee please authenticate and execute,TransferFunds
Pay credit card statement balance in full using primary checking as soon as possible reference 10216349,TransferFunds
Schedule weekly recurring transfer of one thousand dollars to investment fund authorized via mobile app session,TransferFunds
Send wire remittance to overseas supplier account 10218343 priority banking transaction,TransferFunds
Transfer money to college tuition fund for upcoming semester confirmed for account 4740,TransferFunds
Send peer to peer payment to colleague for dinner split two thousand five hundred dollars please authenticate and execute,TransferFunds
Automate monthly mortgage payment transfer from primary bank account as soon as possible reference 10221334,TransferFunds
Disburse payroll transfer to freelance contractor invoice 10222331 authorized via mobile app session,TransferFunds
Execute internal book transfer of twenty between corporate sub-accounts priority banking transaction,TransferFunds
Send two hundred dollars to Michael Brown from my checking account confirmed for account 4825,TransferFunds
Wire money to David Wilson external bank account number 10225322 please authenticate and execute,TransferFunds
Transfer fifty bucks to my savings reserve fund as soon as possible reference 10226319,TransferFunds
Pay monthly electricity and heating utility bill from checking authorized via mobile app session,TransferFunds
Remit rent payment of two thousand five hundred dollars to landlord via direct deposit priority banking transaction,TransferFunds
Instant ACH transfer one hundred to my joint household account confirmed for account 4910,TransferFunds
Move funds from savings to checking to prevent overdraft fee please authenticate and execute,TransferFunds
Pay credit card statement balance in full using primary checking as soon as possible reference 10231304,TransferFunds
Schedule weekly recurring transfer of two hundred dollars to investment fund authorized via mobile app session,TransferFunds
Send wire remittance to overseas supplier account 10233298 priority banking transaction,TransferFunds
Transfer money to college tuition fund for upcoming semester confirmed for account 4995,TransferFunds
Send peer to peer payment to colleague for dinner split three hundred fifty dollars please authenticate and execute,TransferFunds
Automate monthly mortgage payment transfer from primary bank account as soon as possible reference 10236289,TransferFunds
Disburse payroll transfer to freelance contractor invoice 10237286 authorized via mobile app session,TransferFunds
Execute internal book transfer of five hundred between corporate sub-accounts priority banking transaction,TransferFunds
Send twenty dollars to John Doe from my checking account confirmed for account 5080,TransferFunds
Wire money to Michael Brown external bank account number 10240277 please authenticate and execute,TransferFunds
Transfer one thousand bucks to my savings reserve fund as soon as possible reference 10241274,TransferFunds
Pay monthly electricity and heating utility bill from checking authorized via mobile app session,TransferFunds
Remit rent payment of three hundred fifty dollars to landlord via direct deposit priority banking transaction,TransferFunds
Instant ACH transfer two thousand five hundred to my joint household account confirmed for account 5165,TransferFunds
Move funds from savings to checking to prevent overdraft fee please authenticate and execute,TransferFunds
Pay credit card statement balance in full using primary checking as soon as possible reference 10246259,TransferFunds
Schedule weekly recurring transfer of twenty dollars to investment fund authorized via mobile app session,TransferFunds
Send wire remittance to overseas supplier account 10248253 priority banking transaction,TransferFunds
Freeze my debit card immediately I lost my leather wallet,CardLock
Temporarily lock credit card ending in 1017 due to misplaced purse,CardLock
Block my ATM card someone stole my wallet on public transit,CardLock
Deactivate physical card immediately suspicious charge detected,CardLock
Suspend all outgoing card transactions until I locate my card,CardLock
Put an emergency freeze on my visa card right now,CardLock
Emergency card cancellation reported stolen card abroad,CardLock
Disable contactless tap payments on debit card 1119,CardLock
Lock my corporate credit card after security alert notification,CardLock
Halt all purchases on card ending in 1153 lost at restaurant,CardLock
Instantly disable virtual card number due to data breach alert,CardLock
My card was retained by automated teller machine please lock card,CardLock
Report lost debit card and request instant security lockout,CardLock
Restrict card usage to domestic in-person transactions only,CardLock
Deactivate stolen credit card and prevent any further authorizations,CardLock
Freeze my debit card immediately I lost my leather wallet confirmed for account 1255,CardLock
Temporarily lock credit card ending in 1272 due to misplaced purse please authenticate and execute,CardLock
Block my ATM card someone stole my wallet on public transit as soon as possible reference 10016949,CardLock
Deactivate physical card immediately suspicious charge detected authorized via mobile app session,CardLock
Suspend all outgoing card transactions until I locate my card priority banking transaction,CardLock
Put an emergency freeze on my visa card right now confirmed for account 1340,CardLock
Emergency card cancellation reported stolen card abroad please authenticate and execute,CardLock
Disable contactless tap payments on debit card 1374 as soon as possible reference 10021934,CardLock
Lock my corporate credit card after security alert notification authorized via mobile app session,CardLock
Halt all purchases on card ending in 1408 lost at restaurant priority banking transaction,CardLock
Instantly disable virtual card number due to data breach alert confirmed for account 1425,CardLock
My card was retained by automated teller machine please lock card please authenticate and execute,CardLock
Report lost debit card and request instant security lockout as soon as possible reference 10026919,CardLock
Restrict card usage to domestic in-person transactions only authorized via mobile app session,CardLock
Deactivate stolen credit card and prevent any further authorizations priority banking transaction,CardLock
Freeze my debit card immediately I lost my leather wallet confirmed for account 1510,CardLock
Temporarily lock credit card ending in 1527 due to misplaced purse please authenticate and execute,CardLock
Block my ATM card someone stole my wallet on public transit as soon as possible reference 10031904,CardLock
Deactivate physical card immediately suspicious charge detected authorized via mobile app session,CardLock
Suspend all outgoing card transactions until I locate my card priority banking transaction,CardLock
Put an emergency freeze on my visa card right now confirmed for account 1595,CardLock
Emergency card cancellation reported stolen card abroad please authenticate and execute,CardLock
Disable contactless tap payments on debit card 1629 as soon as possible reference 10036889,CardLock
Lock my corporate credit card after security alert notification authorized via mobile app session,CardLock
Halt all purchases on card ending in 1663 lost at restaurant priority banking transaction,CardLock
Instantly disable virtual card number due to data breach alert confirmed for account 1680,CardLock
My card was retained by automated teller machine please lock card please authenticate and execute,CardLock
Report lost debit card and request instant security lockout as soon as possible reference 10041874,CardLock
Restrict card usage to domestic in-person transactions only authorized via mobile app session,CardLock
Deactivate stolen credit card and prevent any further authorizations priority banking transaction,CardLock
Freeze my debit card immediately I lost my leather wallet confirmed for account 1765,CardLock
Temporarily lock credit card ending in 1782 due to misplaced purse please authenticate and execute,CardLock
Block my ATM card someone stole my wallet on public transit as soon as possible reference 10046859,CardLock
Deactivate physical card immediately suspicious charge detected authorized via mobile app session,CardLock
Suspend all outgoing card transactions until I locate my card priority banking transaction,CardLock
Put an emergency freeze on my visa card right now confirmed for account 1850,CardLock
Emergency card cancellation reported stolen card abroad please authenticate and execute,CardLock
Disable contactless tap payments on debit card 1884 as soon as possible reference 10051844,CardLock
Lock my corporate credit card after security alert notification authorized via mobile app session,CardLock
Halt all purchases on card ending in 1918 lost at restaurant priority banking transaction,CardLock
Instantly disable virtual card number due to data breach alert confirmed for account 1935,CardLock
My card was retained by automated teller machine please lock card please authenticate and execute,CardLock
Report lost debit card and request instant security lockout as soon as possible reference 10056829,CardLock
Restrict card usage to domestic in-person transactions only authorized via mobile app session,CardLock
Deactivate stolen credit card and prevent any further authorizations priority banking transaction,CardLock
Freeze my debit card immediately I lost my leather wallet confirmed for account 2020,CardLock
Temporarily lock credit card ending in 2037 due to misplaced purse please authenticate and execute,CardLock
Block my ATM card someone stole my wallet on public transit as soon as possible reference 10061814,CardLock
Deactivate physical card immediately suspicious charge detected authorized via mobile app session,CardLock
Suspend all outgoing card transactions until I locate my card priority banking transaction,CardLock
Put an emergency freeze on my visa card right now confirmed for account 2105,CardLock
Emergency card cancellation reported stolen card abroad please authenticate and execute,CardLock
Disable contactless tap payments on debit card 2139 as soon as possible reference 10066799,CardLock
Lock my corporate credit card after security alert notification authorized via mobile app session,CardLock
Halt all purchases on card ending in 2173 lost at restaurant priority banking transaction,CardLock
Instantly disable virtual card number due to data breach alert confirmed for account 2190,CardLock
My card was retained by automated teller machine please lock card please authenticate and execute,CardLock
Report lost debit card and request instant security lockout as soon as possible reference 10071784,CardLock
Restrict card usage to domestic in-person transactions only authorized via mobile app session,CardLock
Deactivate stolen credit card and prevent any further authorizations priority banking transaction,CardLock
Freeze my debit card immediately I lost my leather wallet confirmed for account 2275,CardLock
Temporarily lock credit card ending in 2292 due to misplaced purse please authenticate and execute,CardLock
Block my ATM card someone stole my wallet on public transit as soon as possible reference 10076769,CardLock
Deactivate physical card immediately suspicious charge detected authorized via mobile app session,CardLock
Suspend all outgoing card transactions until I locate my card priority banking transaction,CardLock
Put an emergency freeze on my visa card right now confirmed for account 2360,CardLock
Emergency card cancellation reported stolen card abroad please authenticate and execute,CardLock
Disable contactless tap payments on debit card 2394 as soon as possible reference 10081754,CardLock
Lock my corporate credit card after security alert notification authorized via mobile app session,CardLock
Halt all purchases on card ending in 2428 lost at restaurant priority banking transaction,CardLock
Instantly disable virtual card number due to data breach alert confirmed for account 2445,CardLock
My card was retained by automated teller machine please lock card please authenticate and execute,CardLock
Report lost debit card and request instant security lockout as soon as possible reference 10086739,CardLock
Restrict card usage to domestic in-person transactions only authorized via mobile app session,CardLock
Deactivate stolen credit card and prevent any further authorizations priority banking transaction,CardLock
Freeze my debit card immediately I lost my leather wallet confirmed for account 2530,CardLock
Temporarily lock credit card ending in 2547 due to misplaced purse please authenticate and execute,CardLock
Block my ATM card someone stole my wallet on public transit as soon as possible reference 10091724,CardLock
Deactivate physical card immediately suspicious charge detected authorized via mobile app session,CardLock
Suspend all outgoing card transactions until I locate my card priority banking transaction,CardLock
Put an emergency freeze on my visa card right now confirmed for account 2615,CardLock
Emergency card cancellation reported stolen card abroad please authenticate and execute,CardLock
Disable contactless tap payments on debit card 2649 as soon as possible reference 10096709,CardLock
Lock my corporate credit card after security alert notification authorized via mobile app session,CardLock
Halt all purchases on card ending in 2683 lost at restaurant priority banking transaction,CardLock
Instantly disable virtual card number due to data breach alert confirmed for account 2700,CardLock
My card was retained by automated teller machine please lock card please authenticate and execute,CardLock
Report lost debit card and request instant security lockout as soon as possible reference 10101694,CardLock
Restrict card usage to domestic in-person transactions only authorized via mobile app session,CardLock
Deactivate stolen credit card and prevent any further authorizations priority banking transaction,CardLock
Freeze my debit card immediately I lost my leather wallet confirmed for account 2785,CardLock
Temporarily lock credit card ending in 2802 due to misplaced purse please authenticate and execute,CardLock
Block my ATM card someone stole my wallet on public transit as soon as possible reference 10106679,CardLock
Deactivate physical card immediately suspicious charge detected authorized via mobile app session,CardLock
Suspend all outgoing card transactions until I locate my card priority banking transaction,CardLock
Put an emergency freeze on my visa card right now confirmed for account 2870,CardLock
Emergency card cancellation reported stolen card abroad please authenticate and execute,CardLock
Disable contactless tap payments on debit card 2904 as soon as possible reference 10111664,CardLock
Lock my corporate credit card after security alert notification authorized via mobile app session,CardLock
Halt all purchases on card ending in 2938 lost at restaurant priority banking transaction,CardLock
Instantly disable virtual card number due to data breach alert confirmed for account 2955,CardLock
My card was retained by automated teller machine please lock card please authenticate and execute,CardLock
Report lost debit card and request instant security lockout as soon as possible reference 10116649,CardLock
Restrict card usage to domestic in-person transactions only authorized via mobile app session,CardLock
Deactivate stolen credit card and prevent any further authorizations priority banking transaction,CardLock
Freeze my debit card immediately I lost my leather wallet confirmed for account 3040,CardLock
Temporarily lock credit card ending in 3057 due to misplaced purse please authenticate and execute,CardLock
Block my ATM card someone stole my wallet on public transit as soon as possible reference 10121634,CardLock
Deactivate physical card immediately suspicious charge detected authorized via mobile app session,CardLock
Suspend all outgoing card transactions until I locate my card priority banking transaction,CardLock
Put an emergency freeze on my visa card right now confirmed for account 3125,CardLock
Emergency card cancellation reported stolen card abroad please authenticate and execute,CardLock
Disable contactless tap payments on debit card 3159 as soon as possible reference 10126619,CardLock
Lock my corporate credit card after security alert notification authorized via mobile app session,CardLock
Halt all purchases on card ending in 3193 lost at restaurant priority banking transaction,CardLock
Instantly disable virtual card number due to data breach alert confirmed for account 3210,CardLock
My card was retained by automated teller machine please lock card please authenticate and execute,CardLock
Report lost debit card and request instant security lockout as soon as possible reference 10131604,CardLock
Restrict card usage to domestic in-person transactions only authorized via mobile app session,CardLock
Deactivate stolen credit card and prevent any further authorizations priority banking transaction,CardLock
Freeze my debit card immediately I lost my leather wallet confirmed for account 3295,CardLock
Temporarily lock credit card ending in 3312 due to misplaced purse please authenticate and execute,CardLock
Block my ATM card someone stole my wallet on public transit as soon as possible reference 10136589,CardLock
Deactivate physical card immediately suspicious charge detected authorized via mobile app session,CardLock
Suspend all outgoing card transactions until I locate my card priority banking transaction,CardLock
Put an emergency freeze on my visa card right now confirmed for account 3380,CardLock
Emergency card cancellation reported stolen card abroad please authenticate and execute,CardLock
Disable contactless tap payments on debit card 3414 as soon as possible reference 10141574,CardLock
Lock my corporate credit card after security alert notification authorized via mobile app session,CardLock
Halt all purchases on card ending in 3448 lost at restaurant priority banking transaction,CardLock
Instantly disable virtual card number due to data breach alert confirmed for account 3465,CardLock
My card was retained by automated teller machine please lock card please authenticate and execute,CardLock
Report lost debit card and request instant security lockout as soon as possible reference 10146559,CardLock
Restrict card usage to domestic in-person transactions only authorized via mobile app session,CardLock
Deactivate stolen credit card and prevent any further authorizations priority banking transaction,CardLock
Freeze my debit card immediately I lost my leather wallet confirmed for account 3550,CardLock
Temporarily lock credit card ending in 3567 due to misplaced purse please authenticate and execute,CardLock
Block my ATM card someone stole my wallet on public transit as soon as possible reference 10151544,CardLock
Deactivate physical card immediately suspicious charge detected authorized via mobile app session,CardLock
Suspend all outgoing card transactions until I locate my card priority banking transaction,CardLock
Put an emergency freeze on my visa card right now confirmed for account 3635,CardLock
Emergency card cancellation reported stolen card abroad please authenticate and execute,CardLock
Disable contactless tap payments on debit card 3669 as soon as possible reference 10156529,CardLock
Lock my corporate credit card after security alert notification authorized via mobile app session,CardLock
Halt all purchases on card ending in 3703 lost at restaurant priority banking transaction,CardLock
Instantly disable virtual card number due to data breach alert confirmed for account 3720,CardLock
My card was retained by automated teller machine please lock card please authenticate and execute,CardLock
Report lost debit card and request instant security lockout as soon as possible reference 10161514,CardLock
Restrict card usage to domestic in-person transactions only authorized via mobile app session,CardLock
Deactivate stolen credit card and prevent any further authorizations priority banking transaction,CardLock
Freeze my debit card immediately I lost my leather wallet confirmed for account 3805,CardLock
Temporarily lock credit card ending in 3822 due to misplaced purse please authenticate and execute,CardLock
Block my ATM card someone stole my wallet on public transit as soon as possible reference 10166499,CardLock
Deactivate physical card immediately suspicious charge detected authorized via mobile app session,CardLock
Suspend all outgoing card transactions until I locate my card priority banking transaction,CardLock
Put an emergency freeze on my visa card right now confirmed for account 3890,CardLock
Emergency card cancellation reported stolen card abroad please authenticate and execute,CardLock
Disable contactless tap payments on debit card 3924 as soon as possible reference 10171484,CardLock
Lock my corporate credit card after security alert notification authorized via mobile app session,CardLock
Halt all purchases on card ending in 3958 lost at restaurant priority banking transaction,CardLock
Instantly disable virtual card number due to data breach alert confirmed for account 3975,CardLock
My card was retained by automated teller machine please lock card please authenticate and execute,CardLock
Report lost debit card and request instant security lockout as soon as possible reference 10176469,CardLock
Restrict card usage to domestic in-person transactions only authorized via mobile app session,CardLock
Deactivate stolen credit card and prevent any further authorizations priority banking transaction,CardLock
Freeze my debit card immediately I lost my leather wallet confirmed for account 4060,CardLock
Temporarily lock credit card ending in 4077 due to misplaced purse please authenticate and execute,CardLock
Block my ATM card someone stole my wallet on public transit as soon as possible reference 10181454,CardLock
Deactivate physical card immediately suspicious charge detected authorized via mobile app session,CardLock
Suspend all outgoing card transactions until I locate my card priority banking transaction,CardLock
Put an emergency freeze on my visa card right now confirmed for account 4145,CardLock
Emergency card cancellation reported stolen card abroad please authenticate and execute,CardLock
Disable contactless tap payments on debit card 4179 as soon as possible reference 10186439,CardLock
Lock my corporate credit card after security alert notification authorized via mobile app session,CardLock
Halt all purchases on card ending in 4213 lost at restaurant priority banking transaction,CardLock
Instantly disable virtual card number due to data breach alert confirmed for account 4230,CardLock
My card was retained by automated teller machine please lock card please authenticate and execute,CardLock
Report lost debit card and request instant security lockout as soon as possible reference 10191424,CardLock
Restrict card usage to domestic in-person transactions only authorized via mobile app session,CardLock
Deactivate stolen credit card and prevent any further authorizations priority banking transaction,CardLock
Freeze my debit card immediately I lost my leather wallet confirmed for account 4315,CardLock
Temporarily lock credit card ending in 4332 due to misplaced purse please authenticate and execute,CardLock
Block my ATM card someone stole my wallet on public transit as soon as possible reference 10196409,CardLock
Deactivate physical card immediately suspicious charge detected authorized via mobile app session,CardLock
Suspend all outgoing card transactions until I locate my card priority banking transaction,CardLock
Put an emergency freeze on my visa card right now confirmed for account 4400,CardLock
Emergency card cancellation reported stolen card abroad please authenticate and execute,CardLock
Disable contactless tap payments on debit card 4434 as soon as possible reference 10201394,CardLock
Lock my corporate credit card after security alert notification authorized via mobile app session,CardLock
Halt all purchases on card ending in 4468 lost at restaurant priority banking transaction,CardLock
Instantly disable virtual card number due to data breach alert confirmed for account 4485,CardLock
My card was retained by automated teller machine please lock card please authenticate and execute,CardLock
Report lost debit card and request instant security lockout as soon as possible reference 10206379,CardLock
Restrict card usage to domestic in-person transactions only authorized via mobile app session,CardLock
Deactivate stolen credit card and prevent any further authorizations priority banking transaction,CardLock
Freeze my debit card immediately I lost my leather wallet confirmed for account 4570,CardLock
Temporarily lock credit card ending in 4587 due to misplaced purse please authenticate and execute,CardLock
Block my ATM card someone stole my wallet on public transit as soon as possible reference 10211364,CardLock
Deactivate physical card immediately suspicious charge detected authorized via mobile app session,CardLock
Suspend all outgoing card transactions until I locate my card priority banking transaction,CardLock
Put an emergency freeze on my visa card right now confirmed for account 4655,CardLock
Emergency card cancellation reported stolen card abroad please authenticate and execute,CardLock
Disable contactless tap payments on debit card 4689 as soon as possible reference 10216349,CardLock
Lock my corporate credit card after security alert notification authorized via mobile app session,CardLock
Halt all purchases on card ending in 4723 lost at restaurant priority banking transaction,CardLock
Instantly disable virtual card number due to data breach alert confirmed for account 4740,CardLock
My card was retained by automated teller machine please lock card please authenticate and execute,CardLock
Report lost debit card and request instant security lockout as soon as possible reference 10221334,CardLock
Restrict card usage to domestic in-person transactions only authorized via mobile app session,CardLock
Deactivate stolen credit card and prevent any further authorizations priority banking transaction,CardLock
Freeze my debit card immediately I lost my leather wallet confirmed for account 4825,CardLock
Temporarily lock credit card ending in 4842 due to misplaced purse please authenticate and execute,CardLock
Block my ATM card someone stole my wallet on public transit as soon as possible reference 10226319,CardLock
Deactivate physical card immediately suspicious charge detected authorized via mobile app session,CardLock
Suspend all outgoing card transactions until I locate my card priority banking transaction,CardLock
Put an emergency freeze on my visa card right now confirmed for account 4910,CardLock
Emergency card cancellation reported stolen card abroad please authenticate and execute,CardLock
Disable contactless tap payments on debit card 4944 as soon as possible reference 10231304,CardLock
Lock my corporate credit card after security alert notification authorized via mobile app session,CardLock
Halt all purchases on card ending in 4978 lost at restaurant priority banking transaction,CardLock
Instantly disable virtual card number due to data breach alert confirmed for account 4995,CardLock
My card was retained by automated teller machine please lock card please authenticate and execute,CardLock
Report lost debit card and request instant security lockout as soon as possible reference 10236289,CardLock
Restrict card usage to domestic in-person transactions only authorized via mobile app session,CardLock
Deactivate stolen credit card and prevent any further authorizations priority banking transaction,CardLock
Freeze my debit card immediately I lost my leather wallet confirmed for account 5080,CardLock
Temporarily lock credit card ending in 5097 due to misplaced purse please authenticate and execute,CardLock
Block my ATM card someone stole my wallet on public transit as soon as possible reference 10241274,CardLock
Deactivate physical card immediately suspicious charge detected authorized via mobile app session,CardLock
Suspend all outgoing card transactions until I locate my card priority banking transaction,CardLock
Put an emergency freeze on my visa card right now confirmed for account 5165,CardLock
Emergency card cancellation reported stolen card abroad please authenticate and execute,CardLock
Disable contactless tap payments on debit card 5199 as soon as possible reference 10246259,CardLock
Lock my corporate credit card after security alert notification authorized via mobile app session,CardLock
Halt all purchases on card ending in 5233 lost at restaurant priority banking transaction,CardLock
Update my residential street address in my user profile,UpdateProfile
Change primary contact telephone number on my banking profile,UpdateProfile
Edit registered personal email address for statement notifications,UpdateProfile
Modify legal account holder name following marriage documentation,UpdateProfile
Update employer details and annual income bracket on file,UpdateProfile
Change my mailing address for physical card renewal delivery,UpdateProfile
Switch notification preferences to SMS alerts rather than email,UpdateProfile
Enroll in paperless digital statements and disable paper mailings,UpdateProfile
Update secondary emergency contact information on profile,UpdateProfile
Edit my registered tax identification number and residency status,UpdateProfile
Change preferred language setting for customer communications to English,UpdateProfile
Update mobile number used for one time passcode verification,UpdateProfile
Correct spelling of my middle name on official profile records,UpdateProfile
Upload new government issued passport scan to refresh KYC profile,UpdateProfile
Set new default account for receiving incoming peer payments,UpdateProfile
Update my residential street address in my user profile confirmed for account 1255,UpdateProfile
Change primary contact telephone number on my banking profile please authenticate and execute,UpdateProfile
Edit registered personal email address for statement notifications as soon as possible reference 10016949,UpdateProfile
Modify legal account holder name following marriage documentation authorized via mobile app session,UpdateProfile
Update employer details and annual income bracket on file priority banking transaction,UpdateProfile
Change my mailing address for physical card renewal delivery confirmed for account 1340,UpdateProfile
Switch notification preferences to SMS alerts rather than email please authenticate and execute,UpdateProfile
Enroll in paperless digital statements and disable paper mailings as soon as possible reference 10021934,UpdateProfile
Update secondary emergency contact information on profile authorized via mobile app session,UpdateProfile
Edit my registered tax identification number and residency status priority banking transaction,UpdateProfile
Change preferred language setting for customer communications to English confirmed for account 1425,UpdateProfile
Update mobile number used for one time passcode verification please authenticate and execute,UpdateProfile
Correct spelling of my middle name on official profile records as soon as possible reference 10026919,UpdateProfile
Upload new government issued passport scan to refresh KYC profile authorized via mobile app session,UpdateProfile
Set new default account for receiving incoming peer payments priority banking transaction,UpdateProfile
Update my residential street address in my user profile confirmed for account 1510,UpdateProfile
Change primary contact telephone number on my banking profile please authenticate and execute,UpdateProfile
Edit registered personal email address for statement notifications as soon as possible reference 10031904,UpdateProfile
Modify legal account holder name following marriage documentation authorized via mobile app session,UpdateProfile
Update employer details and annual income bracket on file priority banking transaction,UpdateProfile
Change my mailing address for physical card renewal delivery confirmed for account 1595,UpdateProfile
Switch notification preferences to SMS alerts rather than email please authenticate and execute,UpdateProfile
Enroll in paperless digital statements and disable paper mailings as soon as possible reference 10036889,UpdateProfile
Update secondary emergency contact information on profile authorized via mobile app session,UpdateProfile
Edit my registered tax identification number and residency status priority banking transaction,UpdateProfile
Change preferred language setting for customer communications to English confirmed for account 1680,UpdateProfile
Update mobile number used for one time passcode verification please authenticate and execute,UpdateProfile
Correct spelling of my middle name on official profile records as soon as possible reference 10041874,UpdateProfile
Upload new government issued passport scan to refresh KYC profile authorized via mobile app session,UpdateProfile
Set new default account for receiving incoming peer payments priority banking transaction,UpdateProfile
Update my residential street address in my user profile confirmed for account 1765,UpdateProfile
Change primary contact telephone number on my banking profile please authenticate and execute,UpdateProfile
Edit registered personal email address for statement notifications as soon as possible reference 10046859,UpdateProfile
Modify legal account holder name following marriage documentation authorized via mobile app session,UpdateProfile
Update employer details and annual income bracket on file priority banking transaction,UpdateProfile
Change my mailing address for physical card renewal delivery confirmed for account 1850,UpdateProfile
Switch notification preferences to SMS alerts rather than email please authenticate and execute,UpdateProfile
Enroll in paperless digital statements and disable paper mailings as soon as possible reference 10051844,UpdateProfile
Update secondary emergency contact information on profile authorized via mobile app session,UpdateProfile
Edit my registered tax identification number and residency status priority banking transaction,UpdateProfile
Change preferred language setting for customer communications to English confirmed for account 1935,UpdateProfile
Update mobile number used for one time passcode verification please authenticate and execute,UpdateProfile
Correct spelling of my middle name on official profile records as soon as possible reference 10056829,UpdateProfile
Upload new government issued passport scan to refresh KYC profile authorized via mobile app session,UpdateProfile
Set new default account for receiving incoming peer payments priority banking transaction,UpdateProfile
Update my residential street address in my user profile confirmed for account 2020,UpdateProfile
Change primary contact telephone number on my banking profile please authenticate and execute,UpdateProfile
Edit registered personal email address for statement notifications as soon as possible reference 10061814,UpdateProfile
Modify legal account holder name following marriage documentation authorized via mobile app session,UpdateProfile
Update employer details and annual income bracket on file priority banking transaction,UpdateProfile
Change my mailing address for physical card renewal delivery confirmed for account 2105,UpdateProfile
Switch notification preferences to SMS alerts rather than email please authenticate and execute,UpdateProfile
Enroll in paperless digital statements and disable paper mailings as soon as possible reference 10066799,UpdateProfile
Update secondary emergency contact information on profile authorized via mobile app session,UpdateProfile
Edit my registered tax identification number and residency status priority banking transaction,UpdateProfile
Change preferred language setting for customer communications to English confirmed for account 2190,UpdateProfile
Update mobile number used for one time passcode verification please authenticate and execute,UpdateProfile
Correct spelling of my middle name on official profile records as soon as possible reference 10071784,UpdateProfile
Upload new government issued passport scan to refresh KYC profile authorized via mobile app session,UpdateProfile
Set new default account for receiving incoming peer payments priority banking transaction,UpdateProfile
Update my residential street address in my user profile confirmed for account 2275,UpdateProfile
Change primary contact telephone number on my banking profile please authenticate and execute,UpdateProfile
Edit registered personal email address for statement notifications as soon as possible reference 10076769,UpdateProfile
Modify legal account holder name following marriage documentation authorized via mobile app session,UpdateProfile
Update employer details and annual income bracket on file priority banking transaction,UpdateProfile
Change my mailing address for physical card renewal delivery confirmed for account 2360,UpdateProfile
Switch notification preferences to SMS alerts rather than email please authenticate and execute,UpdateProfile
Enroll in paperless digital statements and disable paper mailings as soon as possible reference 10081754,UpdateProfile
Update secondary emergency contact information on profile authorized via mobile app session,UpdateProfile
Edit my registered tax identification number and residency status priority banking transaction,UpdateProfile
Change preferred language setting for customer communications to English confirmed for account 2445,UpdateProfile
Update mobile number used for one time passcode verification please authenticate and execute,UpdateProfile
Correct spelling of my middle name on official profile records as soon as possible reference 10086739,UpdateProfile
Upload new government issued passport scan to refresh KYC profile authorized via mobile app session,UpdateProfile
Set new default account for receiving incoming peer payments priority banking transaction,UpdateProfile
Update my residential street address in my user profile confirmed for account 2530,UpdateProfile
Change primary contact telephone number on my banking profile please authenticate and execute,UpdateProfile
Edit registered personal email address for statement notifications as soon as possible reference 10091724,UpdateProfile
Modify legal account holder name following marriage documentation authorized via mobile app session,UpdateProfile
Update employer details and annual income bracket on file priority banking transaction,UpdateProfile
Change my mailing address for physical card renewal delivery confirmed for account 2615,UpdateProfile
Switch notification preferences to SMS alerts rather than email please authenticate and execute,UpdateProfile
Enroll in paperless digital statements and disable paper mailings as soon as possible reference 10096709,UpdateProfile
Update secondary emergency contact information on profile authorized via mobile app session,UpdateProfile
Edit my registered tax identification number and residency status priority banking transaction,UpdateProfile
Change preferred language setting for customer communications to English confirmed for account 2700,UpdateProfile
Update mobile number used for one time passcode verification please authenticate and execute,UpdateProfile
Correct spelling of my middle name on official profile records as soon as possible reference 10101694,UpdateProfile
Upload new government issued passport scan to refresh KYC profile authorized via mobile app session,UpdateProfile
Set new default account for receiving incoming peer payments priority banking transaction,UpdateProfile
Update my residential street address in my user profile confirmed for account 2785,UpdateProfile
Change primary contact telephone number on my banking profile please authenticate and execute,UpdateProfile
Edit registered personal email address for statement notifications as soon as possible reference 10106679,UpdateProfile
Modify legal account holder name following marriage documentation authorized via mobile app session,UpdateProfile
Update employer details and annual income bracket on file priority banking transaction,UpdateProfile
Change my mailing address for physical card renewal delivery confirmed for account 2870,UpdateProfile
Switch notification preferences to SMS alerts rather than email please authenticate and execute,UpdateProfile
Enroll in paperless digital statements and disable paper mailings as soon as possible reference 10111664,UpdateProfile
Update secondary emergency contact information on profile authorized via mobile app session,UpdateProfile
Edit my registered tax identification number and residency status priority banking transaction,UpdateProfile
Change preferred language setting for customer communications to English confirmed for account 2955,UpdateProfile
Update mobile number used for one time passcode verification please authenticate and execute,UpdateProfile
Correct spelling of my middle name on official profile records as soon as possible reference 10116649,UpdateProfile
Upload new government issued passport scan to refresh KYC profile authorized via mobile app session,UpdateProfile
Set new default account for receiving incoming peer payments priority banking transaction,UpdateProfile
Update my residential street address in my user profile confirmed for account 3040,UpdateProfile
Change primary contact telephone number on my banking profile please authenticate and execute,UpdateProfile
Edit registered personal email address for statement notifications as soon as possible reference 10121634,UpdateProfile
Modify legal account holder name following marriage documentation authorized via mobile app session,UpdateProfile
Update employer details and annual income bracket on file priority banking transaction,UpdateProfile
Change my mailing address for physical card renewal delivery confirmed for account 3125,UpdateProfile
Switch notification preferences to SMS alerts rather than email please authenticate and execute,UpdateProfile
Enroll in paperless digital statements and disable paper mailings as soon as possible reference 10126619,UpdateProfile
Update secondary emergency contact information on profile authorized via mobile app session,UpdateProfile
Edit my registered tax identification number and residency status priority banking transaction,UpdateProfile
Change preferred language setting for customer communications to English confirmed for account 3210,UpdateProfile
Update mobile number used for one time passcode verification please authenticate and execute,UpdateProfile
Correct spelling of my middle name on official profile records as soon as possible reference 10131604,UpdateProfile
Upload new government issued passport scan to refresh KYC profile authorized via mobile app session,UpdateProfile
Set new default account for receiving incoming peer payments priority banking transaction,UpdateProfile
Update my residential street address in my user profile confirmed for account 3295,UpdateProfile
Change primary contact telephone number on my banking profile please authenticate and execute,UpdateProfile
Edit registered personal email address for statement notifications as soon as possible reference 10136589,UpdateProfile
Modify legal account holder name following marriage documentation authorized via mobile app session,UpdateProfile
Update employer details and annual income bracket on file priority banking transaction,UpdateProfile
Change my mailing address for physical card renewal delivery confirmed for account 3380,UpdateProfile
Switch notification preferences to SMS alerts rather than email please authenticate and execute,UpdateProfile
Enroll in paperless digital statements and disable paper mailings as soon as possible reference 10141574,UpdateProfile
Update secondary emergency contact information on profile authorized via mobile app session,UpdateProfile
Edit my registered tax identification number and residency status priority banking transaction,UpdateProfile
Change preferred language setting for customer communications to English confirmed for account 3465,UpdateProfile
Update mobile number used for one time passcode verification please authenticate and execute,UpdateProfile
Correct spelling of my middle name on official profile records as soon as possible reference 10146559,UpdateProfile
Upload new government issued passport scan to refresh KYC profile authorized via mobile app session,UpdateProfile
Set new default account for receiving incoming peer payments priority banking transaction,UpdateProfile
Update my residential street address in my user profile confirmed for account 3550,UpdateProfile
Change primary contact telephone number on my banking profile please authenticate and execute,UpdateProfile
Edit registered personal email address for statement notifications as soon as possible reference 10151544,UpdateProfile
Modify legal account holder name following marriage documentation authorized via mobile app session,UpdateProfile
Update employer details and annual income bracket on file priority banking transaction,UpdateProfile
Change my mailing address for physical card renewal delivery confirmed for account 3635,UpdateProfile
Switch notification preferences to SMS alerts rather than email please authenticate and execute,UpdateProfile
Enroll in paperless digital statements and disable paper mailings as soon as possible reference 10156529,UpdateProfile
Update secondary emergency contact information on profile authorized via mobile app session,UpdateProfile
Edit my registered tax identification number and residency status priority banking transaction,UpdateProfile
Change preferred language setting for customer communications to English confirmed for account 3720,UpdateProfile
Update mobile number used for one time passcode verification please authenticate and execute,UpdateProfile
Correct spelling of my middle name on official profile records as soon as possible reference 10161514,UpdateProfile
Upload new government issued passport scan to refresh KYC profile authorized via mobile app session,UpdateProfile
Set new default account for receiving incoming peer payments priority banking transaction,UpdateProfile
Update my residential street address in my user profile confirmed for account 3805,UpdateProfile
Change primary contact telephone number on my banking profile please authenticate and execute,UpdateProfile
Edit registered personal email address for statement notifications as soon as possible reference 10166499,UpdateProfile
Modify legal account holder name following marriage documentation authorized via mobile app session,UpdateProfile
Update employer details and annual income bracket on file priority banking transaction,UpdateProfile
Change my mailing address for physical card renewal delivery confirmed for account 3890,UpdateProfile
Switch notification preferences to SMS alerts rather than email please authenticate and execute,UpdateProfile
Enroll in paperless digital statements and disable paper mailings as soon as possible reference 10171484,UpdateProfile
Update secondary emergency contact information on profile authorized via mobile app session,UpdateProfile
Edit my registered tax identification number and residency status priority banking transaction,UpdateProfile
Change preferred language setting for customer communications to English confirmed for account 3975,UpdateProfile
Update mobile number used for one time passcode verification please authenticate and execute,UpdateProfile
Correct spelling of my middle name on official profile records as soon as possible reference 10176469,UpdateProfile
Upload new government issued passport scan to refresh KYC profile authorized via mobile app session,UpdateProfile
Set new default account for receiving incoming peer payments priority banking transaction,UpdateProfile
Update my residential street address in my user profile confirmed for account 4060,UpdateProfile
Change primary contact telephone number on my banking profile please authenticate and execute,UpdateProfile
Edit registered personal email address for statement notifications as soon as possible reference 10181454,UpdateProfile
Modify legal account holder name following marriage documentation authorized via mobile app session,UpdateProfile
Update employer details and annual income bracket on file priority banking transaction,UpdateProfile
Change my mailing address for physical card renewal delivery confirmed for account 4145,UpdateProfile
Switch notification preferences to SMS alerts rather than email please authenticate and execute,UpdateProfile
Enroll in paperless digital statements and disable paper mailings as soon as possible reference 10186439,UpdateProfile
Update secondary emergency contact information on profile authorized via mobile app session,UpdateProfile
Edit my registered tax identification number and residency status priority banking transaction,UpdateProfile
Change preferred language setting for customer communications to English confirmed for account 4230,UpdateProfile
Update mobile number used for one time passcode verification please authenticate and execute,UpdateProfile
Correct spelling of my middle name on official profile records as soon as possible reference 10191424,UpdateProfile
Upload new government issued passport scan to refresh KYC profile authorized via mobile app session,UpdateProfile
Set new default account for receiving incoming peer payments priority banking transaction,UpdateProfile
Update my residential street address in my user profile confirmed for account 4315,UpdateProfile
Change primary contact telephone number on my banking profile please authenticate and execute,UpdateProfile
Edit registered personal email address for statement notifications as soon as possible reference 10196409,UpdateProfile
Modify legal account holder name following marriage documentation authorized via mobile app session,UpdateProfile
Update employer details and annual income bracket on file priority banking transaction,UpdateProfile
Change my mailing address for physical card renewal delivery confirmed for account 4400,UpdateProfile
Switch notification preferences to SMS alerts rather than email please authenticate and execute,UpdateProfile
Enroll in paperless digital statements and disable paper mailings as soon as possible reference 10201394,UpdateProfile
Update secondary emergency contact information on profile authorized via mobile app session,UpdateProfile
Edit my registered tax identification number and residency status priority banking transaction,UpdateProfile
Change preferred language setting for customer communications to English confirmed for account 4485,UpdateProfile
Update mobile number used for one time passcode verification please authenticate and execute,UpdateProfile
Correct spelling of my middle name on official profile records as soon as possible reference 10206379,UpdateProfile
Upload new government issued passport scan to refresh KYC profile authorized via mobile app session,UpdateProfile
Set new default account for receiving incoming peer payments priority banking transaction,UpdateProfile
Update my residential street address in my user profile confirmed for account 4570,UpdateProfile
Change primary contact telephone number on my banking profile please authenticate and execute,UpdateProfile
Edit registered personal email address for statement notifications as soon as possible reference 10211364,UpdateProfile
Modify legal account holder name following marriage documentation authorized via mobile app session,UpdateProfile
Update employer details and annual income bracket on file priority banking transaction,UpdateProfile
Change my mailing address for physical card renewal delivery confirmed for account 4655,UpdateProfile
Switch notification preferences to SMS alerts rather than email please authenticate and execute,UpdateProfile
Enroll in paperless digital statements and disable paper mailings as soon as possible reference 10216349,UpdateProfile
Update secondary emergency contact information on profile authorized via mobile app session,UpdateProfile
Edit my registered tax identification number and residency status priority banking transaction,UpdateProfile
Change preferred language setting for customer communications to English confirmed for account 4740,UpdateProfile
Update mobile number used for one time passcode verification please authenticate and execute,UpdateProfile
Correct spelling of my middle name on official profile records as soon as possible reference 10221334,UpdateProfile
Upload new government issued passport scan to refresh KYC profile authorized via mobile app session,UpdateProfile
Set new default account for receiving incoming peer payments priority banking transaction,UpdateProfile
Update my residential street address in my user profile confirmed for account 4825,UpdateProfile
Change primary contact telephone number on my banking profile please authenticate and execute,UpdateProfile
Edit registered personal email address for statement notifications as soon as possible reference 10226319,UpdateProfile
Modify legal account holder name following marriage documentation authorized via mobile app session,UpdateProfile
Update employer details and annual income bracket on file priority banking transaction,UpdateProfile
Change my mailing address for physical card renewal delivery confirmed for account 4910,UpdateProfile
Switch notification preferences to SMS alerts rather than email please authenticate and execute,UpdateProfile
Enroll in paperless digital statements and disable paper mailings as soon as possible reference 10231304,UpdateProfile
Update secondary emergency contact information on profile authorized via mobile app session,UpdateProfile
Edit my registered tax identification number and residency status priority banking transaction,UpdateProfile
Change preferred language setting for customer communications to English confirmed for account 4995,UpdateProfile
Update mobile number used for one time passcode verification please authenticate and execute,UpdateProfile
Correct spelling of my middle name on official profile records as soon as possible reference 10236289,UpdateProfile
Upload new government issued passport scan to refresh KYC profile authorized via mobile app session,UpdateProfile
Set new default account for receiving incoming peer payments priority banking transaction,UpdateProfile
Update my residential street address in my user profile confirmed for account 5080,UpdateProfile
Change primary contact telephone number on my banking profile please authenticate and execute,UpdateProfile
Edit registered personal email address for statement notifications as soon as possible reference 10241274,UpdateProfile
Modify legal account holder name following marriage documentation authorized via mobile app session,UpdateProfile
Update employer details and annual income bracket on file priority banking transaction,UpdateProfile
Change my mailing address for physical card renewal delivery confirmed for account 5165,UpdateProfile
Switch notification preferences to SMS alerts rather than email please authenticate and execute,UpdateProfile
Enroll in paperless digital statements and disable paper mailings as soon as possible reference 10246259,UpdateProfile
Update secondary emergency contact information on profile authorized via mobile app session,UpdateProfile
Edit my registered tax identification number and residency status priority banking transaction,UpdateProfile
