text,label
curl: (28) Failed to connect to registry.npmjs.org port 443: Connection timed out,NetworkTimeoutRetry
dial tcp: lookup registry-1.docker.io on 127.0.0.53:53: read udp i/o timeout,NetworkTimeoutRetry
git clone failed unexpected EOF while receiving object pack from github,NetworkTimeoutRetry
connection reset by peer during maven dependency resolution download,NetworkTimeoutRetry
error downloading gradle distribution http 504 gateway timeout,NetworkTimeoutRetry
connection dropped while fetching debian apt repository packages,NetworkTimeoutRetry
fatal: unable to access github repository could not resolve host,NetworkTimeoutRetry
pip install failed read timed out waiting for pypi.org socket response,NetworkTimeoutRetry
npm err fetch failed with status code 503 backend service unavailable,NetworkTimeoutRetry
docker pull failed tls handshake timeout communicating with registry,NetworkTimeoutRetry
wget connection refused while downloading third party binary toolchain,NetworkTimeoutRetry
transient network failure during ruby gem bundle install connection reset,NetworkTimeoutRetry
cargo crate download timeout failed to fetch from crates.io index,NetworkTimeoutRetry
socket timeout while pushing container image layers to cloud registry,NetworkTimeoutRetry
HTTP 502 bad gateway error while downloading artifactory dependency zip,NetworkTimeoutRetry
curl: (28) Failed to connect to registry.npmjs.org port 443: Connection timed out in CI job pipeline step 3,NetworkTimeoutRetry
dial tcp: lookup registry-1.docker.io on 127.0.0.53:53: read udp i/o timeout during automated build execution #1016,NetworkTimeoutRetry
git clone failed unexpected EOF while receiving object pack from github on linux runner agent 7,NetworkTimeoutRetry
connection reset by peer during maven dependency resolution download exit code failure log dump,NetworkTimeoutRetry
error downloading gradle distribution http 504 gateway timeout triage remediation required,NetworkTimeoutRetry
connection dropped while fetching debian apt repository packages in CI job pipeline step 2,NetworkTimeoutRetry
fatal: unable to access github repository could not resolve host during automated build execution #1021,NetworkTimeoutRetry
pip install failed read timed out waiting for pypi.org socket response on linux runner agent 2,NetworkTimeoutRetry
npm err fetch failed with status code 503 backend service unavailable exit code failure log dump,NetworkTimeoutRetry
docker pull failed tls handshake timeout communicating with registry triage remediation required,NetworkTimeoutRetry
wget connection refused while downloading third party binary toolchain in CI job pipeline step 1,NetworkTimeoutRetry
transient network failure during ruby gem bundle install connection reset during automated build execution #1026,NetworkTimeoutRetry
cargo crate download timeout failed to fetch from crates.io index on linux runner agent 7,NetworkTimeoutRetry
socket timeout while pushing container image layers to cloud registry exit code failure log dump,NetworkTimeoutRetry
HTTP 502 bad gateway error while downloading artifactory dependency zip triage remediation required,NetworkTimeoutRetry
curl: (28) Failed to connect to registry.npmjs.org port 443: Connection timed out in CI job pipeline step 0,NetworkTimeoutRetry
dial tcp: lookup registry-1.docker.io on 127.0.0.53:53: read udp i/o timeout during automated build execution #1031,NetworkTimeoutRetry
git clone failed unexpected EOF while receiving object pack from github on linux runner agent 2,NetworkTimeoutRetry
connection reset by peer during maven dependency resolution download exit code failure log dump,NetworkTimeoutRetry
error downloading gradle distribution http 504 gateway timeout triage remediation required,NetworkTimeoutRetry
connection dropped while fetching debian apt repository packages in CI job pipeline step 5,NetworkTimeoutRetry
fatal: unable to access github repository could not resolve host during automated build execution #1036,NetworkTimeoutRetry
pip install failed read timed out waiting for pypi.org socket response on linux runner agent 7,NetworkTimeoutRetry
npm err fetch failed with status code 503 backend service unavailable exit code failure log dump,NetworkTimeoutRetry
docker pull failed tls handshake timeout communicating with registry triage remediation required,NetworkTimeoutRetry
wget connection refused while downloading third party binary toolchain in CI job pipeline step 4,NetworkTimeoutRetry
transient network failure during ruby gem bundle install connection reset during automated build execution #1041,NetworkTimeoutRetry
cargo crate download timeout failed to fetch from crates.io index on linux runner agent 2,NetworkTimeoutRetry
socket timeout while pushing container image layers to cloud registry exit code failure log dump,NetworkTimeoutRetry
HTTP 502 bad gateway error while downloading artifactory dependency zip triage remediation required,NetworkTimeoutRetry
curl: (28) Failed to connect to registry.npmjs.org port 443: Connection timed out in CI job pipeline step 3,NetworkTimeoutRetry
dial tcp: lookup registry-1.docker.io on 127.0.0.53:53: read udp i/o timeout during automated build execution #1046,NetworkTimeoutRetry
git clone failed unexpected EOF while receiving object pack from github on linux runner agent 7,NetworkTimeoutRetry
connection reset by peer during maven dependency resolution download exit code failure log dump,NetworkTimeoutRetry
error downloading gradle distribution http 504 gateway timeout triage remediation required,NetworkTimeoutRetry
connection dropped while fetching debian apt repository packages in CI job pipeline step 2,NetworkTimeoutRetry
fatal: unable to access github repository could not resolve host during automated build execution #1051,NetworkTimeoutRetry
pip install failed read timed out waiting for pypi.org socket response on linux runner agent 2,NetworkTimeoutRetry
npm err fetch failed with status code 503 backend service unavailable exit code failure log dump,NetworkTimeoutRetry
docker pull failed tls handshake timeout communicating with registry triage remediation required,NetworkTimeoutRetry
wget connection refused while downloading third party binary toolchain in CI job pipeline step 1,NetworkTimeoutRetry
transient network failure during ruby gem bundle install connection reset during automated build execution #1056,NetworkTimeoutRetry
cargo crate download timeout failed to fetch from crates.io index on linux runner agent 7,NetworkTimeoutRetry
socket timeout while pushing container image layers to cloud registry exit code failure log dump,NetworkTimeoutRetry
HTTP 502 bad gateway error while downloading artifactory dependency zip triage remediation required,NetworkTimeoutRetry
curl: (28) Failed to connect to registry.npmjs.org port 443: Connection timed out in CI job pipeline step 0,NetworkTimeoutRetry
dial tcp: lookup registry-1.docker.io on 127.0.0.53:53: read udp i/o timeout during automated build execution #1061,NetworkTimeoutRetry
git clone failed unexpected EOF while receiving object pack from github on linux runner agent 2,NetworkTimeoutRetry
connection reset by peer during maven dependency resolution download exit code failure log dump,NetworkTimeoutRetry
error downloading gradle distribution http 504 gateway timeout triage remediation required,NetworkTimeoutRetry
connection dropped while fetching debian apt repository packages in CI job pipeline step 5,NetworkTimeoutRetry
fatal: unable to access github repository could not resolve host during automated build execution #1066,NetworkTimeoutRetry
pip install failed read timed out waiting for pypi.org socket response on linux runner agent 7,NetworkTimeoutRetry
npm err fetch failed with status code 503 backend service unavailable exit code failure log dump,NetworkTimeoutRetry
docker pull failed tls handshake timeout communicating with registry triage remediation required,NetworkTimeoutRetry
wget connection refused while downloading third party binary toolchain in CI job pipeline step 4,NetworkTimeoutRetry
transient network failure during ruby gem bundle install connection reset during automated build execution #1071,NetworkTimeoutRetry
cargo crate download timeout failed to fetch from crates.io index on linux runner agent 2,NetworkTimeoutRetry
socket timeout while pushing container image layers to cloud registry exit code failure log dump,NetworkTimeoutRetry
HTTP 502 bad gateway error while downloading artifactory dependency zip triage remediation required,NetworkTimeoutRetry
curl: (28) Failed to connect to registry.npmjs.org port 443: Connection timed out in CI job pipeline step 3,NetworkTimeoutRetry
dial tcp: lookup registry-1.docker.io on 127.0.0.53:53: read udp i/o timeout during automated build execution #1076,NetworkTimeoutRetry
git clone failed unexpected EOF while receiving object pack from github on linux runner agent 7,NetworkTimeoutRetry
connection reset by peer during maven dependency resolution download exit code failure log dump,NetworkTimeoutRetry
error downloading gradle distribution http 504 gateway timeout triage remediation required,NetworkTimeoutRetry
connection dropped while fetching debian apt repository packages in CI job pipeline step 2,NetworkTimeoutRetry
fatal: unable to access github repository could not resolve host during automated build execution #1081,NetworkTimeoutRetry
pip install failed read timed out waiting for pypi.org socket response on linux runner agent 2,NetworkTimeoutRetry
npm err fetch failed with status code 503 backend service unavailable exit code failure log dump,NetworkTimeoutRetry
docker pull failed tls handshake timeout communicating with registry triage remediation required,NetworkTimeoutRetry
wget connection refused while downloading third party binary toolchain in CI job pipeline step 1,NetworkTimeoutRetry
transient network failure during ruby gem bundle install connection reset during automated build execution #1086,NetworkTimeoutRetry
cargo crate download timeout failed to fetch from crates.io index on linux runner agent 7,NetworkTimeoutRetry
socket timeout while pushing container image layers to cloud registry exit code failure log dump,NetworkTimeoutRetry
HTTP 502 bad gateway error while downloading artifactory dependency zip triage remediation required,NetworkTimeoutRetry
curl: (28) Failed to connect to registry.npmjs.org port 443: Connection timed out in CI job pipeline step 0,NetworkTimeoutRetry
dial tcp: lookup registry-1.docker.io on 127.0.0.53:53: read udp i/o timeout during automated build execution #1091,NetworkTimeoutRetry
git clone failed unexpected EOF while receiving object pack from github on linux runner agent 2,NetworkTimeoutRetry
connection reset by peer during maven dependency resolution download exit code failure log dump,NetworkTimeoutRetry
error downloading gradle distribution http 504 gateway timeout triage remediation required,NetworkTimeoutRetry
connection dropped while fetching debian apt repository packages in CI job pipeline step 5,NetworkTimeoutRetry
fatal: unable to access github repository could not resolve host during automated build execution #1096,NetworkTimeoutRetry
pip install failed read timed out waiting for pypi.org socket response on linux runner agent 7,NetworkTimeoutRetry
npm err fetch failed with status code 503 backend service unavailable exit code failure log dump,NetworkTimeoutRetry
docker pull failed tls handshake timeout communicating with registry triage remediation required,NetworkTimeoutRetry
wget connection refused while downloading third party binary toolchain in CI job pipeline step 4,NetworkTimeoutRetry
transient network failure during ruby gem bundle install connection reset during automated build execution #1101,NetworkTimeoutRetry
cargo crate download timeout failed to fetch from crates.io index on linux runner agent 2,NetworkTimeoutRetry
socket timeout while pushing container image layers to cloud registry exit code failure log dump,NetworkTimeoutRetry
HTTP 502 bad gateway error while downloading artifactory dependency zip triage remediation required,NetworkTimeoutRetry
curl: (28) Failed to connect to registry.npmjs.org port 443: Connection timed out in CI job pipeline step 3,NetworkTimeoutRetry
dial tcp: lookup registry-1.docker.io on 127.0.0.53:53: read udp i/o timeout during automated build execution #1106,NetworkTimeoutRetry
git clone failed unexpected EOF while receiving object pack from github on linux runner agent 7,NetworkTimeoutRetry
connection reset by peer during maven dependency resolution download exit code failure log dump,NetworkTimeoutRetry
error downloading gradle distribution http 504 gateway timeout triage remediation required,NetworkTimeoutRetry
connection dropped while fetching debian apt repository packages in CI job pipeline step 2,NetworkTimeoutRetry
fatal: unable to access github repository could not resolve host during automated build execution #1111,NetworkTimeoutRetry
pip install failed read timed out waiting for pypi.org socket response on linux runner agent 2,NetworkTimeoutRetry
npm err fetch failed with status code 503 backend service unavailable exit code failure log dump,NetworkTimeoutRetry
docker pull failed tls handshake timeout communicating with registry triage remediation required,NetworkTimeoutRetry
wget connection refused while downloading third party binary toolchain in CI job pipeline step 1,NetworkTimeoutRetry
transient network failure during ruby gem bundle install connection reset during automated build execution #1116,NetworkTimeoutRetry
cargo crate download timeout failed to fetch from crates.io index on linux runner agent 7,NetworkTimeoutRetry
socket timeout while pushing container image layers to cloud registry exit code failure log dump,NetworkTimeoutRetry
HTTP 502 bad gateway error while downloading artifactory dependency zip triage remediation required,NetworkTimeoutRetry
curl: (28) Failed to connect to registry.npmjs.org port 443: Connection timed out in CI job pipeline step 0,NetworkTimeoutRetry
dial tcp: lookup registry-1.docker.io on 127.0.0.53:53: read udp i/o timeout during automated build execution #1121,NetworkTimeoutRetry
git clone failed unexpected EOF while receiving object pack from github on linux runner agent 2,NetworkTimeoutRetry
connection reset by peer during maven dependency resolution download exit code failure log dump,NetworkTimeoutRetry
error downloading gradle distribution http 504 gateway timeout triage remediation required,NetworkTimeoutRetry
connection dropped while fetching debian apt repository packages in CI job pipeline step 5,NetworkTimeoutRetry
fatal: unable to access github repository could not resolve host during automated build execution #1126,NetworkTimeoutRetry
pip install failed read timed out waiting for pypi.org socket response on linux runner agent 7,NetworkTimeoutRetry
npm err fetch failed with status code 503 backend service unavailable exit code failure log dump,NetworkTimeoutRetry
docker pull failed tls handshake timeout communicating with registry triage remediation required,NetworkTimeoutRetry
wget connection refused while downloading third party binary toolchain in CI job pipeline step 4,NetworkTimeoutRetry
transient network failure during ruby gem bundle install connection reset during automated build execution #1131,NetworkTimeoutRetry
cargo crate download timeout failed to fetch from crates.io index on linux runner agent 2,NetworkTimeoutRetry
socket timeout while pushing container image layers to cloud registry exit code failure log dump,NetworkTimeoutRetry
HTTP 502 bad gateway error while downloading artifactory dependency zip triage remediation required,NetworkTimeoutRetry
curl: (28) Failed to connect to registry.npmjs.org port 443: Connection timed out in CI job pipeline step 3,NetworkTimeoutRetry
dial tcp: lookup registry-1.docker.io on 127.0.0.53:53: read udp i/o timeout during automated build execution #1136,NetworkTimeoutRetry
git clone failed unexpected EOF while receiving object pack from github on linux runner agent 7,NetworkTimeoutRetry
connection reset by peer during maven dependency resolution download exit code failure log dump,NetworkTimeoutRetry
error downloading gradle distribution http 504 gateway timeout triage remediation required,NetworkTimeoutRetry
connection dropped while fetching debian apt repository packages in CI job pipeline step 2,NetworkTimeoutRetry
fatal: unable to access github repository could not resolve host during automated build execution #1141,NetworkTimeoutRetry
pip install failed read timed out waiting for pypi.org socket response on linux runner agent 2,NetworkTimeoutRetry
npm err fetch failed with status code 503 backend service unavailable exit code failure log dump,NetworkTimeoutRetry
docker pull failed tls handshake timeout communicating with registry triage remediation required,NetworkTimeoutRetry
wget connection refused while downloading third party binary toolchain in CI job pipeline step 1,NetworkTimeoutRetry
transient network failure during ruby gem bundle install connection reset during automated build execution #1146,NetworkTimeoutRetry
cargo crate download timeout failed to fetch from crates.io index on linux runner agent 7,NetworkTimeoutRetry
socket timeout while pushing container image layers to cloud registry exit code failure log dump,NetworkTimeoutRetry
HTTP 502 bad gateway error while downloading artifactory dependency zip triage remediation required,NetworkTimeoutRetry
curl: (28) Failed to connect to registry.npmjs.org port 443: Connection timed out in CI job pipeline step 0,NetworkTimeoutRetry
dial tcp: lookup registry-1.docker.io on 127.0.0.53:53: read udp i/o timeout during automated build execution #1151,NetworkTimeoutRetry
git clone failed unexpected EOF while receiving object pack from github on linux runner agent 2,NetworkTimeoutRetry
connection reset by peer during maven dependency resolution download exit code failure log dump,NetworkTimeoutRetry
error downloading gradle distribution http 504 gateway timeout triage remediation required,NetworkTimeoutRetry
connection dropped while fetching debian apt repository packages in CI job pipeline step 5,NetworkTimeoutRetry
fatal: unable to access github repository could not resolve host during automated build execution #1156,NetworkTimeoutRetry
pip install failed read timed out waiting for pypi.org socket response on linux runner agent 7,NetworkTimeoutRetry
npm err fetch failed with status code 503 backend service unavailable exit code failure log dump,NetworkTimeoutRetry
docker pull failed tls handshake timeout communicating with registry triage remediation required,NetworkTimeoutRetry
wget connection refused while downloading third party binary toolchain in CI job pipeline step 4,NetworkTimeoutRetry
transient network failure during ruby gem bundle install connection reset during automated build execution #1161,NetworkTimeoutRetry
cargo crate download timeout failed to fetch from crates.io index on linux runner agent 2,NetworkTimeoutRetry
socket timeout while pushing container image layers to cloud registry exit code failure log dump,NetworkTimeoutRetry
HTTP 502 bad gateway error while downloading artifactory dependency zip triage remediation required,NetworkTimeoutRetry
curl: (28) Failed to connect to registry.npmjs.org port 443: Connection timed out in CI job pipeline step 3,NetworkTimeoutRetry
dial tcp: lookup registry-1.docker.io on 127.0.0.53:53: read udp i/o timeout during automated build execution #1166,NetworkTimeoutRetry
git clone failed unexpected EOF while receiving object pack from github on linux runner agent 7,NetworkTimeoutRetry
connection reset by peer during maven dependency resolution download exit code failure log dump,NetworkTimeoutRetry
error downloading gradle distribution http 504 gateway timeout triage remediation required,NetworkTimeoutRetry
connection dropped while fetching debian apt repository packages in CI job pipeline step 2,NetworkTimeoutRetry
fatal: unable to access github repository could not resolve host during automated build execution #1171,NetworkTimeoutRetry
pip install failed read timed out waiting for pypi.org socket response on linux runner agent 2,NetworkTimeoutRetry
npm err fetch failed with status code 503 backend service unavailable exit code failure log dump,NetworkTimeoutRetry
docker pull failed tls handshake timeout communicating with registry triage remediation required,NetworkTimeoutRetry
wget connection refused while downloading third party binary toolchain in CI job pipeline step 1,NetworkTimeoutRetry
transient network failure during ruby gem bundle install connection reset during automated build execution #1176,NetworkTimeoutRetry
cargo crate download timeout failed to fetch from crates.io index on linux runner agent 7,NetworkTimeoutRetry
socket timeout while pushing container image layers to cloud registry exit code failure log dump,NetworkTimeoutRetry
HTTP 502 bad gateway error while downloading artifactory dependency zip triage remediation required,NetworkTimeoutRetry
curl: (28) Failed to connect to registry.npmjs.org port 443: Connection timed out in CI job pipeline step 0,NetworkTimeoutRetry
dial tcp: lookup registry-1.docker.io on 127.0.0.53:53: read udp i/o timeout during automated build execution #1181,NetworkTimeoutRetry
git clone failed unexpected EOF while receiving object pack from github on linux runner agent 2,NetworkTimeoutRetry
connection reset by peer during maven dependency resolution download exit code failure log dump,NetworkTimeoutRetry
error downloading gradle distribution http 504 gateway timeout triage remediation required,NetworkTimeoutRetry
connection dropped while fetching debian apt repository packages in CI job pipeline step 5,NetworkTimeoutRetry
fatal: unable to access github repository could not resolve host during automated build execution #1186,NetworkTimeoutRetry
pip install failed read timed out waiting for pypi.org socket response on linux runner agent 7,NetworkTimeoutRetry
npm err fetch failed with status code 503 backend service unavailable exit code failure log dump,NetworkTimeoutRetry
docker pull failed tls handshake timeout communicating with registry triage remediation required,NetworkTimeoutRetry
wget connection refused while downloading third party binary toolchain in CI job pipeline step 4,NetworkTimeoutRetry
transient network failure during ruby gem bundle install connection reset during automated build execution #1191,NetworkTimeoutRetry
cargo crate download timeout failed to fetch from crates.io index on linux runner agent 2,NetworkTimeoutRetry
socket timeout while pushing container image layers to cloud registry exit code failure log dump,NetworkTimeoutRetry
HTTP 502 bad gateway error while downloading artifactory dependency zip triage remediation required,NetworkTimeoutRetry
curl: (28) Failed to connect to registry.npmjs.org port 443: Connection timed out in CI job pipeline step 3,NetworkTimeoutRetry
dial tcp: lookup registry-1.docker.io on 127.0.0.53:53: read udp i/o timeout during automated build execution #1196,NetworkTimeoutRetry
git clone failed unexpected EOF while receiving object pack from github on linux runner agent 7,NetworkTimeoutRetry
connection reset by peer during maven dependency resolution download exit code failure log dump,NetworkTimeoutRetry
error downloading gradle distribution http 504 gateway timeout triage remediation required,NetworkTimeoutRetry
connection dropped while fetching debian apt repository packages in CI job pipeline step 2,NetworkTimeoutRetry
fatal: unable to access github repository could not resolve host during automated build execution #1201,NetworkTimeoutRetry
pip install failed read timed out waiting for pypi.org socket response on linux runner agent 2,NetworkTimeoutRetry
npm err fetch failed with status code 503 backend service unavailable exit code failure log dump,NetworkTimeoutRetry
docker pull failed tls handshake timeout communicating with registry triage remediation required,NetworkTimeoutRetry
wget connection refused while downloading third party binary toolchain in CI job pipeline step 1,NetworkTimeoutRetry
transient network failure during ruby gem bundle install connection reset during automated build execution #1206,NetworkTimeoutRetry
cargo crate download timeout failed to fetch from crates.io index on linux runner agent 7,NetworkTimeoutRetry
socket timeout while pushing container image layers to cloud registry exit code failure log dump,NetworkTimeoutRetry
HTTP 502 bad gateway error while downloading artifactory dependency zip triage remediation required,NetworkTimeoutRetry
curl: (28) Failed to connect to registry.npmjs.org port 443: Connection timed out in CI job pipeline step 0,NetworkTimeoutRetry
dial tcp: lookup registry-1.docker.io on 127.0.0.53:53: read udp i/o timeout during automated build execution #1211,NetworkTimeoutRetry
git clone failed unexpected EOF while receiving object pack from github on linux runner agent 2,NetworkTimeoutRetry
connection reset by peer during maven dependency resolution download exit code failure log dump,NetworkTimeoutRetry
error downloading gradle distribution http 504 gateway timeout triage remediation required,NetworkTimeoutRetry
connection dropped while fetching debian apt repository packages in CI job pipeline step 5,NetworkTimeoutRetry
fatal: unable to access github repository could not resolve host during automated build execution #1216,NetworkTimeoutRetry
pip install failed read timed out waiting for pypi.org socket response on linux runner agent 7,NetworkTimeoutRetry
npm err fetch failed with status code 503 backend service unavailable exit code failure log dump,NetworkTimeoutRetry
docker pull failed tls handshake timeout communicating with registry triage remediation required,NetworkTimeoutRetry
wget connection refused while downloading third party binary toolchain in CI job pipeline step 4,NetworkTimeoutRetry
transient network failure during ruby gem bundle install connection reset during automated build execution #1221,NetworkTimeoutRetry
cargo crate download timeout failed to fetch from crates.io index on linux runner agent 2,NetworkTimeoutRetry
socket timeout while pushing container image layers to cloud registry exit code failure log dump,NetworkTimeoutRetry
HTTP 502 bad gateway error while downloading artifactory dependency zip triage remediation required,NetworkTimeoutRetry
curl: (28) Failed to connect to registry.npmjs.org port 443: Connection timed out in CI job pipeline step 3,NetworkTimeoutRetry
dial tcp: lookup registry-1.docker.io on 127.0.0.53:53: read udp i/o timeout during automated build execution #1226,NetworkTimeoutRetry
git clone failed unexpected EOF while receiving object pack from github on linux runner agent 7,NetworkTimeoutRetry
connection reset by peer during maven dependency resolution download exit code failure log dump,NetworkTimeoutRetry
error downloading gradle distribution http 504 gateway timeout triage remediation required,NetworkTimeoutRetry
connection dropped while fetching debian apt repository packages in CI job pipeline step 2,NetworkTimeoutRetry
fatal: unable to access github repository could not resolve host during automated build execution #1231,NetworkTimeoutRetry
pip install failed read timed out waiting for pypi.org socket response on linux runner agent 2,NetworkTimeoutRetry
npm err fetch failed with status code 503 backend service unavailable exit code failure log dump,NetworkTimeoutRetry
docker pull failed tls handshake timeout communicating with registry triage remediation required,NetworkTimeoutRetry
wget connection refused while downloading third party binary toolchain in CI job pipeline step 1,NetworkTimeoutRetry
transient network failure during ruby gem bundle install connection reset during automated build execution #1236,NetworkTimeoutRetry
cargo crate download timeout failed to fetch from crates.io index on linux runner agent 7,NetworkTimeoutRetry
socket timeout while pushing container image layers to cloud registry exit code failure log dump,NetworkTimeoutRetry
HTTP 502 bad gateway error while downloading artifactory dependency zip triage remediation required,NetworkTimeoutRetry
curl: (28) Failed to connect to registry.npmjs.org port 443: Connection timed out in CI job pipeline step 0,NetworkTimeoutRetry
dial tcp: lookup registry-1.docker.io on 127.0.0.53:53: read udp i/o timeout during automated build execution #1241,NetworkTimeoutRetry
git clone failed unexpected EOF while receiving object pack from github on linux runner agent 2,NetworkTimeoutRetry
connection reset by peer during maven dependency resolution download exit code failure log dump,NetworkTimeoutRetry
error downloading gradle distribution http 504 gateway timeout triage remediation required,NetworkTimeoutRetry
connection dropped while fetching debian apt repository packages in CI job pipeline step 5,NetworkTimeoutRetry
fatal: unable to access github repository could not resolve host during automated build execution #1246,NetworkTimeoutRetry
pip install failed read timed out waiting for pypi.org socket response on linux runner agent 7,NetworkTimeoutRetry
npm err fetch failed with status code 503 backend service unavailable exit code failure log dump,NetworkTimeoutRetry
docker pull failed tls handshake timeout communicating with registry triage remediation required,NetworkTimeoutRetry
Command terminated by signal 9 SIGKILL exit status 137 runner ran out of memory,ResourceScaleUp
fatal error: runtime: out of memory allocating 8589934592 bytes during build,ResourceScaleUp
Disk quota exceeded: cannot write /tmp/build-artifact.tar no space left on device,ResourceScaleUp
gcc: fatal error: Killed (program cc1plus) virtual memory exhausted,ResourceScaleUp
runner pod was evicted due to ephemeral storage node pressure limit,ResourceScaleUp
kubernetes runner killed OOM during parallel webpack compilation,ResourceScaleUp
container process terminated with OOMKilled exit code 137,ResourceScaleUp
insufficient disk space on agent workspace partition to unpack bundle,ResourceScaleUp
heap memory exhausted during java gradle test suite execution,ResourceScaleUp
clang killed by operating system kernel after exceeding cgroup limit,ResourceScaleUp
bazel build worker failed with exit code 137 memory starvation,ResourceScaleUp
no space left on device while unpacking docker layer archive in /var/lib/docker,ResourceScaleUp
process ran out of virtual address space during link step of binary,ResourceScaleUp
test runner worker exceeded container memory threshold 16GB terminated,ResourceScaleUp
operating system killed rustc process out of memory during release compile,ResourceScaleUp
Command terminated by signal 9 SIGKILL exit status 137 runner ran out of memory in CI job pipeline step 3,ResourceScaleUp
fatal error: runtime: out of memory allocating 8589934592 bytes during build during automated build execution #1016,ResourceScaleUp
Disk quota exceeded: cannot write /tmp/build-artifact.tar no space left on device on linux runner agent 7,ResourceScaleUp
gcc: fatal error: Killed (program cc1plus) virtual memory exhausted exit code failure log dump,ResourceScaleUp
runner pod was evicted due to ephemeral storage node pressure limit triage remediation required,ResourceScaleUp
kubernetes runner killed OOM during parallel webpack compilation in CI job pipeline step 2,ResourceScaleUp
container process terminated with OOMKilled exit code 137 during automated build execution #1021,ResourceScaleUp
insufficient disk space on agent workspace partition to unpack bundle on linux runner agent 2,ResourceScaleUp
heap memory exhausted during java gradle test suite execution exit code failure log dump,ResourceScaleUp
clang killed by operating system kernel after exceeding cgroup limit triage remediation required,ResourceScaleUp
bazel build worker failed with exit code 137 memory starvation in CI job pipeline step 1,ResourceScaleUp
no space left on device while unpacking docker layer archive in /var/lib/docker during automated build execution #1026,ResourceScaleUp
process ran out of virtual address space during link step of binary on linux runner agent 7,ResourceScaleUp
test runner worker exceeded container memory threshold 16GB terminated exit code failure log dump,ResourceScaleUp
operating system killed rustc process out of memory during release compile triage remediation required,ResourceScaleUp
Command terminated by signal 9 SIGKILL exit status 137 runner ran out of memory in CI job pipeline step 0,ResourceScaleUp
fatal error: runtime: out of memory allocating 8589934592 bytes during build during automated build execution #1031,ResourceScaleUp
Disk quota exceeded: cannot write /tmp/build-artifact.tar no space left on device on linux runner agent 2,ResourceScaleUp
gcc: fatal error: Killed (program cc1plus) virtual memory exhausted exit code failure log dump,ResourceScaleUp
runner pod was evicted due to ephemeral storage node pressure limit triage remediation required,ResourceScaleUp
kubernetes runner killed OOM during parallel webpack compilation in CI job pipeline step 5,ResourceScaleUp
container process terminated with OOMKilled exit code 137 during automated build execution #1036,ResourceScaleUp
insufficient disk space on agent workspace partition to unpack bundle on linux runner agent 7,ResourceScaleUp
heap memory exhausted during java gradle test suite execution exit code failure log dump,ResourceScaleUp
clang killed by operating system kernel after exceeding cgroup limit triage remediation required,ResourceScaleUp
bazel build worker failed with exit code 137 memory starvation in CI job pipeline step 4,ResourceScaleUp
no space left on device while unpacking docker layer archive in /var/lib/docker during automated build execution #1041,ResourceScaleUp
process ran out of virtual address space during link step of binary on linux runner agent 2,ResourceScaleUp
test runner worker exceeded container memory threshold 16GB terminated exit code failure log dump,ResourceScaleUp
operating system killed rustc process out of memory during release compile triage remediation required,ResourceScaleUp
Command terminated by signal 9 SIGKILL exit status 137 runner ran out of memory in CI job pipeline step 3,ResourceScaleUp
fatal error: runtime: out of memory allocating 8589934592 bytes during build during automated build execution #1046,ResourceScaleUp
Disk quota exceeded: cannot write /tmp/build-artifact.tar no space left on device on linux runner agent 7,ResourceScaleUp
gcc: fatal error: Killed (program cc1plus) virtual memory exhausted exit code failure log dump,ResourceScaleUp
runner pod was evicted due to ephemeral storage node pressure limit triage remediation required,ResourceScaleUp
kubernetes runner killed OOM during parallel webpack compilation in CI job pipeline step 2,ResourceScaleUp
container process terminated with OOMKilled exit code 137 during automated build execution #1051,ResourceScaleUp
insufficient disk space on agent workspace partition to unpack bundle on linux runner agent 2,ResourceScaleUp
heap memory exhausted during java gradle test suite execution exit code failure log dump,ResourceScaleUp
clang killed by operating system kernel after exceeding cgroup limit triage remediation required,ResourceScaleUp
bazel build worker failed with exit code 137 memory starvation in CI job pipeline step 1,ResourceScaleUp
no space left on device while unpacking docker layer archive in /var/lib/docker during automated build execution #1056,ResourceScaleUp
process ran out of virtual address space during link step of binary on linux runner agent 7,ResourceScaleUp
test runner worker exceeded container memory threshold 16GB terminated exit code failure log dump,ResourceScaleUp
operating system killed rustc process out of memory during release compile triage remediation required,ResourceScaleUp
Command terminated by signal 9 SIGKILL exit status 137 runner ran out of memory in CI job pipeline step 0,ResourceScaleUp
fatal error: runtime: out of memory allocating 8589934592 bytes during build during automated build execution #1061,ResourceScaleUp
Disk quota exceeded: cannot write /tmp/build-artifact.tar no space left on device on linux runner agent 2,ResourceScaleUp
gcc: fatal error: Killed (program cc1plus) virtual memory exhausted exit code failure log dump,ResourceScaleUp
runner pod was evicted due to ephemeral storage node pressure limit triage remediation required,ResourceScaleUp
kubernetes runner killed OOM during parallel webpack compilation in CI job pipeline step 5,ResourceScaleUp
container process terminated with OOMKilled exit code 137 during automated build execution #1066,ResourceScaleUp
insufficient disk space on agent workspace partition to unpack bundle on linux runner agent 7,ResourceScaleUp
heap memory exhausted during java gradle test suite execution exit code failure log dump,ResourceScaleUp
clang killed by operating system kernel after exceeding cgroup limit triage remediation required,ResourceScaleUp
bazel build worker failed with exit code 137 memory starvation in CI job pipeline step 4,ResourceScaleUp
no space left on device while unpacking docker layer archive in /var/lib/docker during automated build execution #1071,ResourceScaleUp
process ran out of virtual address space during link step of binary on linux runner agent 2,ResourceScaleUp
test runner worker exceeded container memory threshold 16GB terminated exit code failure log dump,ResourceScaleUp
operating system killed rustc process out of memory during release compile triage remediation required,ResourceScaleUp
Command terminated by signal 9 SIGKILL exit status 137 runner ran out of memory in CI job pipeline step 3,ResourceScaleUp
fatal error: runtime: out of memory allocating 8589934592 bytes during build during automated build execution #1076,ResourceScaleUp
Disk quota exceeded: cannot write /tmp/build-artifact.tar no space left on device on linux runner agent 7,ResourceScaleUp
gcc: fatal error: Killed (program cc1plus) virtual memory exhausted exit code failure log dump,ResourceScaleUp
runner pod was evicted due to ephemeral storage node pressure limit triage remediation required,ResourceScaleUp
kubernetes runner killed OOM during parallel webpack compilation in CI job pipeline step 2,ResourceScaleUp
container process terminated with OOMKilled exit code 137 during automated build execution #1081,ResourceScaleUp
insufficient disk space on agent workspace partition to unpack bundle on linux runner agent 2,ResourceScaleUp
heap memory exhausted during java gradle test suite execution exit code failure log dump,ResourceScaleUp
clang killed by operating system kernel after exceeding cgroup limit triage remediation required,ResourceScaleUp
bazel build worker failed with exit code 137 memory starvation in CI job pipeline step 1,ResourceScaleUp
no space left on device while unpacking docker layer archive in /var/lib/docker during automated build execution #1086,ResourceScaleUp
process ran out of virtual address space during link step of binary on linux runner agent 7,ResourceScaleUp
test runner worker exceeded container memory threshold 16GB terminated exit code failure log dump,ResourceScaleUp
operating system killed rustc process out of memory during release compile triage remediation required,ResourceScaleUp
Command terminated by signal 9 SIGKILL exit status 137 runner ran out of memory in CI job pipeline step 0,ResourceScaleUp
fatal error: runtime: out of memory allocating 8589934592 bytes during build during automated build execution #1091,ResourceScaleUp
Disk quota exceeded: cannot write /tmp/build-artifact.tar no space left on device on linux runner agent 2,ResourceScaleUp
gcc: fatal error: Killed (program cc1plus) virtual memory exhausted exit code failure log dump,ResourceScaleUp
runner pod was evicted due to ephemeral storage node pressure limit triage remediation required,ResourceScaleUp
kubernetes runner killed OOM during parallel webpack compilation in CI job pipeline step 5,ResourceScaleUp
container process terminated with OOMKilled exit code 137 during automated build execution #1096,ResourceScaleUp
insufficient disk space on agent workspace partition to unpack bundle on linux runner agent 7,ResourceScaleUp
heap memory exhausted during java gradle test suite execution exit code failure log dump,ResourceScaleUp
clang killed by operating system kernel after exceeding cgroup limit triage remediation required,ResourceScaleUp
bazel build worker failed with exit code 137 memory starvation in CI job pipeline step 4,ResourceScaleUp
no space left on device while unpacking docker layer archive in /var/lib/docker during automated build execution #1101,ResourceScaleUp
process ran out of virtual address space during link step of binary on linux runner agent 2,ResourceScaleUp
test runner worker exceeded container memory threshold 16GB terminated exit code failure log dump,ResourceScaleUp
operating system killed rustc process out of memory during release compile triage remediation required,ResourceScaleUp
Command terminated by signal 9 SIGKILL exit status 137 runner ran out of memory in CI job pipeline step 3,ResourceScaleUp
fatal error: runtime: out of memory allocating 8589934592 bytes during build during automated build execution #1106,ResourceScaleUp
Disk quota exceeded: cannot write /tmp/build-artifact.tar no space left on device on linux runner agent 7,ResourceScaleUp
gcc: fatal error: Killed (program cc1plus) virtual memory exhausted exit code failure log dump,ResourceScaleUp
runner pod was evicted due to ephemeral storage node pressure limit triage remediation required,ResourceScaleUp
kubernetes runner killed OOM during parallel webpack compilation in CI job pipeline step 2,ResourceScaleUp
container process terminated with OOMKilled exit code 137 during automated build execution #1111,ResourceScaleUp
insufficient disk space on agent workspace partition to unpack bundle on linux runner agent 2,ResourceScaleUp
heap memory exhausted during java gradle test suite execution exit code failure log dump,ResourceScaleUp
clang killed by operating system kernel after exceeding cgroup limit triage remediation required,ResourceScaleUp
bazel build worker failed with exit code 137 memory starvation in CI job pipeline step 1,ResourceScaleUp
no space left on device while unpacking docker layer archive in /var/lib/docker during automated build execution #1116,ResourceScaleUp
process ran out of virtual address space during link step of binary on linux runner agent 7,ResourceScaleUp
test runner worker exceeded container memory threshold 16GB terminated exit code failure log dump,ResourceScaleUp
operating system killed rustc process out of memory during release compile triage remediation required,ResourceScaleUp
Command terminated by signal 9 SIGKILL exit status 137 runner ran out of memory in CI job pipeline step 0,ResourceScaleUp
fatal error: runtime: out of memory allocating 8589934592 bytes during build during automated build execution #1121,ResourceScaleUp
Disk quota exceeded: cannot write /tmp/build-artifact.tar no space left on device on linux runner agent 2,ResourceScaleUp
gcc: fatal error: Killed (program cc1plus) virtual memory exhausted exit code failure log dump,ResourceScaleUp
runner pod was evicted due to ephemeral storage node pressure limit triage remediation required,ResourceScaleUp
kubernetes runner killed OOM during parallel webpack compilation in CI job pipeline step 5,ResourceScaleUp
container process terminated with OOMKilled exit code 137 during automated build execution #1126,ResourceScaleUp
insufficient disk space on agent workspace partition to unpack bundle on linux runner agent 7,ResourceScaleUp
heap memory exhausted during java gradle test suite execution exit code failure log dump,ResourceScaleUp
clang killed by operating system kernel after exceeding cgroup limit triage remediation required,ResourceScaleUp
bazel build worker failed with exit code 137 memory starvation in CI job pipeline step 4,ResourceScaleUp
no space left on device while unpacking docker layer archive in /var/lib/docker during automated build execution #1131,ResourceScaleUp
process ran out of virtual address space during link step of binary on linux runner agent 2,ResourceScaleUp
test runner worker exceeded container memory threshold 16GB terminated exit code failure log dump,ResourceScaleUp
operating system killed rustc process out of memory during release compile triage remediation required,ResourceScaleUp
Command terminated by signal 9 SIGKILL exit status 137 runner ran out of memory in CI job pipeline step 3,ResourceScaleUp
fatal error: runtime: out of memory allocating 8589934592 bytes during build during automated build execution #1136,ResourceScaleUp
Disk quota exceeded: cannot write /tmp/build-artifact.tar no space left on device on linux runner agent 7,ResourceScaleUp
gcc: fatal error: Killed (program cc1plus) virtual memory exhausted exit code failure log dump,ResourceScaleUp
runner pod was evicted due to ephemeral storage node pressure limit triage remediation required,ResourceScaleUp
kubernetes runner killed OOM during parallel webpack compilation in CI job pipeline step 2,ResourceScaleUp
container process terminated with OOMKilled exit code 137 during automated build execution #1141,ResourceScaleUp
insufficient disk space on agent workspace partition to unpack bundle on linux runner agent 2,ResourceScaleUp
heap memory exhausted during java gradle test suite execution exit code failure log dump,ResourceScaleUp
clang killed by operating system kernel after exceeding cgroup limit triage remediation required,ResourceScaleUp
bazel build worker failed with exit code 137 memory starvation in CI job pipeline step 1,ResourceScaleUp
no space left on device while unpacking docker layer archive in /var/lib/docker during automated build execution #1146,ResourceScaleUp
process ran out of virtual address space during link step of binary on linux runner agent 7,ResourceScaleUp
test runner worker exceeded container memory threshold 16GB terminated exit code failure log dump,ResourceScaleUp
operating system killed rustc process out of memory during release compile triage remediation required,ResourceScaleUp
Command terminated by signal 9 SIGKILL exit status 137 runner ran out of memory in CI job pipeline step 0,ResourceScaleUp
fatal error: runtime: out of memory allocating 8589934592 bytes during build during automated build execution #1151,ResourceScaleUp
Disk quota exceeded: cannot write /tmp/build-artifact.tar no space left on device on linux runner agent 2,ResourceScaleUp
gcc: fatal error: Killed (program cc1plus) virtual memory exhausted exit code failure log dump,ResourceScaleUp
runner pod was evicted due to ephemeral storage node pressure limit triage remediation required,ResourceScaleUp
kubernetes runner killed OOM during parallel webpack compilation in CI job pipeline step 5,ResourceScaleUp
container process terminated with OOMKilled exit code 137 during automated build execution #1156,ResourceScaleUp
insufficient disk space on agent workspace partition to unpack bundle on linux runner agent 7,ResourceScaleUp
heap memory exhausted during java gradle test suite execution exit code failure log dump,ResourceScaleUp
clang killed by operating system kernel after exceeding cgroup limit triage remediation required,ResourceScaleUp
bazel build worker failed with exit code 137 memory starvation in CI job pipeline step 4,ResourceScaleUp
no space left on device while unpacking docker layer archive in /var/lib/docker during automated build execution #1161,ResourceScaleUp
process ran out of virtual address space during link step of binary on linux runner agent 2,ResourceScaleUp
test runner worker exceeded container memory threshold 16GB terminated exit code failure log dump,ResourceScaleUp
operating system killed rustc process out of memory during release compile triage remediation required,ResourceScaleUp
Command terminated by signal 9 SIGKILL exit status 137 runner ran out of memory in CI job pipeline step 3,ResourceScaleUp
fatal error: runtime: out of memory allocating 8589934592 bytes during build during automated build execution #1166,ResourceScaleUp
Disk quota exceeded: cannot write /tmp/build-artifact.tar no space left on device on linux runner agent 7,ResourceScaleUp
gcc: fatal error: Killed (program cc1plus) virtual memory exhausted exit code failure log dump,ResourceScaleUp
runner pod was evicted due to ephemeral storage node pressure limit triage remediation required,ResourceScaleUp
kubernetes runner killed OOM during parallel webpack compilation in CI job pipeline step 2,ResourceScaleUp
container process terminated with OOMKilled exit code 137 during automated build execution #1171,ResourceScaleUp
insufficient disk space on agent workspace partition to unpack bundle on linux runner agent 2,ResourceScaleUp
heap memory exhausted during java gradle test suite execution exit code failure log dump,ResourceScaleUp
clang killed by operating system kernel after exceeding cgroup limit triage remediation required,ResourceScaleUp
bazel build worker failed with exit code 137 memory starvation in CI job pipeline step 1,ResourceScaleUp
no space left on device while unpacking docker layer archive in /var/lib/docker during automated build execution #1176,ResourceScaleUp
process ran out of virtual address space during link step of binary on linux runner agent 7,ResourceScaleUp
test runner worker exceeded container memory threshold 16GB terminated exit code failure log dump,ResourceScaleUp
operating system killed rustc process out of memory during release compile triage remediation required,ResourceScaleUp
Command terminated by signal 9 SIGKILL exit status 137 runner ran out of memory in CI job pipeline step 0,ResourceScaleUp
fatal error: runtime: out of memory allocating 8589934592 bytes during build during automated build execution #1181,ResourceScaleUp
Disk quota exceeded: cannot write /tmp/build-artifact.tar no space left on device on linux runner agent 2,ResourceScaleUp
gcc: fatal error: Killed (program cc1plus) virtual memory exhausted exit code failure log dump,ResourceScaleUp
runner pod was evicted due to ephemeral storage node pressure limit triage remediation required,ResourceScaleUp
kubernetes runner killed OOM during parallel webpack compilation in CI job pipeline step 5,ResourceScaleUp
container process terminated with OOMKilled exit code 137 during automated build execution #1186,ResourceScaleUp
insufficient disk space on agent workspace partition to unpack bundle on linux runner agent 7,ResourceScaleUp
heap memory exhausted during java gradle test suite execution exit code failure log dump,ResourceScaleUp
clang killed by operating system kernel after exceeding cgroup limit triage remediation required,ResourceScaleUp
bazel build worker failed with exit code 137 memory starvation in CI job pipeline step 4,ResourceScaleUp
no space left on device while unpacking docker layer archive in /var/lib/docker during automated build execution #1191,ResourceScaleUp
process ran out of virtual address space during link step of binary on linux runner agent 2,ResourceScaleUp
test runner worker exceeded container memory threshold 16GB terminated exit code failure log dump,ResourceScaleUp
operating system killed rustc process out of memory during release compile triage remediation required,ResourceScaleUp
Command terminated by signal 9 SIGKILL exit status 137 runner ran out of memory in CI job pipeline step 3,ResourceScaleUp
fatal error: runtime: out of memory allocating 8589934592 bytes during build during automated build execution #1196,ResourceScaleUp
Disk quota exceeded: cannot write /tmp/build-artifact.tar no space left on device on linux runner agent 7,ResourceScaleUp
gcc: fatal error: Killed (program cc1plus) virtual memory exhausted exit code failure log dump,ResourceScaleUp
runner pod was evicted due to ephemeral storage node pressure limit triage remediation required,ResourceScaleUp
kubernetes runner killed OOM during parallel webpack compilation in CI job pipeline step 2,ResourceScaleUp
container process terminated with OOMKilled exit code 137 during automated build execution #1201,ResourceScaleUp
insufficient disk space on agent workspace partition to unpack bundle on linux runner agent 2,ResourceScaleUp
heap memory exhausted during java gradle test suite execution exit code failure log dump,ResourceScaleUp
clang killed by operating system kernel after exceeding cgroup limit triage remediation required,ResourceScaleUp
bazel build worker failed with exit code 137 memory starvation in CI job pipeline step 1,ResourceScaleUp
no space left on device while unpacking docker layer archive in /var/lib/docker during automated build execution #1206,ResourceScaleUp
process ran out of virtual address space during link step of binary on linux runner agent 7,ResourceScaleUp
test runner worker exceeded container memory threshold 16GB terminated exit code failure log dump,ResourceScaleUp
operating system killed rustc process out of memory during release compile triage remediation required,ResourceScaleUp
Command terminated by signal 9 SIGKILL exit status 137 runner ran out of memory in CI job pipeline step 0,ResourceScaleUp
fatal error: runtime: out of memory allocating 8589934592 bytes during build during automated build execution #1211,ResourceScaleUp
Disk quota exceeded: cannot write /tmp/build-artifact.tar no space left on device on linux runner agent 2,ResourceScaleUp
gcc: fatal error: Killed (program cc1plus) virtual memory exhausted exit code failure log dump,ResourceScaleUp
runner pod was evicted due to ephemeral storage node pressure limit triage remediation required,ResourceScaleUp
kubernetes runner killed OOM during parallel webpack compilation in CI job pipeline step 5,ResourceScaleUp
container process terminated with OOMKilled exit code 137 during automated build execution #1216,ResourceScaleUp
insufficient disk space on agent workspace partition to unpack bundle on linux runner agent 7,ResourceScaleUp
heap memory exhausted during java gradle test suite execution exit code failure log dump,ResourceScaleUp
clang killed by operating system kernel after exceeding cgroup limit triage remediation required,ResourceScaleUp
bazel build worker failed with exit code 137 memory starvation in CI job pipeline step 4,ResourceScaleUp
no space left on device while unpacking docker layer archive in /var/lib/docker during automated build execution #1221,ResourceScaleUp
process ran out of virtual address space during link step of binary on linux runner agent 2,ResourceScaleUp
test runner worker exceeded container memory threshold 16GB terminated exit code failure log dump,ResourceScaleUp
operating system killed rustc process out of memory during release compile triage remediation required,ResourceScaleUp
Command terminated by signal 9 SIGKILL exit status 137 runner ran out of memory in CI job pipeline step 3,ResourceScaleUp
fatal error: runtime: out of memory allocating 8589934592 bytes during build during automated build execution #1226,ResourceScaleUp
Disk quota exceeded: cannot write /tmp/build-artifact.tar no space left on device on linux runner agent 7,ResourceScaleUp
gcc: fatal error: Killed (program cc1plus) virtual memory exhausted exit code failure log dump,ResourceScaleUp
runner pod was evicted due to ephemeral storage node pressure limit triage remediation required,ResourceScaleUp
kubernetes runner killed OOM during parallel webpack compilation in CI job pipeline step 2,ResourceScaleUp
container process terminated with OOMKilled exit code 137 during automated build execution #1231,ResourceScaleUp
insufficient disk space on agent workspace partition to unpack bundle on linux runner agent 2,ResourceScaleUp
heap memory exhausted during java gradle test suite execution exit code failure log dump,ResourceScaleUp
clang killed by operating system kernel after exceeding cgroup limit triage remediation required,ResourceScaleUp
bazel build worker failed with exit code 137 memory starvation in CI job pipeline step 1,ResourceScaleUp
no space left on device while unpacking docker layer archive in /var/lib/docker during automated build execution #1236,ResourceScaleUp
process ran out of virtual address space during link step of binary on linux runner agent 7,ResourceScaleUp
test runner worker exceeded container memory threshold 16GB terminated exit code failure log dump,ResourceScaleUp
operating system killed rustc process out of memory during release compile triage remediation required,ResourceScaleUp
Command terminated by signal 9 SIGKILL exit status 137 runner ran out of memory in CI job pipeline step 0,ResourceScaleUp
fatal error: runtime: out of memory allocating 8589934592 bytes during build during automated build execution #1241,ResourceScaleUp
Disk quota exceeded: cannot write /tmp/build-artifact.tar no space left on device on linux runner agent 2,ResourceScaleUp
gcc: fatal error: Killed (program cc1plus) virtual memory exhausted exit code failure log dump,ResourceScaleUp
runner pod was evicted due to ephemeral storage node pressure limit triage remediation required,ResourceScaleUp
kubernetes runner killed OOM during parallel webpack compilation in CI job pipeline step 5,ResourceScaleUp
container process terminated with OOMKilled exit code 137 during automated build execution #1246,ResourceScaleUp
insufficient disk space on agent workspace partition to unpack bundle on linux runner agent 7,ResourceScaleUp
heap memory exhausted during java gradle test suite execution exit code failure log dump,ResourceScaleUp
clang killed by operating system kernel after exceeding cgroup limit triage remediation required,ResourceScaleUp
syntax error: unexpected token semicolon at line 10 column 2,CodeSyntaxAlert
cannot use variable of type string as type int in argument to processTransaction,CodeSyntaxAlert
package golang.org/x/crypto is not in stdlib imported in main.go:44,CodeSyntaxAlert
undefined reference to symbol pthread_create in file runtime.o,CodeSyntaxAlert
eslint found 12 compilation errors parsing jsx template component,CodeSyntaxAlert
type mismatch compiler cannot convert interface to struct pointer,CodeSyntaxAlert
typescript compile error property does not exist on type user profile,CodeSyntaxAlert
rustc borrow checker error cannot borrow immutable local variable as mutable,CodeSyntaxAlert
python indentation error unindent does not match any outer indentation level,CodeSyntaxAlert
missing return statement at end of non-void function handler,CodeSyntaxAlert
javac compilation failed symbol not found variable accountBalance in Class,CodeSyntaxAlert
C++ compiler error no matching function for call to computeHash,CodeSyntaxAlert
unclosed string literal at line 214 column 45 in source file,CodeSyntaxAlert
syntax error unexpected identifier const expected closing parenthesis,CodeSyntaxAlert
go vet reports unreachable code following panic statement line 248,CodeSyntaxAlert
syntax error: unexpected token semicolon at line 265 column 2 in CI job pipeline step 3,CodeSyntaxAlert
cannot use variable of type string as type int in argument to processTransaction during automated build execution #1016,CodeSyntaxAlert
package golang.org/x/crypto is not in stdlib imported in main.go:299 on linux runner agent 7,CodeSyntaxAlert
undefined reference to symbol pthread_create in file runtime.o exit code failure log dump,CodeSyntaxAlert
eslint found 12 compilation errors parsing jsx template component triage remediation required,CodeSyntaxAlert
type mismatch compiler cannot convert interface to struct pointer in CI job pipeline step 2,CodeSyntaxAlert
typescript compile error property does not exist on type user profile during automated build execution #1021,CodeSyntaxAlert
rustc borrow checker error cannot borrow immutable local variable as mutable on linux runner agent 2,CodeSyntaxAlert
python indentation error unindent does not match any outer indentation level exit code failure log dump,CodeSyntaxAlert
missing return statement at end of non-void function handler triage remediation required,CodeSyntaxAlert
javac compilation failed symbol not found variable accountBalance in Class in CI job pipeline step 1,CodeSyntaxAlert
C++ compiler error no matching function for call to computeHash during automated build execution #1026,CodeSyntaxAlert
unclosed string literal at line 469 column 45 in source file on linux runner agent 7,CodeSyntaxAlert
syntax error unexpected identifier const expected closing parenthesis exit code failure log dump,CodeSyntaxAlert
go vet reports unreachable code following panic statement line 503 triage remediation required,CodeSyntaxAlert
syntax error: unexpected token semicolon at line 20 column 2 in CI job pipeline step 0,CodeSyntaxAlert
cannot use variable of type string as type int in argument to processTransaction during automated build execution #1031,CodeSyntaxAlert
package golang.org/x/crypto is not in stdlib imported in main.go:54 on linux runner agent 2,CodeSyntaxAlert
undefined reference to symbol pthread_create in file runtime.o exit code failure log dump,CodeSyntaxAlert
eslint found 12 compilation errors parsing jsx template component triage remediation required,CodeSyntaxAlert
type mismatch compiler cannot convert interface to struct pointer in CI job pipeline step 5,CodeSyntaxAlert
typescript compile error property does not exist on type user profile during automated build execution #1036,CodeSyntaxAlert
rustc borrow checker error cannot borrow immutable local variable as mutable on linux runner agent 7,CodeSyntaxAlert
python indentation error unindent does not match any outer indentation level exit code failure log dump,CodeSyntaxAlert
missing return statement at end of non-void function handler triage remediation required,CodeSyntaxAlert
javac compilation failed symbol not found variable accountBalance in Class in CI job pipeline step 4,CodeSyntaxAlert
C++ compiler error no matching function for call to computeHash during automated build execution #1041,CodeSyntaxAlert
unclosed string literal at line 224 column 45 in source file on linux runner agent 2,CodeSyntaxAlert
syntax error unexpected identifier const expected closing parenthesis exit code failure log dump,CodeSyntaxAlert
go vet reports unreachable code following panic statement line 258 triage remediation required,CodeSyntaxAlert
syntax error: unexpected token semicolon at line 275 column 2 in CI job pipeline step 3,CodeSyntaxAlert
cannot use variable of type string as type int in argument to processTransaction during automated build execution #1046,CodeSyntaxAlert
package golang.org/x/crypto is not in stdlib imported in main.go:309 on linux runner agent 7,CodeSyntaxAlert
undefined reference to symbol pthread_create in file runtime.o exit code failure log dump,CodeSyntaxAlert
eslint found 12 compilation errors parsing jsx template component triage remediation required,CodeSyntaxAlert
type mismatch compiler cannot convert interface to struct pointer in CI job pipeline step 2,CodeSyntaxAlert
typescript compile error property does not exist on type user profile during automated build execution #1051,CodeSyntaxAlert
rustc borrow checker error cannot borrow immutable local variable as mutable on linux runner agent 2,CodeSyntaxAlert
python indentation error unindent does not match any outer indentation level exit code failure log dump,CodeSyntaxAlert
missing return statement at end of non-void function handler triage remediation required,CodeSyntaxAlert
javac compilation failed symbol not found variable accountBalance in Class in CI job pipeline step 1,CodeSyntaxAlert
C++ compiler error no matching function for call to computeHash during automated build execution #1056,CodeSyntaxAlert
unclosed string literal at line 479 column 45 in source file on linux runner agent 7,CodeSyntaxAlert
syntax error unexpected identifier const expected closing parenthesis exit code failure log dump,CodeSyntaxAlert
go vet reports unreachable code following panic statement line 13 triage remediation required,CodeSyntaxAlert
syntax error: unexpected token semicolon at line 30 column 2 in CI job pipeline step 0,CodeSyntaxAlert
cannot use variable of type string as type int in argument to processTransaction during automated build execution #1061,CodeSyntaxAlert
package golang.org/x/crypto is not in stdlib imported in main.go:64 on linux runner agent 2,CodeSyntaxAlert
undefined reference to symbol pthread_create in file runtime.o exit code failure log dump,CodeSyntaxAlert
eslint found 12 compilation errors parsing jsx template component triage remediation required,CodeSyntaxAlert
type mismatch compiler cannot convert interface to struct pointer in CI job pipeline step 5,CodeSyntaxAlert
typescript compile error property does not exist on type user profile during automated build execution #1066,CodeSyntaxAlert
rustc borrow checker error cannot borrow immutable local variable as mutable on linux runner agent 7,CodeSyntaxAlert
python indentation error unindent does not match any outer indentation level exit code failure log dump,CodeSyntaxAlert
missing return statement at end of non-void function handler triage remediation required,CodeSyntaxAlert
javac compilation failed symbol not found variable accountBalance in Class in CI job pipeline step 4,CodeSyntaxAlert
C++ compiler error no matching function for call to computeHash during automated build execution #1071,CodeSyntaxAlert
unclosed string literal at line 234 column 45 in source file on linux runner agent 2,CodeSyntaxAlert
syntax error unexpected identifier const expected closing parenthesis exit code failure log dump,CodeSyntaxAlert
go vet reports unreachable code following panic statement line 268 triage remediation required,CodeSyntaxAlert
syntax error: unexpected token semicolon at line 285 column 2 in CI job pipeline step 3,CodeSyntaxAlert
cannot use variable of type string as type int in argument to processTransaction during automated build execution #1076,CodeSyntaxAlert
package golang.org/x/crypto is not in stdlib imported in main.go:319 on linux runner agent 7,CodeSyntaxAlert
undefined reference to symbol pthread_create in file runtime.o exit code failure log dump,CodeSyntaxAlert
eslint found 12 compilation errors parsing jsx template component triage remediation required,CodeSyntaxAlert
type mismatch compiler cannot convert interface to struct pointer in CI job pipeline step 2,CodeSyntaxAlert
typescript compile error property does not exist on type user profile during automated build execution #1081,CodeSyntaxAlert
rustc borrow checker error cannot borrow immutable local variable as mutable on linux runner agent 2,CodeSyntaxAlert
python indentation error unindent does not match any outer indentation level exit code failure log dump,CodeSyntaxAlert
missing return statement at end of non-void function handler triage remediation required,CodeSyntaxAlert
javac compilation failed symbol not found variable accountBalance in Class in CI job pipeline step 1,CodeSyntaxAlert
C++ compiler error no matching function for call to computeHash during automated build execution #1086,CodeSyntaxAlert
unclosed string literal at line 489 column 45 in source file on linux runner agent 7,CodeSyntaxAlert
syntax error unexpected identifier const expected closing parenthesis exit code failure log dump,CodeSyntaxAlert
go vet reports unreachable code following panic statement line 23 triage remediation required,CodeSyntaxAlert
syntax error: unexpected token semicolon at line 40 column 2 in CI job pipeline step 0,CodeSyntaxAlert
cannot use variable of type string as type int in argument to processTransaction during automated build execution #1091,CodeSyntaxAlert
package golang.org/x/crypto is not in stdlib imported in main.go:74 on linux runner agent 2,CodeSyntaxAlert
undefined reference to symbol pthread_create in file runtime.o exit code failure log dump,CodeSyntaxAlert
eslint found 12 compilation errors parsing jsx template component triage remediation required,CodeSyntaxAlert
type mismatch compiler cannot convert interface to struct pointer in CI job pipeline step 5,CodeSyntaxAlert
typescript compile error property does not exist on type user profile during automated build execution #1096,CodeSyntaxAlert
rustc borrow checker error cannot borrow immutable local variable as mutable on linux runner agent 7,CodeSyntaxAlert
python indentation error unindent does not match any outer indentation level exit code failure log dump,CodeSyntaxAlert
missing return statement at end of non-void function handler triage remediation required,CodeSyntaxAlert
javac compilation failed symbol not found variable accountBalance in Class in CI job pipeline step 4,CodeSyntaxAlert
C++ compiler error no matching function for call to computeHash during automated build execution #1101,CodeSyntaxAlert
unclosed string literal at line 244 column 45 in source file on linux runner agent 2,CodeSyntaxAlert
syntax error unexpected identifier const expected closing parenthesis exit code failure log dump,CodeSyntaxAlert
go vet reports unreachable code following panic statement line 278 triage remediation required,CodeSyntaxAlert
syntax error: unexpected token semicolon at line 295 column 2 in CI job pipeline step 3,CodeSyntaxAlert
cannot use variable of type string as type int in argument to processTransaction during automated build execution #1106,CodeSyntaxAlert
package golang.org/x/crypto is not in stdlib imported in main.go:329 on linux runner agent 7,CodeSyntaxAlert
undefined reference to symbol pthread_create in file runtime.o exit code failure log dump,CodeSyntaxAlert
eslint found 12 compilation errors parsing jsx template component triage remediation required,CodeSyntaxAlert
type mismatch compiler cannot convert interface to struct pointer in CI job pipeline step 2,CodeSyntaxAlert
typescript compile error property does not exist on type user profile during automated build execution #1111,CodeSyntaxAlert
rustc borrow checker error cannot borrow immutable local variable as mutable on linux runner agent 2,CodeSyntaxAlert
python indentation error unindent does not match any outer indentation level exit code failure log dump,CodeSyntaxAlert
missing return statement at end of non-void function handler triage remediation required,CodeSyntaxAlert
javac compilation failed symbol not found variable accountBalance in Class in CI job pipeline step 1,CodeSyntaxAlert
C++ compiler error no matching function for call to computeHash during automated build execution #1116,CodeSyntaxAlert
unclosed string literal at line 499 column 45 in source file on linux runner agent 7,CodeSyntaxAlert
syntax error unexpected identifier const expected closing parenthesis exit code failure log dump,CodeSyntaxAlert
go vet reports unreachable code following panic statement line 33 triage remediation required,CodeSyntaxAlert
syntax error: unexpected token semicolon at line 50 column 2 in CI job pipeline step 0,CodeSyntaxAlert
cannot use variable of type string as type int in argument to processTransaction during automated build execution #1121,CodeSyntaxAlert
package golang.org/x/crypto is not in stdlib imported in main.go:84 on linux runner agent 2,CodeSyntaxAlert
undefined reference to symbol pthread_create in file runtime.o exit code failure log dump,CodeSyntaxAlert
eslint found 12 compilation errors parsing jsx template component triage remediation required,CodeSyntaxAlert
type mismatch compiler cannot convert interface to struct pointer in CI job pipeline step 5,CodeSyntaxAlert
typescript compile error property does not exist on type user profile during automated build execution #1126,CodeSyntaxAlert
rustc borrow checker error cannot borrow immutable local variable as mutable on linux runner agent 7,CodeSyntaxAlert
python indentation error unindent does not match any outer indentation level exit code failure log dump,CodeSyntaxAlert
missing return statement at end of non-void function handler triage remediation required,CodeSyntaxAlert
javac compilation failed symbol not found variable accountBalance in Class in CI job pipeline step 4,CodeSyntaxAlert
C++ compiler error no matching function for call to computeHash during automated build execution #1131,CodeSyntaxAlert
unclosed string literal at line 254 column 45 in source file on linux runner agent 2,CodeSyntaxAlert
syntax error unexpected identifier const expected closing parenthesis exit code failure log dump,CodeSyntaxAlert
go vet reports unreachable code following panic statement line 288 triage remediation required,CodeSyntaxAlert
syntax error: unexpected token semicolon at line 305 column 2 in CI job pipeline step 3,CodeSyntaxAlert
cannot use variable of type string as type int in argument to processTransaction during automated build execution #1136,CodeSyntaxAlert
package golang.org/x/crypto is not in stdlib imported in main.go:339 on linux runner agent 7,CodeSyntaxAlert
undefined reference to symbol pthread_create in file runtime.o exit code failure log dump,CodeSyntaxAlert
eslint found 12 compilation errors parsing jsx template component triage remediation required,CodeSyntaxAlert
type mismatch compiler cannot convert interface to struct pointer in CI job pipeline step 2,CodeSyntaxAlert
typescript compile error property does not exist on type user profile during automated build execution #1141,CodeSyntaxAlert
rustc borrow checker error cannot borrow immutable local variable as mutable on linux runner agent 2,CodeSyntaxAlert
python indentation error unindent does not match any outer indentation level exit code failure log dump,CodeSyntaxAlert
missing return statement at end of non-void function handler triage remediation required,CodeSyntaxAlert
javac compilation failed symbol not found variable accountBalance in Class in CI job pipeline step 1,CodeSyntaxAlert
C++ compiler error no matching function for call to computeHash during automated build execution #1146,CodeSyntaxAlert
unclosed string literal at line 509 column 45 in source file on linux runner agent 7,CodeSyntaxAlert
syntax error unexpected identifier const expected closing parenthesis exit code failure log dump,CodeSyntaxAlert
go vet reports unreachable code following panic statement line 43 triage remediation required,CodeSyntaxAlert
syntax error: unexpected token semicolon at line 60 column 2 in CI job pipeline step 0,CodeSyntaxAlert
cannot use variable of type string as type int in argument to processTransaction during automated build execution #1151,CodeSyntaxAlert
package golang.org/x/crypto is not in stdlib imported in main.go:94 on linux runner agent 2,CodeSyntaxAlert
undefined reference to symbol pthread_create in file runtime.o exit code failure log dump,CodeSyntaxAlert
eslint found 12 compilation errors parsing jsx template component triage remediation required,CodeSyntaxAlert
type mismatch compiler cannot convert interface to struct pointer in CI job pipeline step 5,CodeSyntaxAlert
typescript compile error property does not exist on type user profile during automated build execution #1156,CodeSyntaxAlert
rustc borrow checker error cannot borrow immutable local variable as mutable on linux runner agent 7,CodeSyntaxAlert
python indentation error unindent does not match any outer indentation level exit code failure log dump,CodeSyntaxAlert
missing return statement at end of non-void function handler triage remediation required,CodeSyntaxAlert
javac compilation failed symbol not found variable accountBalance in Class in CI job pipeline step 4,CodeSyntaxAlert
C++ compiler error no matching function for call to computeHash during automated build execution #1161,CodeSyntaxAlert
unclosed string literal at line 264 column 45 in source file on linux runner agent 2,CodeSyntaxAlert
syntax error unexpected identifier const expected closing parenthesis exit code failure log dump,CodeSyntaxAlert
go vet reports unreachable code following panic statement line 298 triage remediation required,CodeSyntaxAlert
syntax error: unexpected token semicolon at line 315 column 2 in CI job pipeline step 3,CodeSyntaxAlert
cannot use variable of type string as type int in argument to processTransaction during automated build execution #1166,CodeSyntaxAlert
package golang.org/x/crypto is not in stdlib imported in main.go:349 on linux runner agent 7,CodeSyntaxAlert
undefined reference to symbol pthread_create in file runtime.o exit code failure log dump,CodeSyntaxAlert
eslint found 12 compilation errors parsing jsx template component triage remediation required,CodeSyntaxAlert
type mismatch compiler cannot convert interface to struct pointer in CI job pipeline step 2,CodeSyntaxAlert
typescript compile error property does not exist on type user profile during automated build execution #1171,CodeSyntaxAlert
rustc borrow checker error cannot borrow immutable local variable as mutable on linux runner agent 2,CodeSyntaxAlert
python indentation error unindent does not match any outer indentation level exit code failure log dump,CodeSyntaxAlert
missing return statement at end of non-void function handler triage remediation required,CodeSyntaxAlert
javac compilation failed symbol not found variable accountBalance in Class in CI job pipeline step 1,CodeSyntaxAlert
C++ compiler error no matching function for call to computeHash during automated build execution #1176,CodeSyntaxAlert
unclosed string literal at line 19 column 45 in source file on linux runner agent 7,CodeSyntaxAlert
syntax error unexpected identifier const expected closing parenthesis exit code failure log dump,CodeSyntaxAlert
go vet reports unreachable code following panic statement line 53 triage remediation required,CodeSyntaxAlert
syntax error: unexpected token semicolon at line 70 column 2 in CI job pipeline step 0,CodeSyntaxAlert
cannot use variable of type string as type int in argument to processTransaction during automated build execution #1181,CodeSyntaxAlert
package golang.org/x/crypto is not in stdlib imported in main.go:104 on linux runner agent 2,CodeSyntaxAlert
undefined reference to symbol pthread_create in file runtime.o exit code failure log dump,CodeSyntaxAlert
eslint found 12 compilation errors parsing jsx template component triage remediation required,CodeSyntaxAlert
type mismatch compiler cannot convert interface to struct pointer in CI job pipeline step 5,CodeSyntaxAlert
typescript compile error property does not exist on type user profile during automated build execution #1186,CodeSyntaxAlert
rustc borrow checker error cannot borrow immutable local variable as mutable on linux runner agent 7,CodeSyntaxAlert
python indentation error unindent does not match any outer indentation level exit code failure log dump,CodeSyntaxAlert
missing return statement at end of non-void function handler triage remediation required,CodeSyntaxAlert
javac compilation failed symbol not found variable accountBalance in Class in CI job pipeline step 4,CodeSyntaxAlert
C++ compiler error no matching function for call to computeHash during automated build execution #1191,CodeSyntaxAlert
unclosed string literal at line 274 column 45 in source file on linux runner agent 2,CodeSyntaxAlert
syntax error unexpected identifier const expected closing parenthesis exit code failure log dump,CodeSyntaxAlert
go vet reports unreachable code following panic statement line 308 triage remediation required,CodeSyntaxAlert
syntax error: unexpected token semicolon at line 325 column 2 in CI job pipeline step 3,CodeSyntaxAlert
cannot use variable of type string as type int in argument to processTransaction during automated build execution #1196,CodeSyntaxAlert
package golang.org/x/crypto is not in stdlib imported in main.go:359 on linux runner agent 7,CodeSyntaxAlert
undefined reference to symbol pthread_create in file runtime.o exit code failure log dump,CodeSyntaxAlert
eslint found 12 compilation errors parsing jsx template component triage remediation required,CodeSyntaxAlert
type mismatch compiler cannot convert interface to struct pointer in CI job pipeline step 2,CodeSyntaxAlert
typescript compile error property does not exist on type user profile during automated build execution #1201,CodeSyntaxAlert
rustc borrow checker error cannot borrow immutable local variable as mutable on linux runner agent 2,CodeSyntaxAlert
python indentation error unindent does not match any outer indentation level exit code failure log dump,CodeSyntaxAlert
missing return statement at end of non-void function handler triage remediation required,CodeSyntaxAlert
javac compilation failed symbol not found variable accountBalance in Class in CI job pipeline step 1,CodeSyntaxAlert
C++ compiler error no matching function for call to computeHash during automated build execution #1206,CodeSyntaxAlert
unclosed string literal at line 29 column 45 in source file on linux runner agent 7,CodeSyntaxAlert
syntax error unexpected identifier const expected closing parenthesis exit code failure log dump,CodeSyntaxAlert
go vet reports unreachable code following panic statement line 63 triage remediation required,CodeSyntaxAlert
syntax error: unexpected token semicolon at line 80 column 2 in CI job pipeline step 0,CodeSyntaxAlert
cannot use variable of type string as type int in argument to processTransaction during automated build execution #1211,CodeSyntaxAlert
package golang.org/x/crypto is not in stdlib imported in main.go:114 on linux runner agent 2,CodeSyntaxAlert
undefined reference to symbol pthread_create in file runtime.o exit code failure log dump,CodeSyntaxAlert
eslint found 12 compilation errors parsing jsx template component triage remediation required,CodeSyntaxAlert
type mismatch compiler cannot convert interface to struct pointer in CI job pipeline step 5,CodeSyntaxAlert
typescript compile error property does not exist on type user profile during automated build execution #1216,CodeSyntaxAlert
rustc borrow checker error cannot borrow immutable local variable as mutable on linux runner agent 7,CodeSyntaxAlert
python indentation error unindent does not match any outer indentation level exit code failure log dump,CodeSyntaxAlert
missing return statement at end of non-void function handler triage remediation required,CodeSyntaxAlert
javac compilation failed symbol not found variable accountBalance in Class in CI job pipeline step 4,CodeSyntaxAlert
C++ compiler error no matching function for call to computeHash during automated build execution #1221,CodeSyntaxAlert
unclosed string literal at line 284 column 45 in source file on linux runner agent 2,CodeSyntaxAlert
syntax error unexpected identifier const expected closing parenthesis exit code failure log dump,CodeSyntaxAlert
go vet reports unreachable code following panic statement line 318 triage remediation required,CodeSyntaxAlert
syntax error: unexpected token semicolon at line 335 column 2 in CI job pipeline step 3,CodeSyntaxAlert
cannot use variable of type string as type int in argument to processTransaction during automated build execution #1226,CodeSyntaxAlert
package golang.org/x/crypto is not in stdlib imported in main.go:369 on linux runner agent 7,CodeSyntaxAlert
undefined reference to symbol pthread_create in file runtime.o exit code failure log dump,CodeSyntaxAlert
eslint found 12 compilation errors parsing jsx template component triage remediation required,CodeSyntaxAlert
type mismatch compiler cannot convert interface to struct pointer in CI job pipeline step 2,CodeSyntaxAlert
typescript compile error property does not exist on type user profile during automated build execution #1231,CodeSyntaxAlert
rustc borrow checker error cannot borrow immutable local variable as mutable on linux runner agent 2,CodeSyntaxAlert
python indentation error unindent does not match any outer indentation level exit code failure log dump,CodeSyntaxAlert
missing return statement at end of non-void function handler triage remediation required,CodeSyntaxAlert
javac compilation failed symbol not found variable accountBalance in Class in CI job pipeline step 1,CodeSyntaxAlert
C++ compiler error no matching function for call to computeHash during automated build execution #1236,CodeSyntaxAlert
unclosed string literal at line 39 column 45 in source file on linux runner agent 7,CodeSyntaxAlert
syntax error unexpected identifier const expected closing parenthesis exit code failure log dump,CodeSyntaxAlert
go vet reports unreachable code following panic statement line 73 triage remediation required,CodeSyntaxAlert
syntax error: unexpected token semicolon at line 90 column 2 in CI job pipeline step 0,CodeSyntaxAlert
cannot use variable of type string as type int in argument to processTransaction during automated build execution #1241,CodeSyntaxAlert
package golang.org/x/crypto is not in stdlib imported in main.go:124 on linux runner agent 2,CodeSyntaxAlert
undefined reference to symbol pthread_create in file runtime.o exit code failure log dump,CodeSyntaxAlert
eslint found 12 compilation errors parsing jsx template component triage remediation required,CodeSyntaxAlert
type mismatch compiler cannot convert interface to struct pointer in CI job pipeline step 5,CodeSyntaxAlert
typescript compile error property does not exist on type user profile during automated build execution #1246,CodeSyntaxAlert
rustc borrow checker error cannot borrow immutable local variable as mutable on linux runner agent 7,CodeSyntaxAlert
python indentation error unindent does not match any outer indentation level exit code failure log dump,CodeSyntaxAlert
missing return statement at end of non-void function handler triage remediation required,CodeSyntaxAlert
checksum mismatch for cached layer sha256:4a8b000f0 invalid local tar,CacheEvict
corrupted go build cache detected in /root/.cache/go-build please clean,CacheEvict
stale npm cache detected causing hash verification failure on lockfile,CacheEvict
purge stale yarn cache integrity verification checksum error,CacheEvict
maven local repository corrupt artifact metadata invalid signature,CacheEvict
docker build cache layer damaged header checksum invalid,CacheEvict
invalid zip archive header in cached dependency bundle,CacheEvict
gradle build cache corrupted entry sha1 mismatch rebuilding target,CacheEvict
cache entry poisoned by incomplete write operation please flush,CacheEvict
clear corrupted compiler artifact cache before resuming job,CacheEvict
sbt ivy cache resolution failed bad checksum for cached jar archive,CacheEvict
tar header corrupt when extracting buildkit cache volume,CacheEvict
pip wheel cache contains invalid archive format please evict,CacheEvict
cached ccache compiler object hash collision detected clearing cache,CacheEvict
invalid magic byte sequence in rust sccache artifact storage,CacheEvict
checksum mismatch for cached layer sha256:4a8b015f15 invalid local tar in CI job pipeline step 3,CacheEvict
corrupted go build cache detected in /root/.cache/go-build please clean during automated build execution #1016,CacheEvict
stale npm cache detected causing hash verification failure on lockfile on linux runner agent 7,CacheEvict
purge stale yarn cache integrity verification checksum error exit code failure log dump,CacheEvict
maven local repository corrupt artifact metadata invalid signature triage remediation required,CacheEvict
docker build cache layer damaged header checksum invalid in CI job pipeline step 2,CacheEvict
invalid zip archive header in cached dependency bundle during automated build execution #1021,CacheEvict
gradle build cache corrupted entry sha1 mismatch rebuilding target on linux runner agent 2,CacheEvict
cache entry poisoned by incomplete write operation please flush exit code failure log dump,CacheEvict
clear corrupted compiler artifact cache before resuming job triage remediation required,CacheEvict
sbt ivy cache resolution failed bad checksum for cached jar archive in CI job pipeline step 1,CacheEvict
tar header corrupt when extracting buildkit cache volume during automated build execution #1026,CacheEvict
pip wheel cache contains invalid archive format please evict on linux runner agent 7,CacheEvict
cached ccache compiler object hash collision detected clearing cache exit code failure log dump,CacheEvict
invalid magic byte sequence in rust sccache artifact storage triage remediation required,CacheEvict
checksum mismatch for cached layer sha256:4a8b030f30 invalid local tar in CI job pipeline step 0,CacheEvict
corrupted go build cache detected in /root/.cache/go-build please clean during automated build execution #1031,CacheEvict
stale npm cache detected causing hash verification failure on lockfile on linux runner agent 2,CacheEvict
purge stale yarn cache integrity verification checksum error exit code failure log dump,CacheEvict
maven local repository corrupt artifact metadata invalid signature triage remediation required,CacheEvict
docker build cache layer damaged header checksum invalid in CI job pipeline step 5,CacheEvict
invalid zip archive header in cached dependency bundle during automated build execution #1036,CacheEvict
gradle build cache corrupted entry sha1 mismatch rebuilding target on linux runner agent 7,CacheEvict
cache entry poisoned by incomplete write operation please flush exit code failure log dump,CacheEvict
clear corrupted compiler artifact cache before resuming job triage remediation required,CacheEvict
sbt ivy cache resolution failed bad checksum for cached jar archive in CI job pipeline step 4,CacheEvict
tar header corrupt when extracting buildkit cache volume during automated build execution #1041,CacheEvict
pip wheel cache contains invalid archive format please evict on linux runner agent 2,CacheEvict
cached ccache compiler object hash collision detected clearing cache exit code failure log dump,CacheEvict
invalid magic byte sequence in rust sccache artifact storage triage remediation required,CacheEvict
checksum mismatch for cached layer sha256:4a8b045f45 invalid local tar in CI job pipeline step 3,CacheEvict
corrupted go build cache detected in /root/.cache/go-build please clean during automated build execution #1046,CacheEvict
stale npm cache detected causing hash verification failure on lockfile on linux runner agent 7,CacheEvict
purge stale yarn cache integrity verification checksum error exit code failure log dump,CacheEvict
maven local repository corrupt artifact metadata invalid signature triage remediation required,CacheEvict
docker build cache layer damaged header checksum invalid in CI job pipeline step 2,CacheEvict
invalid zip archive header in cached dependency bundle during automated build execution #1051,CacheEvict
gradle build cache corrupted entry sha1 mismatch rebuilding target on linux runner agent 2,CacheEvict
cache entry poisoned by incomplete write operation please flush exit code failure log dump,CacheEvict
clear corrupted compiler artifact cache before resuming job triage remediation required,CacheEvict
sbt ivy cache resolution failed bad checksum for cached jar archive in CI job pipeline step 1,CacheEvict
tar header corrupt when extracting buildkit cache volume during automated build execution #1056,CacheEvict
pip wheel cache contains invalid archive format please evict on linux runner agent 7,CacheEvict
cached ccache compiler object hash collision detected clearing cache exit code failure log dump,CacheEvict
invalid magic byte sequence in rust sccache artifact storage triage remediation required,CacheEvict
checksum mismatch for cached layer sha256:4a8b060f60 invalid local tar in CI job pipeline step 0,CacheEvict
corrupted go build cache detected in /root/.cache/go-build please clean during automated build execution #1061,CacheEvict
stale npm cache detected causing hash verification failure on lockfile on linux runner agent 2,CacheEvict
purge stale yarn cache integrity verification checksum error exit code failure log dump,CacheEvict
maven local repository corrupt artifact metadata invalid signature triage remediation required,CacheEvict
docker build cache layer damaged header checksum invalid in CI job pipeline step 5,CacheEvict
invalid zip archive header in cached dependency bundle during automated build execution #1066,CacheEvict
gradle build cache corrupted entry sha1 mismatch rebuilding target on linux runner agent 7,CacheEvict
cache entry poisoned by incomplete write operation please flush exit code failure log dump,CacheEvict
clear corrupted compiler artifact cache before resuming job triage remediation required,CacheEvict
sbt ivy cache resolution failed bad checksum for cached jar archive in CI job pipeline step 4,CacheEvict
tar header corrupt when extracting buildkit cache volume during automated build execution #1071,CacheEvict
pip wheel cache contains invalid archive format please evict on linux runner agent 2,CacheEvict
cached ccache compiler object hash collision detected clearing cache exit code failure log dump,CacheEvict
invalid magic byte sequence in rust sccache artifact storage triage remediation required,CacheEvict
checksum mismatch for cached layer sha256:4a8b075f75 invalid local tar in CI job pipeline step 3,CacheEvict
corrupted go build cache detected in /root/.cache/go-build please clean during automated build execution #1076,CacheEvict
stale npm cache detected causing hash verification failure on lockfile on linux runner agent 7,CacheEvict
purge stale yarn cache integrity verification checksum error exit code failure log dump,CacheEvict
maven local repository corrupt artifact metadata invalid signature triage remediation required,CacheEvict
docker build cache layer damaged header checksum invalid in CI job pipeline step 2,CacheEvict
invalid zip archive header in cached dependency bundle during automated build execution #1081,CacheEvict
gradle build cache corrupted entry sha1 mismatch rebuilding target on linux runner agent 2,CacheEvict
cache entry poisoned by incomplete write operation please flush exit code failure log dump,CacheEvict
clear corrupted compiler artifact cache before resuming job triage remediation required,CacheEvict
sbt ivy cache resolution failed bad checksum for cached jar archive in CI job pipeline step 1,CacheEvict
tar header corrupt when extracting buildkit cache volume during automated build execution #1086,CacheEvict
pip wheel cache contains invalid archive format please evict on linux runner agent 7,CacheEvict
cached ccache compiler object hash collision detected clearing cache exit code failure log dump,CacheEvict
invalid magic byte sequence in rust sccache artifact storage triage remediation required,CacheEvict
checksum mismatch for cached layer sha256:4a8b090f90 invalid local tar in CI job pipeline step 0,CacheEvict
corrupted go build cache detected in /root/.cache/go-build please clean during automated build execution #1091,CacheEvict
stale npm cache detected causing hash verification failure on lockfile on linux runner agent 2,CacheEvict
purge stale yarn cache integrity verification checksum error exit code failure log dump,CacheEvict
maven local repository corrupt artifact metadata invalid signature triage remediation required,CacheEvict
docker build cache layer damaged header checksum invalid in CI job pipeline step 5,CacheEvict
invalid zip archive header in cached dependency bundle during automated build execution #1096,CacheEvict
gradle build cache corrupted entry sha1 mismatch rebuilding target on linux runner agent 7,CacheEvict
cache entry poisoned by incomplete write operation please flush exit code failure log dump,CacheEvict
clear corrupted compiler artifact cache before resuming job triage remediation required,CacheEvict
sbt ivy cache resolution failed bad checksum for cached jar archive in CI job pipeline step 4,CacheEvict
tar header corrupt when extracting buildkit cache volume during automated build execution #1101,CacheEvict
pip wheel cache contains invalid archive format please evict on linux runner agent 2,CacheEvict
cached ccache compiler object hash collision detected clearing cache exit code failure log dump,CacheEvict
invalid magic byte sequence in rust sccache artifact storage triage remediation required,CacheEvict
checksum mismatch for cached layer sha256:4a8b105f5 invalid local tar in CI job pipeline step 3,CacheEvict
corrupted go build cache detected in /root/.cache/go-build please clean during automated build execution #1106,CacheEvict
stale npm cache detected causing hash verification failure on lockfile on linux runner agent 7,CacheEvict
purge stale yarn cache integrity verification checksum error exit code failure log dump,CacheEvict
maven local repository corrupt artifact metadata invalid signature triage remediation required,CacheEvict
docker build cache layer damaged header checksum invalid in CI job pipeline step 2,CacheEvict
invalid zip archive header in cached dependency bundle during automated build execution #1111,CacheEvict
gradle build cache corrupted entry sha1 mismatch rebuilding target on linux runner agent 2,CacheEvict
cache entry poisoned by incomplete write operation please flush exit code failure log dump,CacheEvict
clear corrupted compiler artifact cache before resuming job triage remediation required,CacheEvict
sbt ivy cache resolution failed bad checksum for cached jar archive in CI job pipeline step 1,CacheEvict
tar header corrupt when extracting buildkit cache volume during automated build execution #1116,CacheEvict
pip wheel cache contains invalid archive format please evict on linux runner agent 7,CacheEvict
cached ccache compiler object hash collision detected clearing cache exit code failure log dump,CacheEvict
invalid magic byte sequence in rust sccache artifact storage triage remediation required,CacheEvict
checksum mismatch for cached layer sha256:4a8b120f20 invalid local tar in CI job pipeline step 0,CacheEvict
corrupted go build cache detected in /root/.cache/go-build please clean during automated build execution #1121,CacheEvict
stale npm cache detected causing hash verification failure on lockfile on linux runner agent 2,CacheEvict
purge stale yarn cache integrity verification checksum error exit code failure log dump,CacheEvict
maven local repository corrupt artifact metadata invalid signature triage remediation required,CacheEvict
docker build cache layer damaged header checksum invalid in CI job pipeline step 5,CacheEvict
invalid zip archive header in cached dependency bundle during automated build execution #1126,CacheEvict
gradle build cache corrupted entry sha1 mismatch rebuilding target on linux runner agent 7,CacheEvict
cache entry poisoned by incomplete write operation please flush exit code failure log dump,CacheEvict
clear corrupted compiler artifact cache before resuming job triage remediation required,CacheEvict
sbt ivy cache resolution failed bad checksum for cached jar archive in CI job pipeline step 4,CacheEvict
tar header corrupt when extracting buildkit cache volume during automated build execution #1131,CacheEvict
pip wheel cache contains invalid archive format please evict on linux runner agent 2,CacheEvict
cached ccache compiler object hash collision detected clearing cache exit code failure log dump,CacheEvict
invalid magic byte sequence in rust sccache artifact storage triage remediation required,CacheEvict
checksum mismatch for cached layer sha256:4a8b135f35 invalid local tar in CI job pipeline step 3,CacheEvict
corrupted go build cache detected in /root/.cache/go-build please clean during automated build execution #1136,CacheEvict
stale npm cache detected causing hash verification failure on lockfile on linux runner agent 7,CacheEvict
purge stale yarn cache integrity verification checksum error exit code failure log dump,CacheEvict
maven local repository corrupt artifact metadata invalid signature triage remediation required,CacheEvict
docker build cache layer damaged header checksum invalid in CI job pipeline step 2,CacheEvict
invalid zip archive header in cached dependency bundle during automated build execution #1141,CacheEvict
gradle build cache corrupted entry sha1 mismatch rebuilding target on linux runner agent 2,CacheEvict
cache entry poisoned by incomplete write operation please flush exit code failure log dump,CacheEvict
clear corrupted compiler artifact cache before resuming job triage remediation required,CacheEvict
sbt ivy cache resolution failed bad checksum for cached jar archive in CI job pipeline step 1,CacheEvict
tar header corrupt when extracting buildkit cache volume during automated build execution #1146,CacheEvict
pip wheel cache contains invalid archive format please evict on linux runner agent 7,CacheEvict
cached ccache compiler object hash collision detected clearing cache exit code failure log dump,CacheEvict
invalid magic byte sequence in rust sccache artifact storage triage remediation required,CacheEvict
checksum mismatch for cached layer sha256:4a8b150f50 invalid local tar in CI job pipeline step 0,CacheEvict
corrupted go build cache detected in /root/.cache/go-build please clean during automated build execution #1151,CacheEvict
stale npm cache detected causing hash verification failure on lockfile on linux runner agent 2,CacheEvict
purge stale yarn cache integrity verification checksum error exit code failure log dump,CacheEvict
maven local repository corrupt artifact metadata invalid signature triage remediation required,CacheEvict
docker build cache layer damaged header checksum invalid in CI job pipeline step 5,CacheEvict
invalid zip archive header in cached dependency bundle during automated build execution #1156,CacheEvict
gradle build cache corrupted entry sha1 mismatch rebuilding target on linux runner agent 7,CacheEvict
cache entry poisoned by incomplete write operation please flush exit code failure log dump,CacheEvict
clear corrupted compiler artifact cache before resuming job triage remediation required,CacheEvict
sbt ivy cache resolution failed bad checksum for cached jar archive in CI job pipeline step 4,CacheEvict
tar header corrupt when extracting buildkit cache volume during automated build execution #1161,CacheEvict
pip wheel cache contains invalid archive format please evict on linux runner agent 2,CacheEvict
cached ccache compiler object hash collision detected clearing cache exit code failure log dump,CacheEvict
invalid magic byte sequence in rust sccache artifact storage triage remediation required,CacheEvict
checksum mismatch for cached layer sha256:4a8b165f65 invalid local tar in CI job pipeline step 3,CacheEvict
corrupted go build cache detected in /root/.cache/go-build please clean during automated build execution #1166,CacheEvict
stale npm cache detected causing hash verification failure on lockfile on linux runner agent 7,CacheEvict
purge stale yarn cache integrity verification checksum error exit code failure log dump,CacheEvict
maven local repository corrupt artifact metadata invalid signature triage remediation required,CacheEvict
docker build cache layer damaged header checksum invalid in CI job pipeline step 2,CacheEvict
invalid zip archive header in cached dependency bundle during automated build execution #1171,CacheEvict
gradle build cache corrupted entry sha1 mismatch rebuilding target on linux runner agent 2,CacheEvict
cache entry poisoned by incomplete write operation please flush exit code failure log dump,CacheEvict
clear corrupted compiler artifact cache before resuming job triage remediation required,CacheEvict
sbt ivy cache resolution failed bad checksum for cached jar archive in CI job pipeline step 1,CacheEvict
tar header corrupt when extracting buildkit cache volume during automated build execution #1176,CacheEvict
pip wheel cache contains invalid archive format please evict on linux runner agent 7,CacheEvict
cached ccache compiler object hash collision detected clearing cache exit code failure log dump,CacheEvict
invalid magic byte sequence in rust sccache artifact storage triage remediation required,CacheEvict
checksum mismatch for cached layer sha256:4a8b180f80 invalid local tar in CI job pipeline step 0,CacheEvict
corrupted go build cache detected in /root/.cache/go-build please clean during automated build execution #1181,CacheEvict
stale npm cache detected causing hash verification failure on lockfile on linux runner agent 2,CacheEvict
purge stale yarn cache integrity verification checksum error exit code failure log dump,CacheEvict
maven local repository corrupt artifact metadata invalid signature triage remediation required,CacheEvict
docker build cache layer damaged header checksum invalid in CI job pipeline step 5,CacheEvict
invalid zip archive header in cached dependency bundle during automated build execution #1186,CacheEvict
gradle build cache corrupted entry sha1 mismatch rebuilding target on linux runner agent 7,CacheEvict
cache entry poisoned by incomplete write operation please flush exit code failure log dump,CacheEvict
clear corrupted compiler artifact cache before resuming job triage remediation required,CacheEvict
sbt ivy cache resolution failed bad checksum for cached jar archive in CI job pipeline step 4,CacheEvict
tar header corrupt when extracting buildkit cache volume during automated build execution #1191,CacheEvict
pip wheel cache contains invalid archive format please evict on linux runner agent 2,CacheEvict
cached ccache compiler object hash collision detected clearing cache exit code failure log dump,CacheEvict
invalid magic byte sequence in rust sccache artifact storage triage remediation required,CacheEvict
checksum mismatch for cached layer sha256:4a8b195f95 invalid local tar in CI job pipeline step 3,CacheEvict
corrupted go build cache detected in /root/.cache/go-build please clean during automated build execution #1196,CacheEvict
stale npm cache detected causing hash verification failure on lockfile on linux runner agent 7,CacheEvict
purge stale yarn cache integrity verification checksum error exit code failure log dump,CacheEvict
maven local repository corrupt artifact metadata invalid signature triage remediation required,CacheEvict
docker build cache layer damaged header checksum invalid in CI job pipeline step 2,CacheEvict
invalid zip archive header in cached dependency bundle during automated build execution #1201,CacheEvict
gradle build cache corrupted entry sha1 mismatch rebuilding target on linux runner agent 2,CacheEvict
cache entry poisoned by incomplete write operation please flush exit code failure log dump,CacheEvict
clear corrupted compiler artifact cache before resuming job triage remediation required,CacheEvict
sbt ivy cache resolution failed bad checksum for cached jar archive in CI job pipeline step 1,CacheEvict
tar header corrupt when extracting buildkit cache volume during automated build execution #1206,CacheEvict
pip wheel cache contains invalid archive format please evict on linux runner agent 7,CacheEvict
cached ccache compiler object hash collision detected clearing cache exit code failure log dump,CacheEvict
invalid magic byte sequence in rust sccache artifact storage triage remediation required,CacheEvict
checksum mismatch for cached layer sha256:4a8b210f10 invalid local tar in CI job pipeline step 0,CacheEvict
corrupted go build cache detected in /root/.cache/go-build please clean during automated build execution #1211,CacheEvict
stale npm cache detected causing hash verification failure on lockfile on linux runner agent 2,CacheEvict
purge stale yarn cache integrity verification checksum error exit code failure log dump,CacheEvict
maven local repository corrupt artifact metadata invalid signature triage remediation required,CacheEvict
docker build cache layer damaged header checksum invalid in CI job pipeline step 5,CacheEvict
invalid zip archive header in cached dependency bundle during automated build execution #1216,CacheEvict
gradle build cache corrupted entry sha1 mismatch rebuilding target on linux runner agent 7,CacheEvict
cache entry poisoned by incomplete write operation please flush exit code failure log dump,CacheEvict
clear corrupted compiler artifact cache before resuming job triage remediation required,CacheEvict
sbt ivy cache resolution failed bad checksum for cached jar archive in CI job pipeline step 4,CacheEvict
tar header corrupt when extracting buildkit cache volume during automated build execution #1221,CacheEvict
pip wheel cache contains invalid archive format please evict on linux runner agent 2,CacheEvict
cached ccache compiler object hash collision detected clearing cache exit code failure log dump,CacheEvict
invalid magic byte sequence in rust sccache artifact storage triage remediation required,CacheEvict
checksum mismatch for cached layer sha256:4a8b225f25 invalid local tar in CI job pipeline step 3,CacheEvict
corrupted go build cache detected in /root/.cache/go-build please clean during automated build execution #1226,CacheEvict
stale npm cache detected causing hash verification failure on lockfile on linux runner agent 7,CacheEvict
purge stale yarn cache integrity verification checksum error exit code failure log dump,CacheEvict
maven local repository corrupt artifact metadata invalid signature triage remediation required,CacheEvict
docker build cache layer damaged header checksum invalid in CI job pipeline step 2,CacheEvict
invalid zip archive header in cached dependency bundle during automated build execution #1231,CacheEvict
gradle build cache corrupted entry sha1 mismatch rebuilding target on linux runner agent 2,CacheEvict
cache entry poisoned by incomplete write operation please flush exit code failure log dump,CacheEvict
clear corrupted compiler artifact cache before resuming job triage remediation required,CacheEvict
sbt ivy cache resolution failed bad checksum for cached jar archive in CI job pipeline step 1,CacheEvict
tar header corrupt when extracting buildkit cache volume during automated build execution #1236,CacheEvict
pip wheel cache contains invalid archive format please evict on linux runner agent 7,CacheEvict
cached ccache compiler object hash collision detected clearing cache exit code failure log dump,CacheEvict
invalid magic byte sequence in rust sccache artifact storage triage remediation required,CacheEvict
checksum mismatch for cached layer sha256:4a8b240f40 invalid local tar in CI job pipeline step 0,CacheEvict
corrupted go build cache detected in /root/.cache/go-build please clean during automated build execution #1241,CacheEvict
stale npm cache detected causing hash verification failure on lockfile on linux runner agent 2,CacheEvict
purge stale yarn cache integrity verification checksum error exit code failure log dump,CacheEvict
maven local repository corrupt artifact metadata invalid signature triage remediation required,CacheEvict
docker build cache layer damaged header checksum invalid in CI job pipeline step 5,CacheEvict
invalid zip archive header in cached dependency bundle during automated build execution #1246,CacheEvict
gradle build cache corrupted entry sha1 mismatch rebuilding target on linux runner agent 7,CacheEvict
cache entry poisoned by incomplete write operation please flush exit code failure log dump,CacheEvict
clear corrupted compiler artifact cache before resuming job triage remediation required,CacheEvict
