text,label
Monthly lunch payment split with office colleagues,NormalTransfer
Reimbursement for team dinner pizza and drinks,NormalTransfer
Pay roomie for my half of apartment electricity and internet bill,NormalTransfer
Sending fifty dollars for movie tickets and snacks,NormalTransfer
Split grocery store bill with roommate from weekend shopping,NormalTransfer
Birthday gift money contribution for Sarah from accounting,NormalTransfer
Carpool gas money reimbursement for commute this week,NormalTransfer
Sending twenty dollars to friend for coffee and bagels,NormalTransfer
Monthly gym membership dues split with gym partner,NormalTransfer
Reimbursing David for concert tickets purchased last night,NormalTransfer
Transfer forty dollars for shared taxi ride home from airport,NormalTransfer
Send my share of Airbnb weekend cabin rental to Michael,NormalTransfer
Lunch money split between coworkers at sandwich deli,NormalTransfer
Payment for used college textbook purchased from classmate,NormalTransfer
Settling up restaurant bill from Sunday brunch with friends,NormalTransfer
Monthly lunch payment split with office colleagues memo reference TX-100285,NormalTransfer
Reimbursement for team dinner pizza and drinks remittance batch 1,NormalTransfer
Pay roomie for my half of apartment electricity and internet bill transaction verification log 17,NormalTransfer
Sending fifty dollars for movie tickets and snacks banking customer reference note,NormalTransfer
Split grocery store bill with roommate from weekend shopping ledger transaction entry,NormalTransfer
Birthday gift money contribution for Sarah from accounting memo reference TX-100380,NormalTransfer
Carpool gas money reimbursement for commute this week remittance batch 6,NormalTransfer
Sending twenty dollars to friend for coffee and bagels transaction verification log 22,NormalTransfer
Monthly gym membership dues split with gym partner banking customer reference note,NormalTransfer
Reimbursing David for concert tickets purchased last night ledger transaction entry,NormalTransfer
Transfer forty dollars for shared taxi ride home from airport memo reference TX-100475,NormalTransfer
Send my share of Airbnb weekend cabin rental to Michael remittance batch 11,NormalTransfer
Lunch money split between coworkers at sandwich deli transaction verification log 2,NormalTransfer
Payment for used college textbook purchased from classmate banking customer reference note,NormalTransfer
Settling up restaurant bill from Sunday brunch with friends ledger transaction entry,NormalTransfer
Monthly lunch payment split with office colleagues memo reference TX-100570,NormalTransfer
Reimbursement for team dinner pizza and drinks remittance batch 1,NormalTransfer
Pay roomie for my half of apartment electricity and internet bill transaction verification log 7,NormalTransfer
Sending fifty dollars for movie tickets and snacks banking customer reference note,NormalTransfer
Split grocery store bill with roommate from weekend shopping ledger transaction entry,NormalTransfer
Birthday gift money contribution for Sarah from accounting memo reference TX-100665,NormalTransfer
Carpool gas money reimbursement for commute this week remittance batch 6,NormalTransfer
Sending twenty dollars to friend for coffee and bagels transaction verification log 12,NormalTransfer
Monthly gym membership dues split with gym partner banking customer reference note,NormalTransfer
Reimbursing David for concert tickets purchased last night ledger transaction entry,NormalTransfer
Transfer forty dollars for shared taxi ride home from airport memo reference TX-100760,NormalTransfer
Send my share of Airbnb weekend cabin rental to Michael remittance batch 11,NormalTransfer
Lunch money split between coworkers at sandwich deli transaction verification log 17,NormalTransfer
Payment for used college textbook purchased from classmate banking customer reference note,NormalTransfer
Settling up restaurant bill from Sunday brunch with friends ledger transaction entry,NormalTransfer
Monthly lunch payment split with office colleagues memo reference TX-100855,NormalTransfer
Reimbursement for team dinner pizza and drinks remittance batch 1,NormalTransfer
Pay roomie for my half of apartment electricity and internet bill transaction verification log 22,NormalTransfer
Sending fifty dollars for movie tickets and snacks banking customer reference note,NormalTransfer
Split grocery store bill with roommate from weekend shopping ledger transaction entry,NormalTransfer
Birthday gift money contribution for Sarah from accounting memo reference TX-100950,NormalTransfer
Carpool gas money reimbursement for commute this week remittance batch 6,NormalTransfer
Sending twenty dollars to friend for coffee and bagels transaction verification log 2,NormalTransfer
Monthly gym membership dues split with gym partner banking customer reference note,NormalTransfer
Reimbursing David for concert tickets purchased last night ledger transaction entry,NormalTransfer
Transfer forty dollars for shared taxi ride home from airport memo reference TX-101045,NormalTransfer
Send my share of Airbnb weekend cabin rental to Michael remittance batch 11,NormalTransfer
Lunch money split between coworkers at sandwich deli transaction verification log 7,NormalTransfer
Payment for used college textbook purchased from classmate banking customer reference note,NormalTransfer
Settling up restaurant bill from Sunday brunch with friends ledger transaction entry,NormalTransfer
Monthly lunch payment split with office colleagues memo reference TX-101140,NormalTransfer
Reimbursement for team dinner pizza and drinks remittance batch 1,NormalTransfer
Pay roomie for my half of apartment electricity and internet bill transaction verification log 12,NormalTransfer
Sending fifty dollars for movie tickets and snacks banking customer reference note,NormalTransfer
Split grocery store bill with roommate from weekend shopping ledger transaction entry,NormalTransfer
Birthday gift money contribution for Sarah from accounting memo reference TX-101235,NormalTransfer
Carpool gas money reimbursement for commute this week remittance batch 6,NormalTransfer
Sending twenty dollars to friend for coffee and bagels transaction verification log 17,NormalTransfer
Monthly gym membership dues split with gym partner banking customer reference note,NormalTransfer
Reimbursing David for concert tickets purchased last night ledger transaction entry,NormalTransfer
Transfer forty dollars for shared taxi ride home from airport memo reference TX-101330,NormalTransfer
Send my share of Airbnb weekend cabin rental to Michael remittance batch 11,NormalTransfer
Lunch money split between coworkers at sandwich deli transaction verification log 22,NormalTransfer
Payment for used college textbook purchased from classmate banking customer reference note,NormalTransfer
Settling up restaurant bill from Sunday brunch with friends ledger transaction entry,NormalTransfer
Monthly lunch payment split with office colleagues memo reference TX-101425,NormalTransfer
Reimbursement for team dinner pizza and drinks remittance batch 1,NormalTransfer
Pay roomie for my half of apartment electricity and internet bill transaction verification log 2,NormalTransfer
Sending fifty dollars for movie tickets and snacks banking customer reference note,NormalTransfer
Split grocery store bill with roommate from weekend shopping ledger transaction entry,NormalTransfer
Birthday gift money contribution for Sarah from accounting memo reference TX-101520,NormalTransfer
Carpool gas money reimbursement for commute this week remittance batch 6,NormalTransfer
Sending twenty dollars to friend for coffee and bagels transaction verification log 7,NormalTransfer
Monthly gym membership dues split with gym partner banking customer reference note,NormalTransfer
Reimbursing David for concert tickets purchased last night ledger transaction entry,NormalTransfer
Transfer forty dollars for shared taxi ride home from airport memo reference TX-101615,NormalTransfer
Send my share of Airbnb weekend cabin rental to Michael remittance batch 11,NormalTransfer
Lunch money split between coworkers at sandwich deli transaction verification log 12,NormalTransfer
Payment for used college textbook purchased from classmate banking customer reference note,NormalTransfer
Settling up restaurant bill from Sunday brunch with friends ledger transaction entry,NormalTransfer
Monthly lunch payment split with office colleagues memo reference TX-101710,NormalTransfer
Reimbursement for team dinner pizza and drinks remittance batch 1,NormalTransfer
Pay roomie for my half of apartment electricity and internet bill transaction verification log 17,NormalTransfer
Sending fifty dollars for movie tickets and snacks banking customer reference note,NormalTransfer
Split grocery store bill with roommate from weekend shopping ledger transaction entry,NormalTransfer
Birthday gift money contribution for Sarah from accounting memo reference TX-101805,NormalTransfer
Carpool gas money reimbursement for commute this week remittance batch 6,NormalTransfer
Sending twenty dollars to friend for coffee and bagels transaction verification log 22,NormalTransfer
Monthly gym membership dues split with gym partner banking customer reference note,NormalTransfer
Reimbursing David for concert tickets purchased last night ledger transaction entry,NormalTransfer
Transfer forty dollars for shared taxi ride home from airport memo reference TX-101900,NormalTransfer
Send my share of Airbnb weekend cabin rental to Michael remittance batch 11,NormalTransfer
Lunch money split between coworkers at sandwich deli transaction verification log 2,NormalTransfer
Payment for used college textbook purchased from classmate banking customer reference note,NormalTransfer
Settling up restaurant bill from Sunday brunch with friends ledger transaction entry,NormalTransfer
Monthly lunch payment split with office colleagues memo reference TX-101995,NormalTransfer
Reimbursement for team dinner pizza and drinks remittance batch 1,NormalTransfer
Pay roomie for my half of apartment electricity and internet bill transaction verification log 7,NormalTransfer
Sending fifty dollars for movie tickets and snacks banking customer reference note,NormalTransfer
Split grocery store bill with roommate from weekend shopping ledger transaction entry,NormalTransfer
Birthday gift money contribution for Sarah from accounting memo reference TX-102090,NormalTransfer
Carpool gas money reimbursement for commute this week remittance batch 6,NormalTransfer
Sending twenty dollars to friend for coffee and bagels transaction verification log 12,NormalTransfer
Monthly gym membership dues split with gym partner banking customer reference note,NormalTransfer
Reimbursing David for concert tickets purchased last night ledger transaction entry,NormalTransfer
Transfer forty dollars for shared taxi ride home from airport memo reference TX-102185,NormalTransfer
Send my share of Airbnb weekend cabin rental to Michael remittance batch 11,NormalTransfer
Lunch money split between coworkers at sandwich deli transaction verification log 17,NormalTransfer
Payment for used college textbook purchased from classmate banking customer reference note,NormalTransfer
Settling up restaurant bill from Sunday brunch with friends ledger transaction entry,NormalTransfer
Monthly lunch payment split with office colleagues memo reference TX-102280,NormalTransfer
Reimbursement for team dinner pizza and drinks remittance batch 1,NormalTransfer
Pay roomie for my half of apartment electricity and internet bill transaction verification log 22,NormalTransfer
Sending fifty dollars for movie tickets and snacks banking customer reference note,NormalTransfer
Split grocery store bill with roommate from weekend shopping ledger transaction entry,NormalTransfer
Birthday gift money contribution for Sarah from accounting memo reference TX-102375,NormalTransfer
Carpool gas money reimbursement for commute this week remittance batch 6,NormalTransfer
Sending twenty dollars to friend for coffee and bagels transaction verification log 2,NormalTransfer
Monthly gym membership dues split with gym partner banking customer reference note,NormalTransfer
Reimbursing David for concert tickets purchased last night ledger transaction entry,NormalTransfer
Transfer forty dollars for shared taxi ride home from airport memo reference TX-102470,NormalTransfer
Send my share of Airbnb weekend cabin rental to Michael remittance batch 11,NormalTransfer
Lunch money split between coworkers at sandwich deli transaction verification log 7,NormalTransfer
Payment for used college textbook purchased from classmate banking customer reference note,NormalTransfer
Settling up restaurant bill from Sunday brunch with friends ledger transaction entry,NormalTransfer
Monthly lunch payment split with office colleagues memo reference TX-102565,NormalTransfer
Reimbursement for team dinner pizza and drinks remittance batch 1,NormalTransfer
Pay roomie for my half of apartment electricity and internet bill transaction verification log 12,NormalTransfer
Sending fifty dollars for movie tickets and snacks banking customer reference note,NormalTransfer
Split grocery store bill with roommate from weekend shopping ledger transaction entry,NormalTransfer
Birthday gift money contribution for Sarah from accounting memo reference TX-102660,NormalTransfer
Carpool gas money reimbursement for commute this week remittance batch 6,NormalTransfer
Sending twenty dollars to friend for coffee and bagels transaction verification log 17,NormalTransfer
Monthly gym membership dues split with gym partner banking customer reference note,NormalTransfer
Reimbursing David for concert tickets purchased last night ledger transaction entry,NormalTransfer
Transfer forty dollars for shared taxi ride home from airport memo reference TX-102755,NormalTransfer
Send my share of Airbnb weekend cabin rental to Michael remittance batch 11,NormalTransfer
Lunch money split between coworkers at sandwich deli transaction verification log 22,NormalTransfer
Payment for used college textbook purchased from classmate banking customer reference note,NormalTransfer
Settling up restaurant bill from Sunday brunch with friends ledger transaction entry,NormalTransfer
Monthly lunch payment split with office colleagues memo reference TX-102850,NormalTransfer
Reimbursement for team dinner pizza and drinks remittance batch 1,NormalTransfer
Pay roomie for my half of apartment electricity and internet bill transaction verification log 2,NormalTransfer
Sending fifty dollars for movie tickets and snacks banking customer reference note,NormalTransfer
Split grocery store bill with roommate from weekend shopping ledger transaction entry,NormalTransfer
Birthday gift money contribution for Sarah from accounting memo reference TX-102945,NormalTransfer
Carpool gas money reimbursement for commute this week remittance batch 6,NormalTransfer
Sending twenty dollars to friend for coffee and bagels transaction verification log 7,NormalTransfer
Monthly gym membership dues split with gym partner banking customer reference note,NormalTransfer
Reimbursing David for concert tickets purchased last night ledger transaction entry,NormalTransfer
Transfer forty dollars for shared taxi ride home from airport memo reference TX-103040,NormalTransfer
Send my share of Airbnb weekend cabin rental to Michael remittance batch 11,NormalTransfer
Lunch money split between coworkers at sandwich deli transaction verification log 12,NormalTransfer
Payment for used college textbook purchased from classmate banking customer reference note,NormalTransfer
Settling up restaurant bill from Sunday brunch with friends ledger transaction entry,NormalTransfer
Monthly lunch payment split with office colleagues memo reference TX-103135,NormalTransfer
Reimbursement for team dinner pizza and drinks remittance batch 1,NormalTransfer
Pay roomie for my half of apartment electricity and internet bill transaction verification log 17,NormalTransfer
Sending fifty dollars for movie tickets and snacks banking customer reference note,NormalTransfer
Split grocery store bill with roommate from weekend shopping ledger transaction entry,NormalTransfer
Birthday gift money contribution for Sarah from accounting memo reference TX-103230,NormalTransfer
Carpool gas money reimbursement for commute this week remittance batch 6,NormalTransfer
Sending twenty dollars to friend for coffee and bagels transaction verification log 22,NormalTransfer
Monthly gym membership dues split with gym partner banking customer reference note,NormalTransfer
Reimbursing David for concert tickets purchased last night ledger transaction entry,NormalTransfer
Transfer forty dollars for shared taxi ride home from airport memo reference TX-103325,NormalTransfer
Send my share of Airbnb weekend cabin rental to Michael remittance batch 11,NormalTransfer
Lunch money split between coworkers at sandwich deli transaction verification log 2,NormalTransfer
Payment for used college textbook purchased from classmate banking customer reference note,NormalTransfer
Settling up restaurant bill from Sunday brunch with friends ledger transaction entry,NormalTransfer
Monthly lunch payment split with office colleagues memo reference TX-103420,NormalTransfer
Reimbursement for team dinner pizza and drinks remittance batch 1,NormalTransfer
Pay roomie for my half of apartment electricity and internet bill transaction verification log 7,NormalTransfer
Sending fifty dollars for movie tickets and snacks banking customer reference note,NormalTransfer
Split grocery store bill with roommate from weekend shopping ledger transaction entry,NormalTransfer
Birthday gift money contribution for Sarah from accounting memo reference TX-103515,NormalTransfer
Carpool gas money reimbursement for commute this week remittance batch 6,NormalTransfer
Sending twenty dollars to friend for coffee and bagels transaction verification log 12,NormalTransfer
Monthly gym membership dues split with gym partner banking customer reference note,NormalTransfer
Reimbursing David for concert tickets purchased last night ledger transaction entry,NormalTransfer
Transfer forty dollars for shared taxi ride home from airport memo reference TX-103610,NormalTransfer
Send my share of Airbnb weekend cabin rental to Michael remittance batch 11,NormalTransfer
Lunch money split between coworkers at sandwich deli transaction verification log 17,NormalTransfer
Payment for used college textbook purchased from classmate banking customer reference note,NormalTransfer
Settling up restaurant bill from Sunday brunch with friends ledger transaction entry,NormalTransfer
Monthly lunch payment split with office colleagues memo reference TX-103705,NormalTransfer
Reimbursement for team dinner pizza and drinks remittance batch 1,NormalTransfer
Pay roomie for my half of apartment electricity and internet bill transaction verification log 22,NormalTransfer
Sending fifty dollars for movie tickets and snacks banking customer reference note,NormalTransfer
Split grocery store bill with roommate from weekend shopping ledger transaction entry,NormalTransfer
Birthday gift money contribution for Sarah from accounting memo reference TX-103800,NormalTransfer
Carpool gas money reimbursement for commute this week remittance batch 6,NormalTransfer
Sending twenty dollars to friend for coffee and bagels transaction verification log 2,NormalTransfer
Monthly gym membership dues split with gym partner banking customer reference note,NormalTransfer
Reimbursing David for concert tickets purchased last night ledger transaction entry,NormalTransfer
Transfer forty dollars for shared taxi ride home from airport memo reference TX-103895,NormalTransfer
Send my share of Airbnb weekend cabin rental to Michael remittance batch 11,NormalTransfer
Lunch money split between coworkers at sandwich deli transaction verification log 7,NormalTransfer
Payment for used college textbook purchased from classmate banking customer reference note,NormalTransfer
Settling up restaurant bill from Sunday brunch with friends ledger transaction entry,NormalTransfer
Monthly lunch payment split with office colleagues memo reference TX-103990,NormalTransfer
Reimbursement for team dinner pizza and drinks remittance batch 1,NormalTransfer
Pay roomie for my half of apartment electricity and internet bill transaction verification log 12,NormalTransfer
Sending fifty dollars for movie tickets and snacks banking customer reference note,NormalTransfer
Split grocery store bill with roommate from weekend shopping ledger transaction entry,NormalTransfer
Birthday gift money contribution for Sarah from accounting memo reference TX-104085,NormalTransfer
Carpool gas money reimbursement for commute this week remittance batch 6,NormalTransfer
Sending twenty dollars to friend for coffee and bagels transaction verification log 17,NormalTransfer
Monthly gym membership dues split with gym partner banking customer reference note,NormalTransfer
Reimbursing David for concert tickets purchased last night ledger transaction entry,NormalTransfer
Transfer forty dollars for shared taxi ride home from airport memo reference TX-104180,NormalTransfer
Send my share of Airbnb weekend cabin rental to Michael remittance batch 11,NormalTransfer
Lunch money split between coworkers at sandwich deli transaction verification log 22,NormalTransfer
Payment for used college textbook purchased from classmate banking customer reference note,NormalTransfer
Settling up restaurant bill from Sunday brunch with friends ledger transaction entry,NormalTransfer
Monthly lunch payment split with office colleagues memo reference TX-104275,NormalTransfer
Reimbursement for team dinner pizza and drinks remittance batch 1,NormalTransfer
Pay roomie for my half of apartment electricity and internet bill transaction verification log 2,NormalTransfer
Sending fifty dollars for movie tickets and snacks banking customer reference note,NormalTransfer
Split grocery store bill with roommate from weekend shopping ledger transaction entry,NormalTransfer
Birthday gift money contribution for Sarah from accounting memo reference TX-104370,NormalTransfer
Carpool gas money reimbursement for commute this week remittance batch 6,NormalTransfer
Sending twenty dollars to friend for coffee and bagels transaction verification log 7,NormalTransfer
Monthly gym membership dues split with gym partner banking customer reference note,NormalTransfer
Reimbursing David for concert tickets purchased last night ledger transaction entry,NormalTransfer
Transfer forty dollars for shared taxi ride home from airport memo reference TX-104465,NormalTransfer
Send my share of Airbnb weekend cabin rental to Michael remittance batch 11,NormalTransfer
Lunch money split between coworkers at sandwich deli transaction verification log 12,NormalTransfer
Payment for used college textbook purchased from classmate banking customer reference note,NormalTransfer
Settling up restaurant bill from Sunday brunch with friends ledger transaction entry,NormalTransfer
Monthly lunch payment split with office colleagues memo reference TX-104560,NormalTransfer
Reimbursement for team dinner pizza and drinks remittance batch 1,NormalTransfer
Pay roomie for my half of apartment electricity and internet bill transaction verification log 17,NormalTransfer
Sending fifty dollars for movie tickets and snacks banking customer reference note,NormalTransfer
Split grocery store bill with roommate from weekend shopping ledger transaction entry,NormalTransfer
Birthday gift money contribution for Sarah from accounting memo reference TX-104655,NormalTransfer
Carpool gas money reimbursement for commute this week remittance batch 6,NormalTransfer
Sending twenty dollars to friend for coffee and bagels transaction verification log 22,NormalTransfer
Monthly gym membership dues split with gym partner banking customer reference note,NormalTransfer
Reimbursing David for concert tickets purchased last night ledger transaction entry,NormalTransfer
Urgent send funds now police fine wire to bitcoin wallet immediately,PhishingSuspicion
IRS official emergency tax warrant wire cash to safe federal account,PhishingSuspicion
Your account is compromised transfer all savings to temporary safety wallet,PhishingSuspicion
Lottery prize claim fee wire five thousand dollars to release winnings,PhishingSuspicion
FBI cyber division bail fee wire cryptocurrency immediately or face arrest,PhishingSuspicion
Tech support agent instructed me to wire funds to resolve virus on pc,PhishingSuspicion
Urgent court settlement fine wire money to external bitcoin depository,PhishingSuspicion
Crypto investment guaranteed 500 percent return wire funds right away,PhishingSuspicion
Emergency wire to unknown offshore account to unlock frozen social security,PhishingSuspicion
Imposter claiming to be sheriff demanding instant bail payment via wire,PhishingSuspicion
Suspicious urgent wire request claiming grandchild is detained in foreign jail,PhishingSuspicion
Threatening phone call demanding immediate funds transfer to bitcoin atm,PhishingSuspicion
Phishing scam alert caller instructed victim to wire entire balance,PhishingSuspicion
Fraudulent law enforcement penalty fee wire transfer demand,PhishingSuspicion
Unsolicited caller requesting wire to protect assets from government freeze,PhishingSuspicion
Urgent send funds now police fine wire to bitcoin wallet immediately memo reference TX-100285,PhishingSuspicion
IRS official emergency tax warrant wire cash to safe federal account remittance batch 1,PhishingSuspicion
Your account is compromised transfer all savings to temporary safety wallet transaction verification log 17,PhishingSuspicion
Lottery prize claim fee wire five thousand dollars to release winnings banking customer reference note,PhishingSuspicion
FBI cyber division bail fee wire cryptocurrency immediately or face arrest ledger transaction entry,PhishingSuspicion
Tech support agent instructed me to wire funds to resolve virus on pc memo reference TX-100380,PhishingSuspicion
Urgent court settlement fine wire money to external bitcoin depository remittance batch 6,PhishingSuspicion
Crypto investment guaranteed 500 percent return wire funds right away transaction verification log 22,PhishingSuspicion
Emergency wire to unknown offshore account to unlock frozen social security banking customer reference note,PhishingSuspicion
Imposter claiming to be sheriff demanding instant bail payment via wire ledger transaction entry,PhishingSuspicion
Suspicious urgent wire request claiming grandchild is detained in foreign jail memo reference TX-100475,PhishingSuspicion
Threatening phone call demanding immediate funds transfer to bitcoin atm remittance batch 11,PhishingSuspicion
Phishing scam alert caller instructed victim to wire entire balance transaction verification log 2,PhishingSuspicion
Fraudulent law enforcement penalty fee wire transfer demand banking customer reference note,PhishingSuspicion
Unsolicited caller requesting wire to protect assets from government freeze ledger transaction entry,PhishingSuspicion
Urgent send funds now police fine wire to bitcoin wallet immediately memo reference TX-100570,PhishingSuspicion
IRS official emergency tax warrant wire cash to safe federal account remittance batch 1,PhishingSuspicion
Your account is compromised transfer all savings to temporary safety wallet transaction verification log 7,PhishingSuspicion
Lottery prize claim fee wire five thousand dollars to release winnings banking customer reference note,PhishingSuspicion
FBI cyber division bail fee wire cryptocurrency immediately or face arrest ledger transaction entry,PhishingSuspicion
Tech support agent instructed me to wire funds to resolve virus on pc memo reference TX-100665,PhishingSuspicion
Urgent court settlement fine wire money to external bitcoin depository remittance batch 6,PhishingSuspicion
Crypto investment guaranteed 500 percent return wire funds right away transaction verification log 12,PhishingSuspicion
Emergency wire to unknown offshore account to unlock frozen social security banking customer reference note,PhishingSuspicion
Imposter claiming to be sheriff demanding instant bail payment via wire ledger transaction entry,PhishingSuspicion
Suspicious urgent wire request claiming grandchild is detained in foreign jail memo reference TX-100760,PhishingSuspicion
Threatening phone call demanding immediate funds transfer to bitcoin atm remittance batch 11,PhishingSuspicion
Phishing scam alert caller instructed victim to wire entire balance transaction verification log 17,PhishingSuspicion
Fraudulent law enforcement penalty fee wire transfer demand banking customer reference note,PhishingSuspicion
Unsolicited caller requesting wire to protect assets from government freeze ledger transaction entry,PhishingSuspicion
Urgent send funds now police fine wire to bitcoin wallet immediately memo reference TX-100855,PhishingSuspicion
IRS official emergency tax warrant wire cash to safe federal account remittance batch 1,PhishingSuspicion
Your account is compromised transfer all savings to temporary safety wallet transaction verification log 22,PhishingSuspicion
Lottery prize claim fee wire five thousand dollars to release winnings banking customer reference note,PhishingSuspicion
FBI cyber division bail fee wire cryptocurrency immediately or face arrest ledger transaction entry,PhishingSuspicion
Tech support agent instructed me to wire funds to resolve virus on pc memo reference TX-100950,PhishingSuspicion
Urgent court settlement fine wire money to external bitcoin depository remittance batch 6,PhishingSuspicion
Crypto investment guaranteed 500 percent return wire funds right away transaction verification log 2,PhishingSuspicion
Emergency wire to unknown offshore account to unlock frozen social security banking customer reference note,PhishingSuspicion
Imposter claiming to be sheriff demanding instant bail payment via wire ledger transaction entry,PhishingSuspicion
Suspicious urgent wire request claiming grandchild is detained in foreign jail memo reference TX-101045,PhishingSuspicion
Threatening phone call demanding immediate funds transfer to bitcoin atm remittance batch 11,PhishingSuspicion
Phishing scam alert caller instructed victim to wire entire balance transaction verification log 7,PhishingSuspicion
Fraudulent law enforcement penalty fee wire transfer demand banking customer reference note,PhishingSuspicion
Unsolicited caller requesting wire to protect assets from government freeze ledger transaction entry,PhishingSuspicion
Urgent send funds now police fine wire to bitcoin wallet immediately memo reference TX-101140,PhishingSuspicion
IRS official emergency tax warrant wire cash to safe federal account remittance batch 1,PhishingSuspicion
Your account is compromised transfer all savings to temporary safety wallet transaction verification log 12,PhishingSuspicion
Lottery prize claim fee wire five thousand dollars to release winnings banking customer reference note,PhishingSuspicion
FBI cyber division bail fee wire cryptocurrency immediately or face arrest ledger transaction entry,PhishingSuspicion
Tech support agent instructed me to wire funds to resolve virus on pc memo reference TX-101235,PhishingSuspicion
Urgent court settlement fine wire money to external bitcoin depository remittance batch 6,PhishingSuspicion
Crypto investment guaranteed 500 percent return wire funds right away transaction verification log 17,PhishingSuspicion
Emergency wire to unknown offshore account to unlock frozen social security banking customer reference note,PhishingSuspicion
Imposter claiming to be sheriff demanding instant bail payment via wire ledger transaction entry,PhishingSuspicion
Suspicious urgent wire request claiming grandchild is detained in foreign jail memo reference TX-101330,PhishingSuspicion
Threatening phone call demanding immediate funds transfer to bitcoin atm remittance batch 11,PhishingSuspicion
Phishing scam alert caller instructed victim to wire entire balance transaction verification log 22,PhishingSuspicion
Fraudulent law enforcement penalty fee wire transfer demand banking customer reference note,PhishingSuspicion
Unsolicited caller requesting wire to protect assets from government freeze ledger transaction entry,PhishingSuspicion
Urgent send funds now police fine wire to bitcoin wallet immediately memo reference TX-101425,PhishingSuspicion
IRS official emergency tax warrant wire cash to safe federal account remittance batch 1,PhishingSuspicion
Your account is compromised transfer all savings to temporary safety wallet transaction verification log 2,PhishingSuspicion
Lottery prize claim fee wire five thousand dollars to release winnings banking customer reference note,PhishingSuspicion
FBI cyber division bail fee wire cryptocurrency immediately or face arrest ledger transaction entry,PhishingSuspicion
Tech support agent instructed me to wire funds to resolve virus on pc memo reference TX-101520,PhishingSuspicion
Urgent court settlement fine wire money to external bitcoin depository remittance batch 6,PhishingSuspicion
Crypto investment guaranteed 500 percent return wire funds right away transaction verification log 7,PhishingSuspicion
Emergency wire to unknown offshore account to unlock frozen social security banking customer reference note,PhishingSuspicion
Imposter claiming to be sheriff demanding instant bail payment via wire ledger transaction entry,PhishingSuspicion
Suspicious urgent wire request claiming grandchild is detained in foreign jail memo reference TX-101615,PhishingSuspicion
Threatening phone call demanding immediate funds transfer to bitcoin atm remittance batch 11,PhishingSuspicion
Phishing scam alert caller instructed victim to wire entire balance transaction verification log 12,PhishingSuspicion
Fraudulent law enforcement penalty fee wire transfer demand banking customer reference note,PhishingSuspicion
Unsolicited caller requesting wire to protect assets from government freeze ledger transaction entry,PhishingSuspicion
Urgent send funds now police fine wire to bitcoin wallet immediately memo reference TX-101710,PhishingSuspicion
IRS official emergency tax warrant wire cash to safe federal account remittance batch 1,PhishingSuspicion
Your account is compromised transfer all savings to temporary safety wallet transaction verification log 17,PhishingSuspicion
Lottery prize claim fee wire five thousand dollars to release winnings banking customer reference note,PhishingSuspicion
FBI cyber division bail fee wire cryptocurrency immediately or face arrest ledger transaction entry,PhishingSuspicion
Tech support agent instructed me to wire funds to resolve virus on pc memo reference TX-101805,PhishingSuspicion
Urgent court settlement fine wire money to external bitcoin depository remittance batch 6,PhishingSuspicion
Crypto investment guaranteed 500 percent return wire funds right away transaction verification log 22,PhishingSuspicion
Emergency wire to unknown offshore account to unlock frozen social security banking customer reference note,PhishingSuspicion
Imposter claiming to be sheriff demanding instant bail payment via wire ledger transaction entry,PhishingSuspicion
Suspicious urgent wire request claiming grandchild is detained in foreign jail memo reference TX-101900,PhishingSuspicion
Threatening phone call demanding immediate funds transfer to bitcoin atm remittance batch 11,PhishingSuspicion
Phishing scam alert caller instructed victim to wire entire balance transaction verification log 2,PhishingSuspicion
Fraudulent law enforcement penalty fee wire transfer demand banking customer reference note,PhishingSuspicion
Unsolicited caller requesting wire to protect assets from government freeze ledger transaction entry,PhishingSuspicion
Urgent send funds now police fine wire to bitcoin wallet immediately memo reference TX-101995,PhishingSuspicion
IRS official emergency tax warrant wire cash to safe federal account remittance batch 1,PhishingSuspicion
Your account is compromised transfer all savings to temporary safety wallet transaction verification log 7,PhishingSuspicion
Lottery prize claim fee wire five thousand dollars to release winnings banking customer reference note,PhishingSuspicion
FBI cyber division bail fee wire cryptocurrency immediately or face arrest ledger transaction entry,PhishingSuspicion
Tech support agent instructed me to wire funds to resolve virus on pc memo reference TX-102090,PhishingSuspicion
Urgent court settlement fine wire money to external bitcoin depository remittance batch 6,PhishingSuspicion
Crypto investment guaranteed 500 percent return wire funds right away transaction verification log 12,PhishingSuspicion
Emergency wire to unknown offshore account to unlock frozen social security banking customer reference note,PhishingSuspicion
Imposter claiming to be sheriff demanding instant bail payment via wire ledger transaction entry,PhishingSuspicion
Suspicious urgent wire request claiming grandchild is detained in foreign jail memo reference TX-102185,PhishingSuspicion
Threatening phone call demanding immediate funds transfer to bitcoin atm remittance batch 11,PhishingSuspicion
Phishing scam alert caller instructed victim to wire entire balance transaction verification log 17,PhishingSuspicion
Fraudulent law enforcement penalty fee wire transfer demand banking customer reference note,PhishingSuspicion
Unsolicited caller requesting wire to protect assets from government freeze ledger transaction entry,PhishingSuspicion
Urgent send funds now police fine wire to bitcoin wallet immediately memo reference TX-102280,PhishingSuspicion
IRS official emergency tax warrant wire cash to safe federal account remittance batch 1,PhishingSuspicion
Your account is compromised transfer all savings to temporary safety wallet transaction verification log 22,PhishingSuspicion
Lottery prize claim fee wire five thousand dollars to release winnings banking customer reference note,PhishingSuspicion
FBI cyber division bail fee wire cryptocurrency immediately or face arrest ledger transaction entry,PhishingSuspicion
Tech support agent instructed me to wire funds to resolve virus on pc memo reference TX-102375,PhishingSuspicion
Urgent court settlement fine wire money to external bitcoin depository remittance batch 6,PhishingSuspicion
Crypto investment guaranteed 500 percent return wire funds right away transaction verification log 2,PhishingSuspicion
Emergency wire to unknown offshore account to unlock frozen social security banking customer reference note,PhishingSuspicion
Imposter claiming to be sheriff demanding instant bail payment via wire ledger transaction entry,PhishingSuspicion
Suspicious urgent wire request claiming grandchild is detained in foreign jail memo reference TX-102470,PhishingSuspicion
Threatening phone call demanding immediate funds transfer to bitcoin atm remittance batch 11,PhishingSuspicion
Phishing scam alert caller instructed victim to wire entire balance transaction verification log 7,PhishingSuspicion
Fraudulent law enforcement penalty fee wire transfer demand banking customer reference note,PhishingSuspicion
Unsolicited caller requesting wire to protect assets from government freeze ledger transaction entry,PhishingSuspicion
Urgent send funds now police fine wire to bitcoin wallet immediately memo reference TX-102565,PhishingSuspicion
IRS official emergency tax warrant wire cash to safe federal account remittance batch 1,PhishingSuspicion
Your account is compromised transfer all savings to temporary safety wallet transaction verification log 12,PhishingSuspicion
Lottery prize claim fee wire five thousand dollars to release winnings banking customer reference note,PhishingSuspicion
FBI cyber division bail fee wire cryptocurrency immediately or face arrest ledger transaction entry,PhishingSuspicion
Tech support agent instructed me to wire funds to resolve virus on pc memo reference TX-102660,PhishingSuspicion
Urgent court settlement fine wire money to external bitcoin depository remittance batch 6,PhishingSuspicion
Crypto investment guaranteed 500 percent return wire funds right away transaction verification log 17,PhishingSuspicion
Emergency wire to unknown offshore account to unlock frozen social security banking customer reference note,PhishingSuspicion
Imposter claiming to be sheriff demanding instant bail payment via wire ledger transaction entry,PhishingSuspicion
Suspicious urgent wire request claiming grandchild is detained in foreign jail memo reference TX-102755,PhishingSuspicion
Threatening phone call demanding immediate funds transfer to bitcoin atm remittance batch 11,PhishingSuspicion
Phishing scam alert caller instructed victim to wire entire balance transaction verification log 22,PhishingSuspicion
Fraudulent law enforcement penalty fee wire transfer demand banking customer reference note,PhishingSuspicion
Unsolicited caller requesting wire to protect assets from government freeze ledger transaction entry,PhishingSuspicion
Urgent send funds now police fine wire to bitcoin wallet immediately memo reference TX-102850,PhishingSuspicion
IRS official emergency tax warrant wire cash to safe federal account remittance batch 1,PhishingSuspicion
Your account is compromised transfer all savings to temporary safety wallet transaction verification log 2,PhishingSuspicion
Lottery prize claim fee wire five thousand dollars to release winnings banking customer reference note,PhishingSuspicion
FBI cyber division bail fee wire cryptocurrency immediately or face arrest ledger transaction entry,PhishingSuspicion
Tech support agent instructed me to wire funds to resolve virus on pc memo reference TX-102945,PhishingSuspicion
Urgent court settlement fine wire money to external bitcoin depository remittance batch 6,PhishingSuspicion
Crypto investment guaranteed 500 percent return wire funds right away transaction verification log 7,PhishingSuspicion
Emergency wire to unknown offshore account to unlock frozen social security banking customer reference note,PhishingSuspicion
Imposter claiming to be sheriff demanding instant bail payment via wire ledger transaction entry,PhishingSuspicion
Suspicious urgent wire request claiming grandchild is detained in foreign jail memo reference TX-103040,PhishingSuspicion
Threatening phone call demanding immediate funds transfer to bitcoin atm remittance batch 11,PhishingSuspicion
Phishing scam alert caller instructed victim to wire entire balance transaction verification log 12,PhishingSuspicion
Fraudulent law enforcement penalty fee wire transfer demand banking customer reference note,PhishingSuspicion
Unsolicited caller requesting wire to protect assets from government freeze ledger transaction entry,PhishingSuspicion
Urgent send funds now police fine wire to bitcoin wallet immediately memo reference TX-103135,PhishingSuspicion
IRS official emergency tax warrant wire cash to safe federal account remittance batch 1,PhishingSuspicion
Your account is compromised transfer all savings to temporary safety wallet transaction verification log 17,PhishingSuspicion
Lottery prize claim fee wire five thousand dollars to release winnings banking customer reference note,PhishingSuspicion
FBI cyber division bail fee wire cryptocurrency immediately or face arrest ledger transaction entry,PhishingSuspicion
Tech support agent instructed me to wire funds to resolve virus on pc memo reference TX-103230,PhishingSuspicion
Urgent court settlement fine wire money to external bitcoin depository remittance batch 6,PhishingSuspicion
Crypto investment guaranteed 500 percent return wire funds right away transaction verification log 22,PhishingSuspicion
Emergency wire to unknown offshore account to unlock frozen social security banking customer reference note,PhishingSuspicion
Imposter claiming to be sheriff demanding instant bail payment via wire ledger transaction entry,PhishingSuspicion
Suspicious urgent wire request claiming grandchild is detained in foreign jail memo reference TX-103325,PhishingSuspicion
Threatening phone call demanding immediate funds transfer to bitcoin atm remittance batch 11,PhishingSuspicion
Phishing scam alert caller instructed victim to wire entire balance transaction verification log 2,PhishingSuspicion
Fraudulent law enforcement penalty fee wire transfer demand banking customer reference note,PhishingSuspicion
Unsolicited caller requesting wire to protect assets from government freeze ledger transaction entry,PhishingSuspicion
Urgent send funds now police fine wire to bitcoin wallet immediately memo reference TX-103420,PhishingSuspicion
IRS official emergency tax warrant wire cash to safe federal account remittance batch 1,PhishingSuspicion
Your account is compromised transfer all savings to temporary safety wallet transaction verification log 7,PhishingSuspicion
Lottery prize claim fee wire five thousand dollars to release winnings banking customer reference note,PhishingSuspicion
FBI cyber division bail fee wire cryptocurrency immediately or face arrest ledger transaction entry,PhishingSuspicion
Tech support agent instructed me to wire funds to resolve virus on pc memo reference TX-103515,PhishingSuspicion
Urgent court settlement fine wire money to external bitcoin depository remittance batch 6,PhishingSuspicion
Crypto investment guaranteed 500 percent return wire funds right away transaction verification log 12,PhishingSuspicion
Emergency wire to unknown offshore account to unlock frozen social security banking customer reference note,PhishingSuspicion
Imposter claiming to be sheriff demanding instant bail payment via wire ledger transaction entry,PhishingSuspicion
Suspicious urgent wire request claiming grandchild is detained in foreign jail memo reference TX-103610,PhishingSuspicion
Threatening phone call demanding immediate funds transfer to bitcoin atm remittance batch 11,PhishingSuspicion
Phishing scam alert caller instructed victim to wire entire balance transaction verification log 17,PhishingSuspicion
Fraudulent law enforcement penalty fee wire transfer demand banking customer reference note,PhishingSuspicion
Unsolicited caller requesting wire to protect assets from government freeze ledger transaction entry,PhishingSuspicion
Urgent send funds now police fine wire to bitcoin wallet immediately memo reference TX-103705,PhishingSuspicion
IRS official emergency tax warrant wire cash to safe federal account remittance batch 1,PhishingSuspicion
Your account is compromised transfer all savings to temporary safety wallet transaction verification log 22,PhishingSuspicion
Lottery prize claim fee wire five thousand dollars to release winnings banking customer reference note,PhishingSuspicion
FBI cyber division bail fee wire cryptocurrency immediately or face arrest ledger transaction entry,PhishingSuspicion
Tech support agent instructed me to wire funds to resolve virus on pc memo reference TX-103800,PhishingSuspicion
Urgent court settlement fine wire money to external bitcoin depository remittance batch 6,PhishingSuspicion
Crypto investment guaranteed 500 percent return wire funds right away transaction verification log 2,PhishingSuspicion
Emergency wire to unknown offshore account to unlock frozen social security banking customer reference note,PhishingSuspicion
Imposter claiming to be sheriff demanding instant bail payment via wire ledger transaction entry,PhishingSuspicion
Suspicious urgent wire request claiming grandchild is detained in foreign jail memo reference TX-103895,PhishingSuspicion
Threatening phone call demanding immediate funds transfer to bitcoin atm remittance batch 11,PhishingSuspicion
Phishing scam alert caller instructed victim to wire entire balance transaction verification log 7,PhishingSuspicion
Fraudulent law enforcement penalty fee wire transfer demand banking customer reference note,PhishingSuspicion
Unsolicited caller requesting wire to protect assets from government freeze ledger transaction entry,PhishingSuspicion
Urgent send funds now police fine wire to bitcoin wallet immediately memo reference TX-103990,PhishingSuspicion
IRS official emergency tax warrant wire cash to safe federal account remittance batch 1,PhishingSuspicion
Your account is compromised transfer all savings to temporary safety wallet transaction verification log 12,PhishingSuspicion
Lottery prize claim fee wire five thousand dollars to release winnings banking customer reference note,PhishingSuspicion
FBI cyber division bail fee wire cryptocurrency immediately or face arrest ledger transaction entry,PhishingSuspicion
Tech support agent instructed me to wire funds to resolve virus on pc memo reference TX-104085,PhishingSuspicion
Urgent court settlement fine wire money to external bitcoin depository remittance batch 6,PhishingSuspicion
Crypto investment guaranteed 500 percent return wire funds right away transaction verification log 17,PhishingSuspicion
Emergency wire to unknown offshore account to unlock frozen social security banking customer reference note,PhishingSuspicion
Imposter claiming to be sheriff demanding instant bail payment via wire ledger transaction entry,PhishingSuspicion
Suspicious urgent wire request claiming grandchild is detained in foreign jail memo reference TX-104180,PhishingSuspicion
Threatening phone call demanding immediate funds transfer to bitcoin atm remittance batch 11,PhishingSuspicion
Phishing scam alert caller instructed victim to wire entire balance transaction verification log 22,PhishingSuspicion
Fraudulent law enforcement penalty fee wire transfer demand banking customer reference note,PhishingSuspicion
Unsolicited caller requesting wire to protect assets from government freeze ledger transaction entry,PhishingSuspicion
Urgent send funds now police fine wire to bitcoin wallet immediately memo reference TX-104275,PhishingSuspicion
IRS official emergency tax warrant wire cash to safe federal account remittance batch 1,PhishingSuspicion
Your account is compromised transfer all savings to temporary safety wallet transaction verification log 2,PhishingSuspicion
Lottery prize claim fee wire five thousand dollars to release winnings banking customer reference note,PhishingSuspicion
FBI cyber division bail fee wire cryptocurrency immediately or face arrest ledger transaction entry,PhishingSuspicion
Tech support agent instructed me to wire funds to resolve virus on pc memo reference TX-104370,PhishingSuspicion
Urgent court settlement fine wire money to external bitcoin depository remittance batch 6,PhishingSuspicion
Crypto investment guaranteed 500 percent return wire funds right away transaction verification log 7,PhishingSuspicion
Emergency wire to unknown offshore account to unlock frozen social security banking customer reference note,PhishingSuspicion
Imposter claiming to be sheriff demanding instant bail payment via wire ledger transaction entry,PhishingSuspicion
Suspicious urgent wire request claiming grandchild is detained in foreign jail memo reference TX-104465,PhishingSuspicion
Threatening phone call demanding immediate funds transfer to bitcoin atm remittance batch 11,PhishingSuspicion
Phishing scam alert caller instructed victim to wire entire balance transaction verification log 12,PhishingSuspicion
Fraudulent law enforcement penalty fee wire transfer demand banking customer reference note,PhishingSuspicion
Unsolicited caller requesting wire to protect assets from government freeze ledger transaction entry,PhishingSuspicion
Urgent send funds now police fine wire to bitcoin wallet immediately memo reference TX-104560,PhishingSuspicion
IRS official emergency tax warrant wire cash to safe federal account remittance batch 1,PhishingSuspicion
Your account is compromised transfer all savings to temporary safety wallet transaction verification log 17,PhishingSuspicion
Lottery prize claim fee wire five thousand dollars to release winnings banking customer reference note,PhishingSuspicion
FBI cyber division bail fee wire cryptocurrency immediately or face arrest ledger transaction entry,PhishingSuspicion
Tech support agent instructed me to wire funds to resolve virus on pc memo reference TX-104655,PhishingSuspicion
Urgent court settlement fine wire money to external bitcoin depository remittance batch 6,PhishingSuspicion
Crypto investment guaranteed 500 percent return wire funds right away transaction verification log 22,PhishingSuspicion
Emergency wire to unknown offshore account to unlock frozen social security banking customer reference note,PhishingSuspicion
Imposter claiming to be sheriff demanding instant bail payment via wire ledger transaction entry,PhishingSuspicion
Merchant charged my card three times for single coffee,ChargebackDispute
Unauthorized recurring subscription charge from merchant after cancellation,ChargebackDispute
Gas station pump charged duplicate two hundred dollar authorization hold,ChargebackDispute
Online store charged my card but never shipped ordered merchandise,ChargebackDispute
Hotel incidental bill contains unauthorized five hundred dollar charge,ChargebackDispute
Restaurant charged fifty dollar tip instead of five dollar tip on receipt,ChargebackDispute
Fraudulent charge of ninety dollars at electronics store I never visited,ChargebackDispute
Dispute billing charge merchant refused to honor return policy,ChargebackDispute
Car rental agency billed damage fee that was pre-existing upon pickup,ChargebackDispute
Subscription software charged annual renewal after I explicitly cancelled,ChargebackDispute
ATM failed to dispense cash but bank account was debited three hundred,ChargebackDispute
Store double billed transaction receipt shows single checkout approval,ChargebackDispute
Unauthorized airline ticket charge appearing on my debit statement,ChargebackDispute
Dispute charge on credit card merchant delivered counterfeit knockoff,ChargebackDispute
Formal chargeback request for undelivered services from contractor,ChargebackDispute
Merchant charged my card three times for single coffee memo reference TX-100285,ChargebackDispute
Unauthorized recurring subscription charge from merchant after cancellation remittance batch 1,ChargebackDispute
Gas station pump charged duplicate two hundred dollar authorization hold transaction verification log 17,ChargebackDispute
Online store charged my card but never shipped ordered merchandise banking customer reference note,ChargebackDispute
Hotel incidental bill contains unauthorized five hundred dollar charge ledger transaction entry,ChargebackDispute
Restaurant charged fifty dollar tip instead of five dollar tip on receipt memo reference TX-100380,ChargebackDispute
Fraudulent charge of ninety dollars at electronics store I never visited remittance batch 6,ChargebackDispute
Dispute billing charge merchant refused to honor return policy transaction verification log 22,ChargebackDispute
Car rental agency billed damage fee that was pre-existing upon pickup banking customer reference note,ChargebackDispute
Subscription software charged annual renewal after I explicitly cancelled ledger transaction entry,ChargebackDispute
ATM failed to dispense cash but bank account was debited three hundred memo reference TX-100475,ChargebackDispute
Store double billed transaction receipt shows single checkout approval remittance batch 11,ChargebackDispute
Unauthorized airline ticket charge appearing on my debit statement transaction verification log 2,ChargebackDispute
Dispute charge on credit card merchant delivered counterfeit knockoff banking customer reference note,ChargebackDispute
Formal chargeback request for undelivered services from contractor ledger transaction entry,ChargebackDispute
Merchant charged my card three times for single coffee memo reference TX-100570,ChargebackDispute
Unauthorized recurring subscription charge from merchant after cancellation remittance batch 1,ChargebackDispute
Gas station pump charged duplicate two hundred dollar authorization hold transaction verification log 7,ChargebackDispute
Online store charged my card but never shipped ordered merchandise banking customer reference note,ChargebackDispute
Hotel incidental bill contains unauthorized five hundred dollar charge ledger transaction entry,ChargebackDispute
Restaurant charged fifty dollar tip instead of five dollar tip on receipt memo reference TX-100665,ChargebackDispute
Fraudulent charge of ninety dollars at electronics store I never visited remittance batch 6,ChargebackDispute
Dispute billing charge merchant refused to honor return policy transaction verification log 12,ChargebackDispute
Car rental agency billed damage fee that was pre-existing upon pickup banking customer reference note,ChargebackDispute
Subscription software charged annual renewal after I explicitly cancelled ledger transaction entry,ChargebackDispute
ATM failed to dispense cash but bank account was debited three hundred memo reference TX-100760,ChargebackDispute
Store double billed transaction receipt shows single checkout approval remittance batch 11,ChargebackDispute
Unauthorized airline ticket charge appearing on my debit statement transaction verification log 17,ChargebackDispute
Dispute charge on credit card merchant delivered counterfeit knockoff banking customer reference note,ChargebackDispute
Formal chargeback request for undelivered services from contractor ledger transaction entry,ChargebackDispute
Merchant charged my card three times for single coffee memo reference TX-100855,ChargebackDispute
Unauthorized recurring subscription charge from merchant after cancellation remittance batch 1,ChargebackDispute
Gas station pump charged duplicate two hundred dollar authorization hold transaction verification log 22,ChargebackDispute
Online store charged my card but never shipped ordered merchandise banking customer reference note,ChargebackDispute
Hotel incidental bill contains unauthorized five hundred dollar charge ledger transaction entry,ChargebackDispute
Restaurant charged fifty dollar tip instead of five dollar tip on receipt memo reference TX-100950,ChargebackDispute
Fraudulent charge of ninety dollars at electronics store I never visited remittance batch 6,ChargebackDispute
Dispute billing charge merchant refused to honor return policy transaction verification log 2,ChargebackDispute
Car rental agency billed damage fee that was pre-existing upon pickup banking customer reference note,ChargebackDispute
Subscription software charged annual renewal after I explicitly cancelled ledger transaction entry,ChargebackDispute
ATM failed to dispense cash but bank account was debited three hundred memo reference TX-101045,ChargebackDispute
Store double billed transaction receipt shows single checkout approval remittance batch 11,ChargebackDispute
Unauthorized airline ticket charge appearing on my debit statement transaction verification log 7,ChargebackDispute
Dispute charge on credit card merchant delivered counterfeit knockoff banking customer reference note,ChargebackDispute
Formal chargeback request for undelivered services from contractor ledger transaction entry,ChargebackDispute
Merchant charged my card three times for single coffee memo reference TX-101140,ChargebackDispute
Unauthorized recurring subscription charge from merchant after cancellation remittance batch 1,ChargebackDispute
Gas station pump charged duplicate two hundred dollar authorization hold transaction verification log 12,ChargebackDispute
Online store charged my card but never shipped ordered merchandise banking customer reference note,ChargebackDispute
Hotel incidental bill contains unauthorized five hundred dollar charge ledger transaction entry,ChargebackDispute
Restaurant charged fifty dollar tip instead of five dollar tip on receipt memo reference TX-101235,ChargebackDispute
Fraudulent charge of ninety dollars at electronics store I never visited remittance batch 6,ChargebackDispute
Dispute billing charge merchant refused to honor return policy transaction verification log 17,ChargebackDispute
Car rental agency billed damage fee that was pre-existing upon pickup banking customer reference note,ChargebackDispute
Subscription software charged annual renewal after I explicitly cancelled ledger transaction entry,ChargebackDispute
ATM failed to dispense cash but bank account was debited three hundred memo reference TX-101330,ChargebackDispute
Store double billed transaction receipt shows single checkout approval remittance batch 11,ChargebackDispute
Unauthorized airline ticket charge appearing on my debit statement transaction verification log 22,ChargebackDispute
Dispute charge on credit card merchant delivered counterfeit knockoff banking customer reference note,ChargebackDispute
Formal chargeback request for undelivered services from contractor ledger transaction entry,ChargebackDispute
Merchant charged my card three times for single coffee memo reference TX-101425,ChargebackDispute
Unauthorized recurring subscription charge from merchant after cancellation remittance batch 1,ChargebackDispute
Gas station pump charged duplicate two hundred dollar authorization hold transaction verification log 2,ChargebackDispute
Online store charged my card but never shipped ordered merchandise banking customer reference note,ChargebackDispute
Hotel incidental bill contains unauthorized five hundred dollar charge ledger transaction entry,ChargebackDispute
Restaurant charged fifty dollar tip instead of five dollar tip on receipt memo reference TX-101520,ChargebackDispute
Fraudulent charge of ninety dollars at electronics store I never visited remittance batch 6,ChargebackDispute
Dispute billing charge merchant refused to honor return policy transaction verification log 7,ChargebackDispute
Car rental agency billed damage fee that was pre-existing upon pickup banking customer reference note,ChargebackDispute
Subscription software charged annual renewal after I explicitly cancelled ledger transaction entry,ChargebackDispute
ATM failed to dispense cash but bank account was debited three hundred memo reference TX-101615,ChargebackDispute
Store double billed transaction receipt shows single checkout approval remittance batch 11,ChargebackDispute
Unauthorized airline ticket charge appearing on my debit statement transaction verification log 12,ChargebackDispute
Dispute charge on credit card merchant delivered counterfeit knockoff banking customer reference note,ChargebackDispute
Formal chargeback request for undelivered services from contractor ledger transaction entry,ChargebackDispute
Merchant charged my card three times for single coffee memo reference TX-101710,ChargebackDispute
Unauthorized recurring subscription charge from merchant after cancellation remittance batch 1,ChargebackDispute
Gas station pump charged duplicate two hundred dollar authorization hold transaction verification log 17,ChargebackDispute
Online store charged my card but never shipped ordered merchandise banking customer reference note,ChargebackDispute
Hotel incidental bill contains unauthorized five hundred dollar charge ledger transaction entry,ChargebackDispute
Restaurant charged fifty dollar tip instead of five dollar tip on receipt memo reference TX-101805,ChargebackDispute
Fraudulent charge of ninety dollars at electronics store I never visited remittance batch 6,ChargebackDispute
Dispute billing charge merchant refused to honor return policy transaction verification log 22,ChargebackDispute
Car rental agency billed damage fee that was pre-existing upon pickup banking customer reference note,ChargebackDispute
Subscription software charged annual renewal after I explicitly cancelled ledger transaction entry,ChargebackDispute
ATM failed to dispense cash but bank account was debited three hundred memo reference TX-101900,ChargebackDispute
Store double billed transaction receipt shows single checkout approval remittance batch 11,ChargebackDispute
Unauthorized airline ticket charge appearing on my debit statement transaction verification log 2,ChargebackDispute
Dispute charge on credit card merchant delivered counterfeit knockoff banking customer reference note,ChargebackDispute
Formal chargeback request for undelivered services from contractor ledger transaction entry,ChargebackDispute
Merchant charged my card three times for single coffee memo reference TX-101995,ChargebackDispute
Unauthorized recurring subscription charge from merchant after cancellation remittance batch 1,ChargebackDispute
Gas station pump charged duplicate two hundred dollar authorization hold transaction verification log 7,ChargebackDispute
Online store charged my card but never shipped ordered merchandise banking customer reference note,ChargebackDispute
Hotel incidental bill contains unauthorized five hundred dollar charge ledger transaction entry,ChargebackDispute
Restaurant charged fifty dollar tip instead of five dollar tip on receipt memo reference TX-102090,ChargebackDispute
Fraudulent charge of ninety dollars at electronics store I never visited remittance batch 6,ChargebackDispute
Dispute billing charge merchant refused to honor return policy transaction verification log 12,ChargebackDispute
Car rental agency billed damage fee that was pre-existing upon pickup banking customer reference note,ChargebackDispute
Subscription software charged annual renewal after I explicitly cancelled ledger transaction entry,ChargebackDispute
ATM failed to dispense cash but bank account was debited three hundred memo reference TX-102185,ChargebackDispute
Store double billed transaction receipt shows single checkout approval remittance batch 11,ChargebackDispute
Unauthorized airline ticket charge appearing on my debit statement transaction verification log 17,ChargebackDispute
Dispute charge on credit card merchant delivered counterfeit knockoff banking customer reference note,ChargebackDispute
Formal chargeback request for undelivered services from contractor ledger transaction entry,ChargebackDispute
Merchant charged my card three times for single coffee memo reference TX-102280,ChargebackDispute
Unauthorized recurring subscription charge from merchant after cancellation remittance batch 1,ChargebackDispute
Gas station pump charged duplicate two hundred dollar authorization hold transaction verification log 22,ChargebackDispute
Online store charged my card but never shipped ordered merchandise banking customer reference note,ChargebackDispute
Hotel incidental bill contains unauthorized five hundred dollar charge ledger transaction entry,ChargebackDispute
Restaurant charged fifty dollar tip instead of five dollar tip on receipt memo reference TX-102375,ChargebackDispute
Fraudulent charge of ninety dollars at electronics store I never visited remittance batch 6,ChargebackDispute
Dispute billing charge merchant refused to honor return policy transaction verification log 2,ChargebackDispute
Car rental agency billed damage fee that was pre-existing upon pickup banking customer reference note,ChargebackDispute
Subscription software charged annual renewal after I explicitly cancelled ledger transaction entry,ChargebackDispute
ATM failed to dispense cash but bank account was debited three hundred memo reference TX-102470,ChargebackDispute
Store double billed transaction receipt shows single checkout approval remittance batch 11,ChargebackDispute
Unauthorized airline ticket charge appearing on my debit statement transaction verification log 7,ChargebackDispute
Dispute charge on credit card merchant delivered counterfeit knockoff banking customer reference note,ChargebackDispute
Formal chargeback request for undelivered services from contractor ledger transaction entry,ChargebackDispute
Merchant charged my card three times for single coffee memo reference TX-102565,ChargebackDispute
Unauthorized recurring subscription charge from merchant after cancellation remittance batch 1,ChargebackDispute
Gas station pump charged duplicate two hundred dollar authorization hold transaction verification log 12,ChargebackDispute
Online store charged my card but never shipped ordered merchandise banking customer reference note,ChargebackDispute
Hotel incidental bill contains unauthorized five hundred dollar charge ledger transaction entry,ChargebackDispute
Restaurant charged fifty dollar tip instead of five dollar tip on receipt memo reference TX-102660,ChargebackDispute
Fraudulent charge of ninety dollars at electronics store I never visited remittance batch 6,ChargebackDispute
Dispute billing charge merchant refused to honor return policy transaction verification log 17,ChargebackDispute
Car rental agency billed damage fee that was pre-existing upon pickup banking customer reference note,ChargebackDispute
Subscription software charged annual renewal after I explicitly cancelled ledger transaction entry,ChargebackDispute
ATM failed to dispense cash but bank account was debited three hundred memo reference TX-102755,ChargebackDispute
Store double billed transaction receipt shows single checkout approval remittance batch 11,ChargebackDispute
Unauthorized airline ticket charge appearing on my debit statement transaction verification log 22,ChargebackDispute
Dispute charge on credit card merchant delivered counterfeit knockoff banking customer reference note,ChargebackDispute
Formal chargeback request for undelivered services from contractor ledger transaction entry,ChargebackDispute
Merchant charged my card three times for single coffee memo reference TX-102850,ChargebackDispute
Unauthorized recurring subscription charge from merchant after cancellation remittance batch 1,ChargebackDispute
Gas station pump charged duplicate two hundred dollar authorization hold transaction verification log 2,ChargebackDispute
Online store charged my card but never shipped ordered merchandise banking customer reference note,ChargebackDispute
Hotel incidental bill contains unauthorized five hundred dollar charge ledger transaction entry,ChargebackDispute
Restaurant charged fifty dollar tip instead of five dollar tip on receipt memo reference TX-102945,ChargebackDispute
Fraudulent charge of ninety dollars at electronics store I never visited remittance batch 6,ChargebackDispute
Dispute billing charge merchant refused to honor return policy transaction verification log 7,ChargebackDispute
Car rental agency billed damage fee that was pre-existing upon pickup banking customer reference note,ChargebackDispute
Subscription software charged annual renewal after I explicitly cancelled ledger transaction entry,ChargebackDispute
ATM failed to dispense cash but bank account was debited three hundred memo reference TX-103040,ChargebackDispute
Store double billed transaction receipt shows single checkout approval remittance batch 11,ChargebackDispute
Unauthorized airline ticket charge appearing on my debit statement transaction verification log 12,ChargebackDispute
Dispute charge on credit card merchant delivered counterfeit knockoff banking customer reference note,ChargebackDispute
Formal chargeback request for undelivered services from contractor ledger transaction entry,ChargebackDispute
Merchant charged my card three times for single coffee memo reference TX-103135,ChargebackDispute
Unauthorized recurring subscription charge from merchant after cancellation remittance batch 1,ChargebackDispute
Gas station pump charged duplicate two hundred dollar authorization hold transaction verification log 17,ChargebackDispute
Online store charged my card but never shipped ordered merchandise banking customer reference note,ChargebackDispute
Hotel incidental bill contains unauthorized five hundred dollar charge ledger transaction entry,ChargebackDispute
Restaurant charged fifty dollar tip instead of five dollar tip on receipt memo reference TX-103230,ChargebackDispute
Fraudulent charge of ninety dollars at electronics store I never visited remittance batch 6,ChargebackDispute
Dispute billing charge merchant refused to honor return policy transaction verification log 22,ChargebackDispute
Car rental agency billed damage fee that was pre-existing upon pickup banking customer reference note,ChargebackDispute
Subscription software charged annual renewal after I explicitly cancelled ledger transaction entry,ChargebackDispute
ATM failed to dispense cash but bank account was debited three hundred memo reference TX-103325,ChargebackDispute
Store double billed transaction receipt shows single checkout approval remittance batch 11,ChargebackDispute
Unauthorized airline ticket charge appearing on my debit statement transaction verification log 2,ChargebackDispute
Dispute charge on credit card merchant delivered counterfeit knockoff banking customer reference note,ChargebackDispute
Formal chargeback request for undelivered services from contractor ledger transaction entry,ChargebackDispute
Merchant charged my card three times for single coffee memo reference TX-103420,ChargebackDispute
Unauthorized recurring subscription charge from merchant after cancellation remittance batch 1,ChargebackDispute
Gas station pump charged duplicate two hundred dollar authorization hold transaction verification log 7,ChargebackDispute
Online store charged my card but never shipped ordered merchandise banking customer reference note,ChargebackDispute
Hotel incidental bill contains unauthorized five hundred dollar charge ledger transaction entry,ChargebackDispute
Restaurant charged fifty dollar tip instead of five dollar tip on receipt memo reference TX-103515,ChargebackDispute
Fraudulent charge of ninety dollars at electronics store I never visited remittance batch 6,ChargebackDispute
Dispute billing charge merchant refused to honor return policy transaction verification log 12,ChargebackDispute
Car rental agency billed damage fee that was pre-existing upon pickup banking customer reference note,ChargebackDispute
Subscription software charged annual renewal after I explicitly cancelled ledger transaction entry,ChargebackDispute
ATM failed to dispense cash but bank account was debited three hundred memo reference TX-103610,ChargebackDispute
Store double billed transaction receipt shows single checkout approval remittance batch 11,ChargebackDispute
Unauthorized airline ticket charge appearing on my debit statement transaction verification log 17,ChargebackDispute
Dispute charge on credit card merchant delivered counterfeit knockoff banking customer reference note,ChargebackDispute
Formal chargeback request for undelivered services from contractor ledger transaction entry,ChargebackDispute
Merchant charged my card three times for single coffee memo reference TX-103705,ChargebackDispute
Unauthorized recurring subscription charge from merchant after cancellation remittance batch 1,ChargebackDispute
Gas station pump charged duplicate two hundred dollar authorization hold transaction verification log 22,ChargebackDispute
Online store charged my card but never shipped ordered merchandise banking customer reference note,ChargebackDispute
Hotel incidental bill contains unauthorized five hundred dollar charge ledger transaction entry,ChargebackDispute
Restaurant charged fifty dollar tip instead of five dollar tip on receipt memo reference TX-103800,ChargebackDispute
Fraudulent charge of ninety dollars at electronics store I never visited remittance batch 6,ChargebackDispute
Dispute billing charge merchant refused to honor return policy transaction verification log 2,ChargebackDispute
Car rental agency billed damage fee that was pre-existing upon pickup banking customer reference note,ChargebackDispute
Subscription software charged annual renewal after I explicitly cancelled ledger transaction entry,ChargebackDispute
ATM failed to dispense cash but bank account was debited three hundred memo reference TX-103895,ChargebackDispute
Store double billed transaction receipt shows single checkout approval remittance batch 11,ChargebackDispute
Unauthorized airline ticket charge appearing on my debit statement transaction verification log 7,ChargebackDispute
Dispute charge on credit card merchant delivered counterfeit knockoff banking customer reference note,ChargebackDispute
Formal chargeback request for undelivered services from contractor ledger transaction entry,ChargebackDispute
Merchant charged my card three times for single coffee memo reference TX-103990,ChargebackDispute
Unauthorized recurring subscription charge from merchant after cancellation remittance batch 1,ChargebackDispute
Gas station pump charged duplicate two hundred dollar authorization hold transaction verification log 12,ChargebackDispute
Online store charged my card but never shipped ordered merchandise banking customer reference note,ChargebackDispute
Hotel incidental bill contains unauthorized five hundred dollar charge ledger transaction entry,ChargebackDispute
Restaurant charged fifty dollar tip instead of five dollar tip on receipt memo reference TX-104085,ChargebackDispute
Fraudulent charge of ninety dollars at electronics store I never visited remittance batch 6,ChargebackDispute
Dispute billing charge merchant refused to honor return policy transaction verification log 17,ChargebackDispute
Car rental agency billed damage fee that was pre-existing upon pickup banking customer reference note,ChargebackDispute
Subscription software charged annual renewal after I explicitly cancelled ledger transaction entry,ChargebackDispute
ATM failed to dispense cash but bank account was debited three hundred memo reference TX-104180,ChargebackDispute
Store double billed transaction receipt shows single checkout approval remittance batch 11,ChargebackDispute
Unauthorized airline ticket charge appearing on my debit statement transaction verification log 22,ChargebackDispute
Dispute charge on credit card merchant delivered counterfeit knockoff banking customer reference note,ChargebackDispute
Formal chargeback request for undelivered services from contractor ledger transaction entry,ChargebackDispute
Merchant charged my card three times for single coffee memo reference TX-104275,ChargebackDispute
Unauthorized recurring subscription charge from merchant after cancellation remittance batch 1,ChargebackDispute
Gas station pump charged duplicate two hundred dollar authorization hold transaction verification log 2,ChargebackDispute
Online store charged my card but never shipped ordered merchandise banking customer reference note,ChargebackDispute
Hotel incidental bill contains unauthorized five hundred dollar charge ledger transaction entry,ChargebackDispute
Restaurant charged fifty dollar tip instead of five dollar tip on receipt memo reference TX-104370,ChargebackDispute
Fraudulent charge of ninety dollars at electronics store I never visited remittance batch 6,ChargebackDispute
Dispute billing charge merchant refused to honor return policy transaction verification log 7,ChargebackDispute
Car rental agency billed damage fee that was pre-existing upon pickup banking customer reference note,ChargebackDispute
Subscription software charged annual renewal after I explicitly cancelled ledger transaction entry,ChargebackDispute
ATM failed to dispense cash but bank account was debited three hundred memo reference TX-104465,ChargebackDispute
Store double billed transaction receipt shows single checkout approval remittance batch 11,ChargebackDispute
Unauthorized airline ticket charge appearing on my debit statement transaction verification log 12,ChargebackDispute
Dispute charge on credit card merchant delivered counterfeit knockoff banking customer reference note,ChargebackDispute
Formal chargeback request for undelivered services from contractor ledger transaction entry,ChargebackDispute
Merchant charged my card three times for single coffee memo reference TX-104560,ChargebackDispute
Unauthorized recurring subscription charge from merchant after cancellation remittance batch 1,ChargebackDispute
Gas station pump charged duplicate two hundred dollar authorization hold transaction verification log 17,ChargebackDispute
Online store charged my card but never shipped ordered merchandise banking customer reference note,ChargebackDispute
Hotel incidental bill contains unauthorized five hundred dollar charge ledger transaction entry,ChargebackDispute
Restaurant charged fifty dollar tip instead of five dollar tip on receipt memo reference TX-104655,ChargebackDispute
Fraudulent charge of ninety dollars at electronics store I never visited remittance batch 6,ChargebackDispute
Dispute billing charge merchant refused to honor return policy transaction verification log 22,ChargebackDispute
Car rental agency billed damage fee that was pre-existing upon pickup banking customer reference note,ChargebackDispute
Subscription software charged annual renewal after I explicitly cancelled ledger transaction entry,ChargebackDispute
Corporate acquisition escrow settlement tranche wire five million dollars,HighValueAudit
Commercial real estate property purchase closing escrow wire transfer,HighValueAudit
Institutional treasury bond investment wire of ten million dollars,HighValueAudit
Venture capital series A lead investor seed funding wire disbursement,HighValueAudit
Cross border corporate dividend repatriation wire transfer tranche,HighValueAudit
Multinational enterprise inter-company liquidity sweep wire settlement,HighValueAudit
Private equity fund capital call wire remittance twenty million,HighValueAudit
High value escrow transfer for aircraft lease purchase agreement,HighValueAudit
Institutional sovereign wealth fund asset reallocation wire transfer,HighValueAudit
Corporate pension fund quarterly portfolio rebalancing wire tranche,HighValueAudit
Commercial development project syndicated loan drawdown wire,HighValueAudit
Multi-million dollar maritime shipping vessel acquisition settlement,HighValueAudit
Dual-officer AML sign-off required for high value treasury escrow wire,HighValueAudit
Corporate foreign exchange hedging contract settlement wire tranche,HighValueAudit
Real estate title company escrow disbursement for commercial tower,HighValueAudit
Corporate acquisition escrow settlement tranche wire five million dollars memo reference TX-100285,HighValueAudit
Commercial real estate property purchase closing escrow wire transfer remittance batch 1,HighValueAudit
Institutional treasury bond investment wire of ten million dollars transaction verification log 17,HighValueAudit
Venture capital series A lead investor seed funding wire disbursement banking customer reference note,HighValueAudit
Cross border corporate dividend repatriation wire transfer tranche ledger transaction entry,HighValueAudit
Multinational enterprise inter-company liquidity sweep wire settlement memo reference TX-100380,HighValueAudit
Private equity fund capital call wire remittance twenty million remittance batch 6,HighValueAudit
High value escrow transfer for aircraft lease purchase agreement transaction verification log 22,HighValueAudit
Institutional sovereign wealth fund asset reallocation wire transfer banking customer reference note,HighValueAudit
Corporate pension fund quarterly portfolio rebalancing wire tranche ledger transaction entry,HighValueAudit
Commercial development project syndicated loan drawdown wire memo reference TX-100475,HighValueAudit
Multi-million dollar maritime shipping vessel acquisition settlement remittance batch 11,HighValueAudit
Dual-officer AML sign-off required for high value treasury escrow wire transaction verification log 2,HighValueAudit
Corporate foreign exchange hedging contract settlement wire tranche banking customer reference note,HighValueAudit
Real estate title company escrow disbursement for commercial tower ledger transaction entry,HighValueAudit
Corporate acquisition escrow settlement tranche wire five million dollars memo reference TX-100570,HighValueAudit
Commercial real estate property purchase closing escrow wire transfer remittance batch 1,HighValueAudit
Institutional treasury bond investment wire of ten million dollars transaction verification log 7,HighValueAudit
Venture capital series A lead investor seed funding wire disbursement banking customer reference note,HighValueAudit
Cross border corporate dividend repatriation wire transfer tranche ledger transaction entry,HighValueAudit
Multinational enterprise inter-company liquidity sweep wire settlement memo reference TX-100665,HighValueAudit
Private equity fund capital call wire remittance twenty million remittance batch 6,HighValueAudit
High value escrow transfer for aircraft lease purchase agreement transaction verification log 12,HighValueAudit
Institutional sovereign wealth fund asset reallocation wire transfer banking customer reference note,HighValueAudit
Corporate pension fund quarterly portfolio rebalancing wire tranche ledger transaction entry,HighValueAudit
Commercial development project syndicated loan drawdown wire memo reference TX-100760,HighValueAudit
Multi-million dollar maritime shipping vessel acquisition settlement remittance batch 11,HighValueAudit
Dual-officer AML sign-off required for high value treasury escrow wire transaction verification log 17,HighValueAudit
Corporate foreign exchange hedging contract settlement wire tranche banking customer reference note,HighValueAudit
Real estate title company escrow disbursement for commercial tower ledger transaction entry,HighValueAudit
Corporate acquisition escrow settlement tranche wire five million dollars memo reference TX-100855,HighValueAudit
Commercial real estate property purchase closing escrow wire transfer remittance batch 1,HighValueAudit
Institutional treasury bond investment wire of ten million dollars transaction verification log 22,HighValueAudit
Venture capital series A lead investor seed funding wire disbursement banking customer reference note,HighValueAudit
Cross border corporate dividend repatriation wire transfer tranche ledger transaction entry,HighValueAudit
Multinational enterprise inter-company liquidity sweep wire settlement memo reference TX-100950,HighValueAudit
Private equity fund capital call wire remittance twenty million remittance batch 6,HighValueAudit
High value escrow transfer for aircraft lease purchase agreement transaction verification log 2,HighValueAudit
Institutional sovereign wealth fund asset reallocation wire transfer banking customer reference note,HighValueAudit
Corporate pension fund quarterly portfolio rebalancing wire tranche ledger transaction entry,HighValueAudit
Commercial development project syndicated loan drawdown wire memo reference TX-101045,HighValueAudit
Multi-million dollar maritime shipping vessel acquisition settlement remittance batch 11,HighValueAudit
Dual-officer AML sign-off required for high value treasury escrow wire transaction verification log 7,HighValueAudit
Corporate foreign exchange hedging contract settlement wire tranche banking customer reference note,HighValueAudit
Real estate title company escrow disbursement for commercial tower ledger transaction entry,HighValueAudit
Corporate acquisition escrow settlement tranche wire five million dollars memo reference TX-101140,HighValueAudit
Commercial real estate property purchase closing escrow wire transfer remittance batch 1,HighValueAudit
Institutional treasury bond investment wire of ten million dollars transaction verification log 12,HighValueAudit
Venture capital series A lead investor seed funding wire disbursement banking customer reference note,HighValueAudit
Cross border corporate dividend repatriation wire transfer tranche ledger transaction entry,HighValueAudit
Multinational enterprise inter-company liquidity sweep wire settlement memo reference TX-101235,HighValueAudit
Private equity fund capital call wire remittance twenty million remittance batch 6,HighValueAudit
High value escrow transfer for aircraft lease purchase agreement transaction verification log 17,HighValueAudit
Institutional sovereign wealth fund asset reallocation wire transfer banking customer reference note,HighValueAudit
Corporate pension fund quarterly portfolio rebalancing wire tranche ledger transaction entry,HighValueAudit
Commercial development project syndicated loan drawdown wire memo reference TX-101330,HighValueAudit
Multi-million dollar maritime shipping vessel acquisition settlement remittance batch 11,HighValueAudit
Dual-officer AML sign-off required for high value treasury escrow wire transaction verification log 22,HighValueAudit
Corporate foreign exchange hedging contract settlement wire tranche banking customer reference note,HighValueAudit
Real estate title company escrow disbursement for commercial tower ledger transaction entry,HighValueAudit
Corporate acquisition escrow settlement tranche wire five million dollars memo reference TX-101425,HighValueAudit
Commercial real estate property purchase closing escrow wire transfer remittance batch 1,HighValueAudit
Institutional treasury bond investment wire of ten million dollars transaction verification log 2,HighValueAudit
Venture capital series A lead investor seed funding wire disbursement banking customer reference note,HighValueAudit
Cross border corporate dividend repatriation wire transfer tranche ledger transaction entry,HighValueAudit
Multinational enterprise inter-company liquidity sweep wire settlement memo reference TX-101520,HighValueAudit
Private equity fund capital call wire remittance twenty million remittance batch 6,HighValueAudit
High value escrow transfer for aircraft lease purchase agreement transaction verification log 7,HighValueAudit
Institutional sovereign wealth fund asset reallocation wire transfer banking customer reference note,HighValueAudit
Corporate pension fund quarterly portfolio rebalancing wire tranche ledger transaction entry,HighValueAudit
Commercial development project syndicated loan drawdown wire memo reference TX-101615,HighValueAudit
Multi-million dollar maritime shipping vessel acquisition settlement remittance batch 11,HighValueAudit
Dual-officer AML sign-off required for high value treasury escrow wire transaction verification log 12,HighValueAudit
Corporate foreign exchange hedging contract settlement wire tranche banking customer reference note,HighValueAudit
Real estate title company escrow disbursement for commercial tower ledger transaction entry,HighValueAudit
Corporate acquisition escrow settlement tranche wire five million dollars memo reference TX-101710,HighValueAudit
Commercial real estate property purchase closing escrow wire transfer remittance batch 1,HighValueAudit
Institutional treasury bond investment wire of ten million dollars transaction verification log 17,HighValueAudit
Venture capital series A lead investor seed funding wire disbursement banking customer reference note,HighValueAudit
Cross border corporate dividend repatriation wire transfer tranche ledger transaction entry,HighValueAudit
Multinational enterprise inter-company liquidity sweep wire settlement memo reference TX-101805,HighValueAudit
Private equity fund capital call wire remittance twenty million remittance batch 6,HighValueAudit
High value escrow transfer for aircraft lease purchase agreement transaction verification log 22,HighValueAudit
Institutional sovereign wealth fund asset reallocation wire transfer banking customer reference note,HighValueAudit
Corporate pension fund quarterly portfolio rebalancing wire tranche ledger transaction entry,HighValueAudit
Commercial development project syndicated loan drawdown wire memo reference TX-101900,HighValueAudit
Multi-million dollar maritime shipping vessel acquisition settlement remittance batch 11,HighValueAudit
Dual-officer AML sign-off required for high value treasury escrow wire transaction verification log 2,HighValueAudit
Corporate foreign exchange hedging contract settlement wire tranche banking customer reference note,HighValueAudit
Real estate title company escrow disbursement for commercial tower ledger transaction entry,HighValueAudit
Corporate acquisition escrow settlement tranche wire five million dollars memo reference TX-101995,HighValueAudit
Commercial real estate property purchase closing escrow wire transfer remittance batch 1,HighValueAudit
Institutional treasury bond investment wire of ten million dollars transaction verification log 7,HighValueAudit
Venture capital series A lead investor seed funding wire disbursement banking customer reference note,HighValueAudit
Cross border corporate dividend repatriation wire transfer tranche ledger transaction entry,HighValueAudit
Multinational enterprise inter-company liquidity sweep wire settlement memo reference TX-102090,HighValueAudit
Private equity fund capital call wire remittance twenty million remittance batch 6,HighValueAudit
High value escrow transfer for aircraft lease purchase agreement transaction verification log 12,HighValueAudit
Institutional sovereign wealth fund asset reallocation wire transfer banking customer reference note,HighValueAudit
Corporate pension fund quarterly portfolio rebalancing wire tranche ledger transaction entry,HighValueAudit
Commercial development project syndicated loan drawdown wire memo reference TX-102185,HighValueAudit
Multi-million dollar maritime shipping vessel acquisition settlement remittance batch 11,HighValueAudit
Dual-officer AML sign-off required for high value treasury escrow wire transaction verification log 17,HighValueAudit
Corporate foreign exchange hedging contract settlement wire tranche banking customer reference note,HighValueAudit
Real estate title company escrow disbursement for commercial tower ledger transaction entry,HighValueAudit
Corporate acquisition escrow settlement tranche wire five million dollars memo reference TX-102280,HighValueAudit
Commercial real estate property purchase closing escrow wire transfer remittance batch 1,HighValueAudit
Institutional treasury bond investment wire of ten million dollars transaction verification log 22,HighValueAudit
Venture capital series A lead investor seed funding wire disbursement banking customer reference note,HighValueAudit
Cross border corporate dividend repatriation wire transfer tranche ledger transaction entry,HighValueAudit
Multinational enterprise inter-company liquidity sweep wire settlement memo reference TX-102375,HighValueAudit
Private equity fund capital call wire remittance twenty million remittance batch 6,HighValueAudit
High value escrow transfer for aircraft lease purchase agreement transaction verification log 2,HighValueAudit
Institutional sovereign wealth fund asset reallocation wire transfer banking customer reference note,HighValueAudit
Corporate pension fund quarterly portfolio rebalancing wire tranche ledger transaction entry,HighValueAudit
Commercial development project syndicated loan drawdown wire memo reference TX-102470,HighValueAudit
Multi-million dollar maritime shipping vessel acquisition settlement remittance batch 11,HighValueAudit
Dual-officer AML sign-off required for high value treasury escrow wire transaction verification log 7,HighValueAudit
Corporate foreign exchange hedging contract settlement wire tranche banking customer reference note,HighValueAudit
Real estate title company escrow disbursement for commercial tower ledger transaction entry,HighValueAudit
Corporate acquisition escrow settlement tranche wire five million dollars memo reference TX-102565,HighValueAudit
Commercial real estate property purchase closing escrow wire transfer remittance batch 1,HighValueAudit
Institutional treasury bond investment wire of ten million dollars transaction verification log 12,HighValueAudit
Venture capital series A lead investor seed funding wire disbursement banking customer reference note,HighValueAudit
Cross border corporate dividend repatriation wire transfer tranche ledger transaction entry,HighValueAudit
Multinational enterprise inter-company liquidity sweep wire settlement memo reference TX-102660,HighValueAudit
Private equity fund capital call wire remittance twenty million remittance batch 6,HighValueAudit
High value escrow transfer for aircraft lease purchase agreement transaction verification log 17,HighValueAudit
Institutional sovereign wealth fund asset reallocation wire transfer banking customer reference note,HighValueAudit
Corporate pension fund quarterly portfolio rebalancing wire tranche ledger transaction entry,HighValueAudit
Commercial development project syndicated loan drawdown wire memo reference TX-102755,HighValueAudit
Multi-million dollar maritime shipping vessel acquisition settlement remittance batch 11,HighValueAudit
Dual-officer AML sign-off required for high value treasury escrow wire transaction verification log 22,HighValueAudit
Corporate foreign exchange hedging contract settlement wire tranche banking customer reference note,HighValueAudit
Real estate title company escrow disbursement for commercial tower ledger transaction entry,HighValueAudit
Corporate acquisition escrow settlement tranche wire five million dollars memo reference TX-102850,HighValueAudit
Commercial real estate property purchase closing escrow wire transfer remittance batch 1,HighValueAudit
Institutional treasury bond investment wire of ten million dollars transaction verification log 2,HighValueAudit
Venture capital series A lead investor seed funding wire disbursement banking customer reference note,HighValueAudit
Cross border corporate dividend repatriation wire transfer tranche ledger transaction entry,HighValueAudit
Multinational enterprise inter-company liquidity sweep wire settlement memo reference TX-102945,HighValueAudit
Private equity fund capital call wire remittance twenty million remittance batch 6,HighValueAudit
High value escrow transfer for aircraft lease purchase agreement transaction verification log 7,HighValueAudit
Institutional sovereign wealth fund asset reallocation wire transfer banking customer reference note,HighValueAudit
Corporate pension fund quarterly portfolio rebalancing wire tranche ledger transaction entry,HighValueAudit
Commercial development project syndicated loan drawdown wire memo reference TX-103040,HighValueAudit
Multi-million dollar maritime shipping vessel acquisition settlement remittance batch 11,HighValueAudit
Dual-officer AML sign-off required for high value treasury escrow wire transaction verification log 12,HighValueAudit
Corporate foreign exchange hedging contract settlement wire tranche banking customer reference note,HighValueAudit
Real estate title company escrow disbursement for commercial tower ledger transaction entry,HighValueAudit
Corporate acquisition escrow settlement tranche wire five million dollars memo reference TX-103135,HighValueAudit
Commercial real estate property purchase closing escrow wire transfer remittance batch 1,HighValueAudit
Institutional treasury bond investment wire of ten million dollars transaction verification log 17,HighValueAudit
Venture capital series A lead investor seed funding wire disbursement banking customer reference note,HighValueAudit
Cross border corporate dividend repatriation wire transfer tranche ledger transaction entry,HighValueAudit
Multinational enterprise inter-company liquidity sweep wire settlement memo reference TX-103230,HighValueAudit
Private equity fund capital call wire remittance twenty million remittance batch 6,HighValueAudit
High value escrow transfer for aircraft lease purchase agreement transaction verification log 22,HighValueAudit
Institutional sovereign wealth fund asset reallocation wire transfer banking customer reference note,HighValueAudit
Corporate pension fund quarterly portfolio rebalancing wire tranche ledger transaction entry,HighValueAudit
Commercial development project syndicated loan drawdown wire memo reference TX-103325,HighValueAudit
Multi-million dollar maritime shipping vessel acquisition settlement remittance batch 11,HighValueAudit
Dual-officer AML sign-off required for high value treasury escrow wire transaction verification log 2,HighValueAudit
Corporate foreign exchange hedging contract settlement wire tranche banking customer reference note,HighValueAudit
Real estate title company escrow disbursement for commercial tower ledger transaction entry,HighValueAudit
Corporate acquisition escrow settlement tranche wire five million dollars memo reference TX-103420,HighValueAudit
Commercial real estate property purchase closing escrow wire transfer remittance batch 1,HighValueAudit
Institutional treasury bond investment wire of ten million dollars transaction verification log 7,HighValueAudit
Venture capital series A lead investor seed funding wire disbursement banking customer reference note,HighValueAudit
Cross border corporate dividend repatriation wire transfer tranche ledger transaction entry,HighValueAudit
Multinational enterprise inter-company liquidity sweep wire settlement memo reference TX-103515,HighValueAudit
Private equity fund capital call wire remittance twenty million remittance batch 6,HighValueAudit
High value escrow transfer for aircraft lease purchase agreement transaction verification log 12,HighValueAudit
Institutional sovereign wealth fund asset reallocation wire transfer banking customer reference note,HighValueAudit
Corporate pension fund quarterly portfolio rebalancing wire tranche ledger transaction entry,HighValueAudit
Commercial development project syndicated loan drawdown wire memo reference TX-103610,HighValueAudit
Multi-million dollar maritime shipping vessel acquisition settlement remittance batch 11,HighValueAudit
Dual-officer AML sign-off required for high value treasury escrow wire transaction verification log 17,HighValueAudit
Corporate foreign exchange hedging contract settlement wire tranche banking customer reference note,HighValueAudit
Real estate title company escrow disbursement for commercial tower ledger transaction entry,HighValueAudit
Corporate acquisition escrow settlement tranche wire five million dollars memo reference TX-103705,HighValueAudit
Commercial real estate property purchase closing escrow wire transfer remittance batch 1,HighValueAudit
Institutional treasury bond investment wire of ten million dollars transaction verification log 22,HighValueAudit
Venture capital series A lead investor seed funding wire disbursement banking customer reference note,HighValueAudit
Cross border corporate dividend repatriation wire transfer tranche ledger transaction entry,HighValueAudit
Multinational enterprise inter-company liquidity sweep wire settlement memo reference TX-103800,HighValueAudit
Private equity fund capital call wire remittance twenty million remittance batch 6,HighValueAudit
High value escrow transfer for aircraft lease purchase agreement transaction verification log 2,HighValueAudit
Institutional sovereign wealth fund asset reallocation wire transfer banking customer reference note,HighValueAudit
Corporate pension fund quarterly portfolio rebalancing wire tranche ledger transaction entry,HighValueAudit
Commercial development project syndicated loan drawdown wire memo reference TX-103895,HighValueAudit
Multi-million dollar maritime shipping vessel acquisition settlement remittance batch 11,HighValueAudit
Dual-officer AML sign-off required for high value treasury escrow wire transaction verification log 7,HighValueAudit
Corporate foreign exchange hedging contract settlement wire tranche banking customer reference note,HighValueAudit
Real estate title company escrow disbursement for commercial tower ledger transaction entry,HighValueAudit
Corporate acquisition escrow settlement tranche wire five million dollars memo reference TX-103990,HighValueAudit
Commercial real estate property purchase closing escrow wire transfer remittance batch 1,HighValueAudit
Institutional treasury bond investment wire of ten million dollars transaction verification log 12,HighValueAudit
Venture capital series A lead investor seed funding wire disbursement banking customer reference note,HighValueAudit
Cross border corporate dividend repatriation wire transfer tranche ledger transaction entry,HighValueAudit
Multinational enterprise inter-company liquidity sweep wire settlement memo reference TX-104085,HighValueAudit
Private equity fund capital call wire remittance twenty million remittance batch 6,HighValueAudit
High value escrow transfer for aircraft lease purchase agreement transaction verification log 17,HighValueAudit
Institutional sovereign wealth fund asset reallocation wire transfer banking customer reference note,HighValueAudit
Corporate pension fund quarterly portfolio rebalancing wire tranche ledger transaction entry,HighValueAudit
Commercial development project syndicated loan drawdown wire memo reference TX-104180,HighValueAudit
Multi-million dollar maritime shipping vessel acquisition settlement remittance batch 11,HighValueAudit
Dual-officer AML sign-off required for high value treasury escrow wire transaction verification log 22,HighValueAudit
Corporate foreign exchange hedging contract settlement wire tranche banking customer reference note,HighValueAudit
Real estate title company escrow disbursement for commercial tower ledger transaction entry,HighValueAudit
Corporate acquisition escrow settlement tranche wire five million dollars memo reference TX-104275,HighValueAudit
Commercial real estate property purchase closing escrow wire transfer remittance batch 1,HighValueAudit
Institutional treasury bond investment wire of ten million dollars transaction verification log 2,HighValueAudit
Venture capital series A lead investor seed funding wire disbursement banking customer reference note,HighValueAudit
Cross border corporate dividend repatriation wire transfer tranche ledger transaction entry,HighValueAudit
Multinational enterprise inter-company liquidity sweep wire settlement memo reference TX-104370,HighValueAudit
Private equity fund capital call wire remittance twenty million remittance batch 6,HighValueAudit
High value escrow transfer for aircraft lease purchase agreement transaction verification log 7,HighValueAudit
Institutional sovereign wealth fund asset reallocation wire transfer banking customer reference note,HighValueAudit
Corporate pension fund quarterly portfolio rebalancing wire tranche ledger transaction entry,HighValueAudit
Commercial development project syndicated loan drawdown wire memo reference TX-104465,HighValueAudit
Multi-million dollar maritime shipping vessel acquisition settlement remittance batch 11,HighValueAudit
Dual-officer AML sign-off required for high value treasury escrow wire transaction verification log 12,HighValueAudit
Corporate foreign exchange hedging contract settlement wire tranche banking customer reference note,HighValueAudit
Real estate title company escrow disbursement for commercial tower ledger transaction entry,HighValueAudit
Corporate acquisition escrow settlement tranche wire five million dollars memo reference TX-104560,HighValueAudit
Commercial real estate property purchase closing escrow wire transfer remittance batch 1,HighValueAudit
Institutional treasury bond investment wire of ten million dollars transaction verification log 17,HighValueAudit
Venture capital series A lead investor seed funding wire disbursement banking customer reference note,HighValueAudit
Cross border corporate dividend repatriation wire transfer tranche ledger transaction entry,HighValueAudit
Multinational enterprise inter-company liquidity sweep wire settlement memo reference TX-104655,HighValueAudit
Private equity fund capital call wire remittance twenty million remittance batch 6,HighValueAudit
High value escrow transfer for aircraft lease purchase agreement transaction verification log 22,HighValueAudit
Institutional sovereign wealth fund asset reallocation wire transfer banking customer reference note,HighValueAudit
Corporate pension fund quarterly portfolio rebalancing wire tranche ledger transaction entry,HighValueAudit
