text,label
Please cancel my order 10000 and process a full refund to my card,Refund
I returned the package for coffee maker yesterday when will my refund be issued,Refund
Item arrived defective and broken please refund my purchase money immediately,Refund
Charged twice for the exact same order 10021 please reverse the duplicate charge,Refund
I want my money back the delivered winter coat does not match description,Refund
Cancel my annual subscription renewal and refund remaining balance to checking account,Refund
Can I get a refund for order 10042 since shipment has not left warehouse,Refund
Return request accepted by seller please credit my original payment method,Refund
I was promised a full refund for damaged wireless earbuds within 5 business days,Refund
Where is the refund for my returned clothing items order 10063,Refund
The merchant agreed to refund fifty dollars for the missing accessory,Refund
Please issue store credit or immediate refund for defective coffee maker,Refund
I sent the item back via courier tracking TRK800156 please verify refund status,Refund
Reverse credit card charge for order 10091 cancelled before fulfillment,Refund
Order cancellation confirmed by support but refund still pending on statement,Refund
Please cancel my order 10105 and process a full refund to my card please check immediately reference TRK800195,Refund
I returned the package for desk lamp yesterday when will my refund be issued regarding recent purchase of desk lamp,Refund
Item arrived defective and broken please refund my purchase money immediately verified on customer dashboard,Refund
Charged twice for the exact same order 10126 please reverse the duplicate charge filed through customer service ticket,Refund
I want my money back the delivered sneakers does not match description follow up inquiry for sneakers,Refund
Cancel my annual subscription renewal and refund remaining balance to checking account priority request for customer account,Refund
Can I get a refund for order 10147 since shipment has not left warehouse urgently for order 10147,Refund
Return request accepted by seller please credit my original payment method please check immediately reference TRK800286,Refund
I was promised a full refund for damaged blender within 5 business days regarding recent purchase of blender,Refund
Where is the refund for my returned clothing items order 10168 verified on customer dashboard,Refund
The merchant agreed to refund fifty dollars for the missing accessory filed through customer service ticket,Refund
Please issue store credit or immediate refund for defective desk lamp follow up inquiry for desk lamp,Refund
I sent the item back via courier tracking TRK800351 please verify refund status priority request for customer account,Refund
Reverse credit card charge for order 10196 cancelled before fulfillment urgently for order 10196,Refund
Order cancellation confirmed by support but refund still pending on statement please check immediately reference TRK800377,Refund
Please cancel my order 10210 and process a full refund to my card regarding recent purchase of laptop,Refund
I returned the package for coffee maker yesterday when will my refund be issued verified on customer dashboard,Refund
Item arrived defective and broken please refund my purchase money immediately filed through customer service ticket,Refund
Charged twice for the exact same order 10231 please reverse the duplicate charge follow up inquiry for blender,Refund
I want my money back the delivered winter coat does not match description priority request for customer account,Refund
Cancel my annual subscription renewal and refund remaining balance to checking account urgently for order 10245,Refund
Can I get a refund for order 10252 since shipment has not left warehouse please check immediately reference TRK800468,Refund
Return request accepted by seller please credit my original payment method regarding recent purchase of smartphone,Refund
I was promised a full refund for damaged wireless earbuds within 5 business days verified on customer dashboard,Refund
Where is the refund for my returned clothing items order 10273 filed through customer service ticket,Refund
The merchant agreed to refund fifty dollars for the missing accessory follow up inquiry for laptop,Refund
Please issue store credit or immediate refund for defective coffee maker priority request for customer account,Refund
I sent the item back via courier tracking TRK800546 please verify refund status urgently for order 10294,Refund
Reverse credit card charge for order 10301 cancelled before fulfillment please check immediately reference TRK800559,Refund
Order cancellation confirmed by support but refund still pending on statement regarding recent purchase of winter coat,Refund
Please cancel my order 10315 and process a full refund to my card verified on customer dashboard,Refund
I returned the package for desk lamp yesterday when will my refund be issued filed through customer service ticket,Refund
Item arrived defective and broken please refund my purchase money immediately follow up inquiry for smartphone,Refund
Charged twice for the exact same order 10336 please reverse the duplicate charge priority request for customer account,Refund
I want my money back the delivered sneakers does not match description urgently for order 10343,Refund
Cancel my annual subscription renewal and refund remaining balance to checking account please check immediately reference TRK800650,Refund
Can I get a refund for order 10357 since shipment has not left warehouse regarding recent purchase of coffee maker,Refund
Return request accepted by seller please credit my original payment method verified on customer dashboard,Refund
I was promised a full refund for damaged blender within 5 business days filed through customer service ticket,Refund
Where is the refund for my returned clothing items order 10378 follow up inquiry for winter coat,Refund
The merchant agreed to refund fifty dollars for the missing accessory priority request for customer account,Refund
Please issue store credit or immediate refund for defective desk lamp urgently for order 10392,Refund
I sent the item back via courier tracking TRK800741 please verify refund status please check immediately reference TRK800741,Refund
Reverse credit card charge for order 10406 cancelled before fulfillment regarding recent purchase of wireless earbuds,Refund
Order cancellation confirmed by support but refund still pending on statement verified on customer dashboard,Refund
Please cancel my order 10420 and process a full refund to my card filed through customer service ticket,Refund
I returned the package for coffee maker yesterday when will my refund be issued follow up inquiry for coffee maker,Refund
Item arrived defective and broken please refund my purchase money immediately priority request for customer account,Refund
Charged twice for the exact same order 10441 please reverse the duplicate charge urgently for order 10441,Refund
I want my money back the delivered winter coat does not match description please check immediately reference TRK800832,Refund
Cancel my annual subscription renewal and refund remaining balance to checking account regarding recent purchase of office chair,Refund
Can I get a refund for order 10462 since shipment has not left warehouse verified on customer dashboard,Refund
Return request accepted by seller please credit my original payment method filed through customer service ticket,Refund
I was promised a full refund for damaged wireless earbuds within 5 business days follow up inquiry for wireless earbuds,Refund
Where is the refund for my returned clothing items order 10483 priority request for customer account,Refund
The merchant agreed to refund fifty dollars for the missing accessory urgently for order 10490,Refund
Please issue store credit or immediate refund for defective coffee maker please check immediately reference TRK800923,Refund
I sent the item back via courier tracking TRK800936 please verify refund status regarding recent purchase of monitor,Refund
Reverse credit card charge for order 10511 cancelled before fulfillment verified on customer dashboard,Refund
Order cancellation confirmed by support but refund still pending on statement filed through customer service ticket,Refund
Please cancel my order 10525 and process a full refund to my card follow up inquiry for office chair,Refund
I returned the package for desk lamp yesterday when will my refund be issued priority request for customer account,Refund
Item arrived defective and broken please refund my purchase money immediately urgently for order 10539,Refund
Charged twice for the exact same order 10546 please reverse the duplicate charge please check immediately reference TRK801014,Refund
I want my money back the delivered sneakers does not match description regarding recent purchase of sneakers,Refund
Cancel my annual subscription renewal and refund remaining balance to checking account verified on customer dashboard,Refund
Can I get a refund for order 10567 since shipment has not left warehouse filed through customer service ticket,Refund
Return request accepted by seller please credit my original payment method follow up inquiry for monitor,Refund
I was promised a full refund for damaged blender within 5 business days priority request for customer account,Refund
Where is the refund for my returned clothing items order 10588 urgently for order 10588,Refund
The merchant agreed to refund fifty dollars for the missing accessory please check immediately reference TRK801105,Refund
Please issue store credit or immediate refund for defective desk lamp regarding recent purchase of desk lamp,Refund
I sent the item back via courier tracking TRK801131 please verify refund status verified on customer dashboard,Refund
Reverse credit card charge for order 10616 cancelled before fulfillment filed through customer service ticket,Refund
Order cancellation confirmed by support but refund still pending on statement follow up inquiry for sneakers,Refund
Please cancel my order 10630 and process a full refund to my card priority request for customer account,Refund
I returned the package for coffee maker yesterday when will my refund be issued urgently for order 10637,Refund
Item arrived defective and broken please refund my purchase money immediately please check immediately reference TRK801196,Refund
Charged twice for the exact same order 10651 please reverse the duplicate charge regarding recent purchase of blender,Refund
I want my money back the delivered winter coat does not match description verified on customer dashboard,Refund
Cancel my annual subscription renewal and refund remaining balance to checking account filed through customer service ticket,Refund
Can I get a refund for order 10672 since shipment has not left warehouse follow up inquiry for desk lamp,Refund
Return request accepted by seller please credit my original payment method priority request for customer account,Refund
I was promised a full refund for damaged wireless earbuds within 5 business days urgently for order 10686,Refund
Where is the refund for my returned clothing items order 10693 please check immediately reference TRK801287,Refund
The merchant agreed to refund fifty dollars for the missing accessory regarding recent purchase of laptop,Refund
Please issue store credit or immediate refund for defective coffee maker verified on customer dashboard,Refund
I sent the item back via courier tracking TRK801326 please verify refund status filed through customer service ticket,Refund
Reverse credit card charge for order 10721 cancelled before fulfillment follow up inquiry for blender,Refund
Order cancellation confirmed by support but refund still pending on statement priority request for customer account,Refund
Please cancel my order 10735 and process a full refund to my card urgently for order 10735,Refund
I returned the package for desk lamp yesterday when will my refund be issued please check immediately reference TRK801378,Refund
Item arrived defective and broken please refund my purchase money immediately regarding recent purchase of smartphone,Refund
Charged twice for the exact same order 10756 please reverse the duplicate charge verified on customer dashboard,Refund
I want my money back the delivered sneakers does not match description filed through customer service ticket,Refund
Cancel my annual subscription renewal and refund remaining balance to checking account follow up inquiry for laptop,Refund
Can I get a refund for order 10777 since shipment has not left warehouse priority request for customer account,Refund
Return request accepted by seller please credit my original payment method urgently for order 10784,Refund
I was promised a full refund for damaged blender within 5 business days please check immediately reference TRK801469,Refund
Where is the refund for my returned clothing items order 10798 regarding recent purchase of winter coat,Refund
The merchant agreed to refund fifty dollars for the missing accessory verified on customer dashboard,Refund
Please issue store credit or immediate refund for defective desk lamp filed through customer service ticket,Refund
I sent the item back via courier tracking TRK801521 please verify refund status follow up inquiry for smartphone,Refund
Reverse credit card charge for order 10826 cancelled before fulfillment priority request for customer account,Refund
Order cancellation confirmed by support but refund still pending on statement urgently for order 10833,Refund
Please cancel my order 10840 and process a full refund to my card please check immediately reference TRK801560,Refund
I returned the package for coffee maker yesterday when will my refund be issued regarding recent purchase of coffee maker,Refund
Item arrived defective and broken please refund my purchase money immediately verified on customer dashboard,Refund
Charged twice for the exact same order 10861 please reverse the duplicate charge filed through customer service ticket,Refund
I want my money back the delivered winter coat does not match description follow up inquiry for winter coat,Refund
Cancel my annual subscription renewal and refund remaining balance to checking account priority request for customer account,Refund
Can I get a refund for order 10882 since shipment has not left warehouse urgently for order 10882,Refund
Return request accepted by seller please credit my original payment method please check immediately reference TRK801651,Refund
I was promised a full refund for damaged wireless earbuds within 5 business days regarding recent purchase of wireless earbuds,Refund
Where is the refund for my returned clothing items order 10903 verified on customer dashboard,Refund
The merchant agreed to refund fifty dollars for the missing accessory filed through customer service ticket,Refund
Please issue store credit or immediate refund for defective coffee maker follow up inquiry for coffee maker,Refund
I sent the item back via courier tracking TRK801716 please verify refund status priority request for customer account,Refund
Reverse credit card charge for order 10931 cancelled before fulfillment urgently for order 10931,Refund
Order cancellation confirmed by support but refund still pending on statement please check immediately reference TRK801742,Refund
Please cancel my order 10945 and process a full refund to my card regarding recent purchase of office chair,Refund
I returned the package for desk lamp yesterday when will my refund be issued verified on customer dashboard,Refund
Item arrived defective and broken please refund my purchase money immediately filed through customer service ticket,Refund
Charged twice for the exact same order 10966 please reverse the duplicate charge follow up inquiry for wireless earbuds,Refund
I want my money back the delivered sneakers does not match description priority request for customer account,Refund
Cancel my annual subscription renewal and refund remaining balance to checking account urgently for order 10980,Refund
Can I get a refund for order 10987 since shipment has not left warehouse please check immediately reference TRK801833,Refund
Return request accepted by seller please credit my original payment method regarding recent purchase of monitor,Refund
I was promised a full refund for damaged blender within 5 business days verified on customer dashboard,Refund
Where is the refund for my returned clothing items order 11008 filed through customer service ticket,Refund
The merchant agreed to refund fifty dollars for the missing accessory follow up inquiry for office chair,Refund
Please issue store credit or immediate refund for defective desk lamp priority request for customer account,Refund
I sent the item back via courier tracking TRK801911 please verify refund status urgently for order 11029,Refund
Reverse credit card charge for order 11036 cancelled before fulfillment please check immediately reference TRK801924,Refund
Order cancellation confirmed by support but refund still pending on statement regarding recent purchase of sneakers,Refund
Please cancel my order 11050 and process a full refund to my card verified on customer dashboard,Refund
I returned the package for coffee maker yesterday when will my refund be issued filed through customer service ticket,Refund
Item arrived defective and broken please refund my purchase money immediately follow up inquiry for monitor,Refund
Charged twice for the exact same order 11071 please reverse the duplicate charge priority request for customer account,Refund
I want my money back the delivered winter coat does not match description urgently for order 11078,Refund
Cancel my annual subscription renewal and refund remaining balance to checking account please check immediately reference TRK802015,Refund
Can I get a refund for order 11092 since shipment has not left warehouse regarding recent purchase of desk lamp,Refund
Return request accepted by seller please credit my original payment method verified on customer dashboard,Refund
I was promised a full refund for damaged wireless earbuds within 5 business days filed through customer service ticket,Refund
Where is the refund for my returned clothing items order 11113 follow up inquiry for sneakers,Refund
The merchant agreed to refund fifty dollars for the missing accessory priority request for customer account,Refund
Please issue store credit or immediate refund for defective coffee maker urgently for order 11127,Refund
I sent the item back via courier tracking TRK802106 please verify refund status please check immediately reference TRK802106,Refund
Reverse credit card charge for order 11141 cancelled before fulfillment regarding recent purchase of blender,Refund
Order cancellation confirmed by support but refund still pending on statement verified on customer dashboard,Refund
Please cancel my order 11155 and process a full refund to my card filed through customer service ticket,Refund
I returned the package for desk lamp yesterday when will my refund be issued follow up inquiry for desk lamp,Refund
Item arrived defective and broken please refund my purchase money immediately priority request for customer account,Refund
Charged twice for the exact same order 11176 please reverse the duplicate charge urgently for order 11176,Refund
I want my money back the delivered sneakers does not match description please check immediately reference TRK802197,Refund
Cancel my annual subscription renewal and refund remaining balance to checking account regarding recent purchase of laptop,Refund
Can I get a refund for order 11197 since shipment has not left warehouse verified on customer dashboard,Refund
Return request accepted by seller please credit my original payment method filed through customer service ticket,Refund
I was promised a full refund for damaged blender within 5 business days follow up inquiry for blender,Refund
Where is the refund for my returned clothing items order 11218 priority request for customer account,Refund
The merchant agreed to refund fifty dollars for the missing accessory urgently for order 11225,Refund
Please issue store credit or immediate refund for defective desk lamp please check immediately reference TRK802288,Refund
I sent the item back via courier tracking TRK802301 please verify refund status regarding recent purchase of smartphone,Refund
Reverse credit card charge for order 11246 cancelled before fulfillment verified on customer dashboard,Refund
Order cancellation confirmed by support but refund still pending on statement filed through customer service ticket,Refund
Please cancel my order 11260 and process a full refund to my card follow up inquiry for laptop,Refund
I returned the package for coffee maker yesterday when will my refund be issued priority request for customer account,Refund
Item arrived defective and broken please refund my purchase money immediately urgently for order 11274,Refund
Charged twice for the exact same order 11281 please reverse the duplicate charge please check immediately reference TRK802379,Refund
I want my money back the delivered winter coat does not match description regarding recent purchase of winter coat,Refund
Cancel my annual subscription renewal and refund remaining balance to checking account verified on customer dashboard,Refund
Can I get a refund for order 11302 since shipment has not left warehouse filed through customer service ticket,Refund
Return request accepted by seller please credit my original payment method follow up inquiry for smartphone,Refund
I was promised a full refund for damaged wireless earbuds within 5 business days priority request for customer account,Refund
Where is the refund for my returned clothing items order 11323 urgently for order 11323,Refund
The merchant agreed to refund fifty dollars for the missing accessory please check immediately reference TRK802470,Refund
Please issue store credit or immediate refund for defective coffee maker regarding recent purchase of coffee maker,Refund
I sent the item back via courier tracking TRK802496 please verify refund status verified on customer dashboard,Refund
Reverse credit card charge for order 11351 cancelled before fulfillment filed through customer service ticket,Refund
Order cancellation confirmed by support but refund still pending on statement follow up inquiry for winter coat,Refund
Please cancel my order 11365 and process a full refund to my card priority request for customer account,Refund
I returned the package for desk lamp yesterday when will my refund be issued urgently for order 11372,Refund
Item arrived defective and broken please refund my purchase money immediately please check immediately reference TRK802561,Refund
Charged twice for the exact same order 11386 please reverse the duplicate charge regarding recent purchase of wireless earbuds,Refund
I want my money back the delivered sneakers does not match description verified on customer dashboard,Refund
Cancel my annual subscription renewal and refund remaining balance to checking account filed through customer service ticket,Refund
Can I get a refund for order 11407 since shipment has not left warehouse follow up inquiry for coffee maker,Refund
Return request accepted by seller please credit my original payment method priority request for customer account,Refund
I was promised a full refund for damaged blender within 5 business days urgently for order 11421,Refund
Where is the refund for my returned clothing items order 11428 please check immediately reference TRK802652,Refund
The merchant agreed to refund fifty dollars for the missing accessory regarding recent purchase of office chair,Refund
Please issue store credit or immediate refund for defective desk lamp verified on customer dashboard,Refund
I sent the item back via courier tracking TRK802691 please verify refund status filed through customer service ticket,Refund
Reverse credit card charge for order 11456 cancelled before fulfillment follow up inquiry for wireless earbuds,Refund
Order cancellation confirmed by support but refund still pending on statement priority request for customer account,Refund
Please cancel my order 11470 and process a full refund to my card urgently for order 11470,Refund
I returned the package for coffee maker yesterday when will my refund be issued please check immediately reference TRK802743,Refund
Item arrived defective and broken please refund my purchase money immediately regarding recent purchase of monitor,Refund
Charged twice for the exact same order 11491 please reverse the duplicate charge verified on customer dashboard,Refund
I want my money back the delivered winter coat does not match description filed through customer service ticket,Refund
Cancel my annual subscription renewal and refund remaining balance to checking account follow up inquiry for office chair,Refund
Can I get a refund for order 11512 since shipment has not left warehouse priority request for customer account,Refund
Return request accepted by seller please credit my original payment method urgently for order 11519,Refund
I was promised a full refund for damaged wireless earbuds within 5 business days please check immediately reference TRK802834,Refund
Where is the refund for my returned clothing items order 11533 regarding recent purchase of sneakers,Refund
The merchant agreed to refund fifty dollars for the missing accessory verified on customer dashboard,Refund
Please issue store credit or immediate refund for defective coffee maker filed through customer service ticket,Refund
I sent the item back via courier tracking TRK802886 please verify refund status follow up inquiry for monitor,Refund
Reverse credit card charge for order 11561 cancelled before fulfillment priority request for customer account,Refund
Order cancellation confirmed by support but refund still pending on statement urgently for order 11568,Refund
Please cancel my order 11575 and process a full refund to my card please check immediately reference TRK802925,Refund
I returned the package for desk lamp yesterday when will my refund be issued regarding recent purchase of desk lamp,Refund
Item arrived defective and broken please refund my purchase money immediately verified on customer dashboard,Refund
Charged twice for the exact same order 11596 please reverse the duplicate charge filed through customer service ticket,Refund
I want my money back the delivered sneakers does not match description follow up inquiry for sneakers,Refund
Cancel my annual subscription renewal and refund remaining balance to checking account priority request for customer account,Refund
Can I get a refund for order 11617 since shipment has not left warehouse urgently for order 11617,Refund
Return request accepted by seller please credit my original payment method please check immediately reference TRK803016,Refund
I was promised a full refund for damaged blender within 5 business days regarding recent purchase of blender,Refund
Where is the refund for my returned clothing items order 11638 verified on customer dashboard,Refund
The merchant agreed to refund fifty dollars for the missing accessory filed through customer service ticket,Refund
Please issue store credit or immediate refund for defective desk lamp follow up inquiry for desk lamp,Refund
I sent the item back via courier tracking TRK803081 please verify refund status priority request for customer account,Refund
Reverse credit card charge for order 11666 cancelled before fulfillment urgently for order 11666,Refund
Order cancellation confirmed by support but refund still pending on statement please check immediately reference TRK803107,Refund
Please cancel my order 11680 and process a full refund to my card regarding recent purchase of laptop,Refund
I returned the package for coffee maker yesterday when will my refund be issued verified on customer dashboard,Refund
Item arrived defective and broken please refund my purchase money immediately filed through customer service ticket,Refund
Charged twice for the exact same order 11701 please reverse the duplicate charge follow up inquiry for blender,Refund
I want my money back the delivered winter coat does not match description priority request for customer account,Refund
Cancel my annual subscription renewal and refund remaining balance to checking account urgently for order 11715,Refund
Can I get a refund for order 11722 since shipment has not left warehouse please check immediately reference TRK803198,Refund
Return request accepted by seller please credit my original payment method regarding recent purchase of smartphone,Refund
I was promised a full refund for damaged wireless earbuds within 5 business days verified on customer dashboard,Refund
Where is the refund for my returned clothing items order 11743 filed through customer service ticket,Refund
Where is my delivery package tracking number TRK800000 is stuck in transit,Delivery
Courier driver marked package delivered but nothing was left on my porch,Delivery
Can I please change my shipping delivery address for order 10014 to my office,Delivery
How long does express courier shipment take to reach destination address,Delivery
Package arrived severely damaged outer cardboard box crushed and torn,Delivery
Please update delivery instructions to leave parcel with apartment building concierge,Delivery
Shipment delayed by carrier due to severe weather conditions when will it arrive,Delivery
Tracking status says out for delivery since 8am is courier arriving today,Delivery
Driver delivered order 10056 to the wrong street address neighbor brought it over,Delivery
Reschedule parcel delivery for tomorrow afternoon when I am home from work,Delivery
Package held at local distribution postal hub for signature requirement,Delivery
International shipping customs clearance update requested for order 10077,Delivery
Expedite shipping on order 10084 because I need it before Friday morning,Delivery
Can I pick up my parcel directly from the local courier sorting facility,Delivery
Delivery driver left notice slip saying recipient was not present,Delivery
Where is my delivery package tracking number TRK800195 is stuck in transit please check immediately reference TRK800195,Delivery
Courier driver marked package delivered but nothing was left on my porch regarding recent purchase of desk lamp,Delivery
Can I please change my shipping delivery address for order 10119 to my office verified on customer dashboard,Delivery
How long does express courier shipment take to reach destination address filed through customer service ticket,Delivery
Package arrived severely damaged outer cardboard box crushed and torn follow up inquiry for sneakers,Delivery
Please update delivery instructions to leave parcel with apartment building concierge priority request for customer account,Delivery
Shipment delayed by carrier due to severe weather conditions when will it arrive urgently for order 10147,Delivery
Tracking status says out for delivery since 8am is courier arriving today please check immediately reference TRK800286,Delivery
Driver delivered order 10161 to the wrong street address neighbor brought it over regarding recent purchase of blender,Delivery
Reschedule parcel delivery for tomorrow afternoon when I am home from work verified on customer dashboard,Delivery
Package held at local distribution postal hub for signature requirement filed through customer service ticket,Delivery
International shipping customs clearance update requested for order 10182 follow up inquiry for desk lamp,Delivery
Expedite shipping on order 10189 because I need it before Friday morning priority request for customer account,Delivery
Can I pick up my parcel directly from the local courier sorting facility urgently for order 10196,Delivery
Delivery driver left notice slip saying recipient was not present please check immediately reference TRK800377,Delivery
Where is my delivery package tracking number TRK800390 is stuck in transit regarding recent purchase of laptop,Delivery
Courier driver marked package delivered but nothing was left on my porch verified on customer dashboard,Delivery
Can I please change my shipping delivery address for order 10224 to my office filed through customer service ticket,Delivery
How long does express courier shipment take to reach destination address follow up inquiry for blender,Delivery
Package arrived severely damaged outer cardboard box crushed and torn priority request for customer account,Delivery
Please update delivery instructions to leave parcel with apartment building concierge urgently for order 10245,Delivery
Shipment delayed by carrier due to severe weather conditions when will it arrive please check immediately reference TRK800468,Delivery
Tracking status says out for delivery since 8am is courier arriving today regarding recent purchase of smartphone,Delivery
Driver delivered order 10266 to the wrong street address neighbor brought it over verified on customer dashboard,Delivery
Reschedule parcel delivery for tomorrow afternoon when I am home from work filed through customer service ticket,Delivery
Package held at local distribution postal hub for signature requirement follow up inquiry for laptop,Delivery
International shipping customs clearance update requested for order 10287 priority request for customer account,Delivery
Expedite shipping on order 10294 because I need it before Friday morning urgently for order 10294,Delivery
Can I pick up my parcel directly from the local courier sorting facility please check immediately reference TRK800559,Delivery
Delivery driver left notice slip saying recipient was not present regarding recent purchase of winter coat,Delivery
Where is my delivery package tracking number TRK800585 is stuck in transit verified on customer dashboard,Delivery
Courier driver marked package delivered but nothing was left on my porch filed through customer service ticket,Delivery
Can I please change my shipping delivery address for order 10329 to my office follow up inquiry for smartphone,Delivery
How long does express courier shipment take to reach destination address priority request for customer account,Delivery
Package arrived severely damaged outer cardboard box crushed and torn urgently for order 10343,Delivery
Please update delivery instructions to leave parcel with apartment building concierge please check immediately reference TRK800650,Delivery
Shipment delayed by carrier due to severe weather conditions when will it arrive regarding recent purchase of coffee maker,Delivery
Tracking status says out for delivery since 8am is courier arriving today verified on customer dashboard,Delivery
Driver delivered order 10371 to the wrong street address neighbor brought it over filed through customer service ticket,Delivery
Reschedule parcel delivery for tomorrow afternoon when I am home from work follow up inquiry for winter coat,Delivery
Package held at local distribution postal hub for signature requirement priority request for customer account,Delivery
International shipping customs clearance update requested for order 10392 urgently for order 10392,Delivery
Expedite shipping on order 10399 because I need it before Friday morning please check immediately reference TRK800741,Delivery
Can I pick up my parcel directly from the local courier sorting facility regarding recent purchase of wireless earbuds,Delivery
Delivery driver left notice slip saying recipient was not present verified on customer dashboard,Delivery
Where is my delivery package tracking number TRK800780 is stuck in transit filed through customer service ticket,Delivery
Courier driver marked package delivered but nothing was left on my porch follow up inquiry for coffee maker,Delivery
Can I please change my shipping delivery address for order 10434 to my office priority request for customer account,Delivery
How long does express courier shipment take to reach destination address urgently for order 10441,Delivery
Package arrived severely damaged outer cardboard box crushed and torn please check immediately reference TRK800832,Delivery
Please update delivery instructions to leave parcel with apartment building concierge regarding recent purchase of office chair,Delivery
Shipment delayed by carrier due to severe weather conditions when will it arrive verified on customer dashboard,Delivery
Tracking status says out for delivery since 8am is courier arriving today filed through customer service ticket,Delivery
Driver delivered order 10476 to the wrong street address neighbor brought it over follow up inquiry for wireless earbuds,Delivery
Reschedule parcel delivery for tomorrow afternoon when I am home from work priority request for customer account,Delivery
Package held at local distribution postal hub for signature requirement urgently for order 10490,Delivery
International shipping customs clearance update requested for order 10497 please check immediately reference TRK800923,Delivery
Expedite shipping on order 10504 because I need it before Friday morning regarding recent purchase of monitor,Delivery
Can I pick up my parcel directly from the local courier sorting facility verified on customer dashboard,Delivery
Delivery driver left notice slip saying recipient was not present filed through customer service ticket,Delivery
Where is my delivery package tracking number TRK800975 is stuck in transit follow up inquiry for office chair,Delivery
Courier driver marked package delivered but nothing was left on my porch priority request for customer account,Delivery
Can I please change my shipping delivery address for order 10539 to my office urgently for order 10539,Delivery
How long does express courier shipment take to reach destination address please check immediately reference TRK801014,Delivery
Package arrived severely damaged outer cardboard box crushed and torn regarding recent purchase of sneakers,Delivery
Please update delivery instructions to leave parcel with apartment building concierge verified on customer dashboard,Delivery
Shipment delayed by carrier due to severe weather conditions when will it arrive filed through customer service ticket,Delivery
Tracking status says out for delivery since 8am is courier arriving today follow up inquiry for monitor,Delivery
Driver delivered order 10581 to the wrong street address neighbor brought it over priority request for customer account,Delivery
Reschedule parcel delivery for tomorrow afternoon when I am home from work urgently for order 10588,Delivery
Package held at local distribution postal hub for signature requirement please check immediately reference TRK801105,Delivery
International shipping customs clearance update requested for order 10602 regarding recent purchase of desk lamp,Delivery
Expedite shipping on order 10609 because I need it before Friday morning verified on customer dashboard,Delivery
Can I pick up my parcel directly from the local courier sorting facility filed through customer service ticket,Delivery
Delivery driver left notice slip saying recipient was not present follow up inquiry for sneakers,Delivery
Where is my delivery package tracking number TRK801170 is stuck in transit priority request for customer account,Delivery
Courier driver marked package delivered but nothing was left on my porch urgently for order 10637,Delivery
Can I please change my shipping delivery address for order 10644 to my office please check immediately reference TRK801196,Delivery
How long does express courier shipment take to reach destination address regarding recent purchase of blender,Delivery
Package arrived severely damaged outer cardboard box crushed and torn verified on customer dashboard,Delivery
Please update delivery instructions to leave parcel with apartment building concierge filed through customer service ticket,Delivery
Shipment delayed by carrier due to severe weather conditions when will it arrive follow up inquiry for desk lamp,Delivery
Tracking status says out for delivery since 8am is courier arriving today priority request for customer account,Delivery
Driver delivered order 10686 to the wrong street address neighbor brought it over urgently for order 10686,Delivery
Reschedule parcel delivery for tomorrow afternoon when I am home from work please check immediately reference TRK801287,Delivery
Package held at local distribution postal hub for signature requirement regarding recent purchase of laptop,Delivery
International shipping customs clearance update requested for order 10707 verified on customer dashboard,Delivery
Expedite shipping on order 10714 because I need it before Friday morning filed through customer service ticket,Delivery
Can I pick up my parcel directly from the local courier sorting facility follow up inquiry for blender,Delivery
Delivery driver left notice slip saying recipient was not present priority request for customer account,Delivery
Where is my delivery package tracking number TRK801365 is stuck in transit urgently for order 10735,Delivery
Courier driver marked package delivered but nothing was left on my porch please check immediately reference TRK801378,Delivery
Can I please change my shipping delivery address for order 10749 to my office regarding recent purchase of smartphone,Delivery
How long does express courier shipment take to reach destination address verified on customer dashboard,Delivery
Package arrived severely damaged outer cardboard box crushed and torn filed through customer service ticket,Delivery
Please update delivery instructions to leave parcel with apartment building concierge follow up inquiry for laptop,Delivery
Shipment delayed by carrier due to severe weather conditions when will it arrive priority request for customer account,Delivery
Tracking status says out for delivery since 8am is courier arriving today urgently for order 10784,Delivery
Driver delivered order 10791 to the wrong street address neighbor brought it over please check immediately reference TRK801469,Delivery
Reschedule parcel delivery for tomorrow afternoon when I am home from work regarding recent purchase of winter coat,Delivery
Package held at local distribution postal hub for signature requirement verified on customer dashboard,Delivery
International shipping customs clearance update requested for order 10812 filed through customer service ticket,Delivery
Expedite shipping on order 10819 because I need it before Friday morning follow up inquiry for smartphone,Delivery
Can I pick up my parcel directly from the local courier sorting facility priority request for customer account,Delivery
Delivery driver left notice slip saying recipient was not present urgently for order 10833,Delivery
Where is my delivery package tracking number TRK801560 is stuck in transit please check immediately reference TRK801560,Delivery
Courier driver marked package delivered but nothing was left on my porch regarding recent purchase of coffee maker,Delivery
Can I please change my shipping delivery address for order 10854 to my office verified on customer dashboard,Delivery
How long does express courier shipment take to reach destination address filed through customer service ticket,Delivery
Package arrived severely damaged outer cardboard box crushed and torn follow up inquiry for winter coat,Delivery
Please update delivery instructions to leave parcel with apartment building concierge priority request for customer account,Delivery
Shipment delayed by carrier due to severe weather conditions when will it arrive urgently for order 10882,Delivery
Tracking status says out for delivery since 8am is courier arriving today please check immediately reference TRK801651,Delivery
Driver delivered order 10896 to the wrong street address neighbor brought it over regarding recent purchase of wireless earbuds,Delivery
Reschedule parcel delivery for tomorrow afternoon when I am home from work verified on customer dashboard,Delivery
Package held at local distribution postal hub for signature requirement filed through customer service ticket,Delivery
International shipping customs clearance update requested for order 10917 follow up inquiry for coffee maker,Delivery
Expedite shipping on order 10924 because I need it before Friday morning priority request for customer account,Delivery
Can I pick up my parcel directly from the local courier sorting facility urgently for order 10931,Delivery
Delivery driver left notice slip saying recipient was not present please check immediately reference TRK801742,Delivery
Where is my delivery package tracking number TRK801755 is stuck in transit regarding recent purchase of office chair,Delivery
Courier driver marked package delivered but nothing was left on my porch verified on customer dashboard,Delivery
Can I please change my shipping delivery address for order 10959 to my office filed through customer service ticket,Delivery
How long does express courier shipment take to reach destination address follow up inquiry for wireless earbuds,Delivery
Package arrived severely damaged outer cardboard box crushed and torn priority request for customer account,Delivery
Please update delivery instructions to leave parcel with apartment building concierge urgently for order 10980,Delivery
Shipment delayed by carrier due to severe weather conditions when will it arrive please check immediately reference TRK801833,Delivery
Tracking status says out for delivery since 8am is courier arriving today regarding recent purchase of monitor,Delivery
Driver delivered order 11001 to the wrong street address neighbor brought it over verified on customer dashboard,Delivery
Reschedule parcel delivery for tomorrow afternoon when I am home from work filed through customer service ticket,Delivery
Package held at local distribution postal hub for signature requirement follow up inquiry for office chair,Delivery
International shipping customs clearance update requested for order 11022 priority request for customer account,Delivery
Expedite shipping on order 11029 because I need it before Friday morning urgently for order 11029,Delivery
Can I pick up my parcel directly from the local courier sorting facility please check immediately reference TRK801924,Delivery
Delivery driver left notice slip saying recipient was not present regarding recent purchase of sneakers,Delivery
Where is my delivery package tracking number TRK801950 is stuck in transit verified on customer dashboard,Delivery
Courier driver marked package delivered but nothing was left on my porch filed through customer service ticket,Delivery
Can I please change my shipping delivery address for order 11064 to my office follow up inquiry for monitor,Delivery
How long does express courier shipment take to reach destination address priority request for customer account,Delivery
Package arrived severely damaged outer cardboard box crushed and torn urgently for order 11078,Delivery
Please update delivery instructions to leave parcel with apartment building concierge please check immediately reference TRK802015,Delivery
Shipment delayed by carrier due to severe weather conditions when will it arrive regarding recent purchase of desk lamp,Delivery
Tracking status says out for delivery since 8am is courier arriving today verified on customer dashboard,Delivery
Driver delivered order 11106 to the wrong street address neighbor brought it over filed through customer service ticket,Delivery
Reschedule parcel delivery for tomorrow afternoon when I am home from work follow up inquiry for sneakers,Delivery
Package held at local distribution postal hub for signature requirement priority request for customer account,Delivery
International shipping customs clearance update requested for order 11127 urgently for order 11127,Delivery
Expedite shipping on order 11134 because I need it before Friday morning please check immediately reference TRK802106,Delivery
Can I pick up my parcel directly from the local courier sorting facility regarding recent purchase of blender,Delivery
Delivery driver left notice slip saying recipient was not present verified on customer dashboard,Delivery
Where is my delivery package tracking number TRK802145 is stuck in transit filed through customer service ticket,Delivery
Courier driver marked package delivered but nothing was left on my porch follow up inquiry for desk lamp,Delivery
Can I please change my shipping delivery address for order 11169 to my office priority request for customer account,Delivery
How long does express courier shipment take to reach destination address urgently for order 11176,Delivery
Package arrived severely damaged outer cardboard box crushed and torn please check immediately reference TRK802197,Delivery
Please update delivery instructions to leave parcel with apartment building concierge regarding recent purchase of laptop,Delivery
Shipment delayed by carrier due to severe weather conditions when will it arrive verified on customer dashboard,Delivery
Tracking status says out for delivery since 8am is courier arriving today filed through customer service ticket,Delivery
Driver delivered order 11211 to the wrong street address neighbor brought it over follow up inquiry for blender,Delivery
Reschedule parcel delivery for tomorrow afternoon when I am home from work priority request for customer account,Delivery
Package held at local distribution postal hub for signature requirement urgently for order 11225,Delivery
International shipping customs clearance update requested for order 11232 please check immediately reference TRK802288,Delivery
Expedite shipping on order 11239 because I need it before Friday morning regarding recent purchase of smartphone,Delivery
Can I pick up my parcel directly from the local courier sorting facility verified on customer dashboard,Delivery
Delivery driver left notice slip saying recipient was not present filed through customer service ticket,Delivery
Where is my delivery package tracking number TRK802340 is stuck in transit follow up inquiry for laptop,Delivery
Courier driver marked package delivered but nothing was left on my porch priority request for customer account,Delivery
Can I please change my shipping delivery address for order 11274 to my office urgently for order 11274,Delivery
How long does express courier shipment take to reach destination address please check immediately reference TRK802379,Delivery
Package arrived severely damaged outer cardboard box crushed and torn regarding recent purchase of winter coat,Delivery
Please update delivery instructions to leave parcel with apartment building concierge verified on customer dashboard,Delivery
Shipment delayed by carrier due to severe weather conditions when will it arrive filed through customer service ticket,Delivery
Tracking status says out for delivery since 8am is courier arriving today follow up inquiry for smartphone,Delivery
Driver delivered order 11316 to the wrong street address neighbor brought it over priority request for customer account,Delivery
Reschedule parcel delivery for tomorrow afternoon when I am home from work urgently for order 11323,Delivery
Package held at local distribution postal hub for signature requirement please check immediately reference TRK802470,Delivery
International shipping customs clearance update requested for order 11337 regarding recent purchase of coffee maker,Delivery
Expedite shipping on order 11344 because I need it before Friday morning verified on customer dashboard,Delivery
Can I pick up my parcel directly from the local courier sorting facility filed through customer service ticket,Delivery
Delivery driver left notice slip saying recipient was not present follow up inquiry for winter coat,Delivery
Where is my delivery package tracking number TRK802535 is stuck in transit priority request for customer account,Delivery
Courier driver marked package delivered but nothing was left on my porch urgently for order 11372,Delivery
Can I please change my shipping delivery address for order 11379 to my office please check immediately reference TRK802561,Delivery
How long does express courier shipment take to reach destination address regarding recent purchase of wireless earbuds,Delivery
Package arrived severely damaged outer cardboard box crushed and torn verified on customer dashboard,Delivery
Please update delivery instructions to leave parcel with apartment building concierge filed through customer service ticket,Delivery
Shipment delayed by carrier due to severe weather conditions when will it arrive follow up inquiry for coffee maker,Delivery
Tracking status says out for delivery since 8am is courier arriving today priority request for customer account,Delivery
Driver delivered order 11421 to the wrong street address neighbor brought it over urgently for order 11421,Delivery
Reschedule parcel delivery for tomorrow afternoon when I am home from work please check immediately reference TRK802652,Delivery
Package held at local distribution postal hub for signature requirement regarding recent purchase of office chair,Delivery
International shipping customs clearance update requested for order 11442 verified on customer dashboard,Delivery
Expedite shipping on order 11449 because I need it before Friday morning filed through customer service ticket,Delivery
Can I pick up my parcel directly from the local courier sorting facility follow up inquiry for wireless earbuds,Delivery
Delivery driver left notice slip saying recipient was not present priority request for customer account,Delivery
Where is my delivery package tracking number TRK802730 is stuck in transit urgently for order 11470,Delivery
Courier driver marked package delivered but nothing was left on my porch please check immediately reference TRK802743,Delivery
Can I please change my shipping delivery address for order 11484 to my office regarding recent purchase of monitor,Delivery
How long does express courier shipment take to reach destination address verified on customer dashboard,Delivery
Package arrived severely damaged outer cardboard box crushed and torn filed through customer service ticket,Delivery
Please update delivery instructions to leave parcel with apartment building concierge follow up inquiry for office chair,Delivery
Shipment delayed by carrier due to severe weather conditions when will it arrive priority request for customer account,Delivery
Tracking status says out for delivery since 8am is courier arriving today urgently for order 11519,Delivery
Driver delivered order 11526 to the wrong street address neighbor brought it over please check immediately reference TRK802834,Delivery
Reschedule parcel delivery for tomorrow afternoon when I am home from work regarding recent purchase of sneakers,Delivery
Package held at local distribution postal hub for signature requirement verified on customer dashboard,Delivery
International shipping customs clearance update requested for order 11547 filed through customer service ticket,Delivery
Expedite shipping on order 11554 because I need it before Friday morning follow up inquiry for monitor,Delivery
Can I pick up my parcel directly from the local courier sorting facility priority request for customer account,Delivery
Delivery driver left notice slip saying recipient was not present urgently for order 11568,Delivery
Where is my delivery package tracking number TRK802925 is stuck in transit please check immediately reference TRK802925,Delivery
Courier driver marked package delivered but nothing was left on my porch regarding recent purchase of desk lamp,Delivery
Can I please change my shipping delivery address for order 11589 to my office verified on customer dashboard,Delivery
How long does express courier shipment take to reach destination address filed through customer service ticket,Delivery
Package arrived severely damaged outer cardboard box crushed and torn follow up inquiry for sneakers,Delivery
Please update delivery instructions to leave parcel with apartment building concierge priority request for customer account,Delivery
Shipment delayed by carrier due to severe weather conditions when will it arrive urgently for order 11617,Delivery
Tracking status says out for delivery since 8am is courier arriving today please check immediately reference TRK803016,Delivery
Driver delivered order 11631 to the wrong street address neighbor brought it over regarding recent purchase of blender,Delivery
Reschedule parcel delivery for tomorrow afternoon when I am home from work verified on customer dashboard,Delivery
Package held at local distribution postal hub for signature requirement filed through customer service ticket,Delivery
International shipping customs clearance update requested for order 11652 follow up inquiry for desk lamp,Delivery
Expedite shipping on order 11659 because I need it before Friday morning priority request for customer account,Delivery
Can I pick up my parcel directly from the local courier sorting facility urgently for order 11666,Delivery
Delivery driver left notice slip saying recipient was not present please check immediately reference TRK803107,Delivery
Where is my delivery package tracking number TRK803120 is stuck in transit regarding recent purchase of laptop,Delivery
Courier driver marked package delivered but nothing was left on my porch verified on customer dashboard,Delivery
Can I please change my shipping delivery address for order 11694 to my office filed through customer service ticket,Delivery
How long does express courier shipment take to reach destination address follow up inquiry for blender,Delivery
Package arrived severely damaged outer cardboard box crushed and torn priority request for customer account,Delivery
Please update delivery instructions to leave parcel with apartment building concierge urgently for order 11715,Delivery
Shipment delayed by carrier due to severe weather conditions when will it arrive please check immediately reference TRK803198,Delivery
Tracking status says out for delivery since 8am is courier arriving today regarding recent purchase of smartphone,Delivery
Driver delivered order 11736 to the wrong street address neighbor brought it over verified on customer dashboard,Delivery
Reschedule parcel delivery for tomorrow afternoon when I am home from work filed through customer service ticket,Delivery
I forgot my account password and cannot log into the user portal,Account
Two factor authentication SMS code is not arriving on my mobile phone,Account
Please update the primary email address associated with my user account,Account
Someone attempted to log into my account from an unfamiliar IP location,Account
How do I permanently delete my user account profile and data,Account
Unlock my account profile after multiple unsuccessful login attempts,Account
Need to reset security questions and update account recovery phone number,Account
Verify identity documentation to remove temporary restriction on user profile,Account
I am unable to change my account display name in settings menu,Account
Session keeps expiring and logging me out whenever I browse products,Account
Merge two duplicate user accounts registered under different emails,Account
Cannot access account because old phone number for 2FA is no longer active,Account
Update billing contact person on our enterprise team profile,Account
Received email notification of unauthorized password change on my account,Account
Help me recover username associated with order history 10098,Account
I forgot my account password and cannot log into the user portal please check immediately reference TRK800195,Account
Two factor authentication SMS code is not arriving on my mobile phone regarding recent purchase of desk lamp,Account
Please update the primary email address associated with my user account verified on customer dashboard,Account
Someone attempted to log into my account from an unfamiliar IP location filed through customer service ticket,Account
How do I permanently delete my user account profile and data follow up inquiry for sneakers,Account
Unlock my account profile after multiple unsuccessful login attempts priority request for customer account,Account
Need to reset security questions and update account recovery phone number urgently for order 10147,Account
Verify identity documentation to remove temporary restriction on user profile please check immediately reference TRK800286,Account
I am unable to change my account display name in settings menu regarding recent purchase of blender,Account
Session keeps expiring and logging me out whenever I browse products verified on customer dashboard,Account
Merge two duplicate user accounts registered under different emails filed through customer service ticket,Account
Cannot access account because old phone number for 2FA is no longer active follow up inquiry for desk lamp,Account
Update billing contact person on our enterprise team profile priority request for customer account,Account
Received email notification of unauthorized password change on my account urgently for order 10196,Account
Help me recover username associated with order history 10203 please check immediately reference TRK800377,Account
I forgot my account password and cannot log into the user portal regarding recent purchase of laptop,Account
Two factor authentication SMS code is not arriving on my mobile phone verified on customer dashboard,Account
Please update the primary email address associated with my user account filed through customer service ticket,Account
Someone attempted to log into my account from an unfamiliar IP location follow up inquiry for blender,Account
How do I permanently delete my user account profile and data priority request for customer account,Account
Unlock my account profile after multiple unsuccessful login attempts urgently for order 10245,Account
Need to reset security questions and update account recovery phone number please check immediately reference TRK800468,Account
Verify identity documentation to remove temporary restriction on user profile regarding recent purchase of smartphone,Account
I am unable to change my account display name in settings menu verified on customer dashboard,Account
Session keeps expiring and logging me out whenever I browse products filed through customer service ticket,Account
Merge two duplicate user accounts registered under different emails follow up inquiry for laptop,Account
Cannot access account because old phone number for 2FA is no longer active priority request for customer account,Account
Update billing contact person on our enterprise team profile urgently for order 10294,Account
Received email notification of unauthorized password change on my account please check immediately reference TRK800559,Account
Help me recover username associated with order history 10308 regarding recent purchase of winter coat,Account
I forgot my account password and cannot log into the user portal verified on customer dashboard,Account
Two factor authentication SMS code is not arriving on my mobile phone filed through customer service ticket,Account
Please update the primary email address associated with my user account follow up inquiry for smartphone,Account
Someone attempted to log into my account from an unfamiliar IP location priority request for customer account,Account
How do I permanently delete my user account profile and data urgently for order 10343,Account
Unlock my account profile after multiple unsuccessful login attempts please check immediately reference TRK800650,Account
Need to reset security questions and update account recovery phone number regarding recent purchase of coffee maker,Account
Verify identity documentation to remove temporary restriction on user profile verified on customer dashboard,Account
I am unable to change my account display name in settings menu filed through customer service ticket,Account
Session keeps expiring and logging me out whenever I browse products follow up inquiry for winter coat,Account
Merge two duplicate user accounts registered under different emails priority request for customer account,Account
Cannot access account because old phone number for 2FA is no longer active urgently for order 10392,Account
Update billing contact person on our enterprise team profile please check immediately reference TRK800741,Account
Received email notification of unauthorized password change on my account regarding recent purchase of wireless earbuds,Account
Help me recover username associated with order history 10413 verified on customer dashboard,Account
I forgot my account password and cannot log into the user portal filed through customer service ticket,Account
Two factor authentication SMS code is not arriving on my mobile phone follow up inquiry for coffee maker,Account
Please update the primary email address associated with my user account priority request for customer account,Account
Someone attempted to log into my account from an unfamiliar IP location urgently for order 10441,Account
How do I permanently delete my user account profile and data please check immediately reference TRK800832,Account
Unlock my account profile after multiple unsuccessful login attempts regarding recent purchase of office chair,Account
Need to reset security questions and update account recovery phone number verified on customer dashboard,Account
Verify identity documentation to remove temporary restriction on user profile filed through customer service ticket,Account
I am unable to change my account display name in settings menu follow up inquiry for wireless earbuds,Account
Session keeps expiring and logging me out whenever I browse products priority request for customer account,Account
Merge two duplicate user accounts registered under different emails urgently for order 10490,Account
Cannot access account because old phone number for 2FA is no longer active please check immediately reference TRK800923,Account
Update billing contact person on our enterprise team profile regarding recent purchase of monitor,Account
Received email notification of unauthorized password change on my account verified on customer dashboard,Account
Help me recover username associated with order history 10518 filed through customer service ticket,Account
I forgot my account password and cannot log into the user portal follow up inquiry for office chair,Account
Two factor authentication SMS code is not arriving on my mobile phone priority request for customer account,Account
Please update the primary email address associated with my user account urgently for order 10539,Account
Someone attempted to log into my account from an unfamiliar IP location please check immediately reference TRK801014,Account
How do I permanently delete my user account profile and data regarding recent purchase of sneakers,Account
Unlock my account profile after multiple unsuccessful login attempts verified on customer dashboard,Account
Need to reset security questions and update account recovery phone number filed through customer service ticket,Account
Verify identity documentation to remove temporary restriction on user profile follow up inquiry for monitor,Account
I am unable to change my account display name in settings menu priority request for customer account,Account
Session keeps expiring and logging me out whenever I browse products urgently for order 10588,Account
Merge two duplicate user accounts registered under different emails please check immediately reference TRK801105,Account
Cannot access account because old phone number for 2FA is no longer active regarding recent purchase of desk lamp,Account
Update billing contact person on our enterprise team profile verified on customer dashboard,Account
Received email notification of unauthorized password change on my account filed through customer service ticket,Account
Help me recover username associated with order history 10623 follow up inquiry for sneakers,Account
I forgot my account password and cannot log into the user portal priority request for customer account,Account
Two factor authentication SMS code is not arriving on my mobile phone urgently for order 10637,Account
Please update the primary email address associated with my user account please check immediately reference TRK801196,Account
Someone attempted to log into my account from an unfamiliar IP location regarding recent purchase of blender,Account
How do I permanently delete my user account profile and data verified on customer dashboard,Account
Unlock my account profile after multiple unsuccessful login attempts filed through customer service ticket,Account
Need to reset security questions and update account recovery phone number follow up inquiry for desk lamp,Account
Verify identity documentation to remove temporary restriction on user profile priority request for customer account,Account
I am unable to change my account display name in settings menu urgently for order 10686,Account
Session keeps expiring and logging me out whenever I browse products please check immediately reference TRK801287,Account
Merge two duplicate user accounts registered under different emails regarding recent purchase of laptop,Account
Cannot access account because old phone number for 2FA is no longer active verified on customer dashboard,Account
Update billing contact person on our enterprise team profile filed through customer service ticket,Account
Received email notification of unauthorized password change on my account follow up inquiry for blender,Account
Help me recover username associated with order history 10728 priority request for customer account,Account
I forgot my account password and cannot log into the user portal urgently for order 10735,Account
Two factor authentication SMS code is not arriving on my mobile phone please check immediately reference TRK801378,Account
Please update the primary email address associated with my user account regarding recent purchase of smartphone,Account
Someone attempted to log into my account from an unfamiliar IP location verified on customer dashboard,Account
How do I permanently delete my user account profile and data filed through customer service ticket,Account
Unlock my account profile after multiple unsuccessful login attempts follow up inquiry for laptop,Account
Need to reset security questions and update account recovery phone number priority request for customer account,Account
Verify identity documentation to remove temporary restriction on user profile urgently for order 10784,Account
I am unable to change my account display name in settings menu please check immediately reference TRK801469,Account
Session keeps expiring and logging me out whenever I browse products regarding recent purchase of winter coat,Account
Merge two duplicate user accounts registered under different emails verified on customer dashboard,Account
Cannot access account because old phone number for 2FA is no longer active filed through customer service ticket,Account
Update billing contact person on our enterprise team profile follow up inquiry for smartphone,Account
Received email notification of unauthorized password change on my account priority request for customer account,Account
Help me recover username associated with order history 10833 urgently for order 10833,Account
I forgot my account password and cannot log into the user portal please check immediately reference TRK801560,Account
Two factor authentication SMS code is not arriving on my mobile phone regarding recent purchase of coffee maker,Account
Please update the primary email address associated with my user account verified on customer dashboard,Account
Someone attempted to log into my account from an unfamiliar IP location filed through customer service ticket,Account
How do I permanently delete my user account profile and data follow up inquiry for winter coat,Account
Unlock my account profile after multiple unsuccessful login attempts priority request for customer account,Account
Need to reset security questions and update account recovery phone number urgently for order 10882,Account
Verify identity documentation to remove temporary restriction on user profile please check immediately reference TRK801651,Account
I am unable to change my account display name in settings menu regarding recent purchase of wireless earbuds,Account
Session keeps expiring and logging me out whenever I browse products verified on customer dashboard,Account
Merge two duplicate user accounts registered under different emails filed through customer service ticket,Account
Cannot access account because old phone number for 2FA is no longer active follow up inquiry for coffee maker,Account
Update billing contact person on our enterprise team profile priority request for customer account,Account
Received email notification of unauthorized password change on my account urgently for order 10931,Account
Help me recover username associated with order history 10938 please check immediately reference TRK801742,Account
I forgot my account password and cannot log into the user portal regarding recent purchase of office chair,Account
Two factor authentication SMS code is not arriving on my mobile phone verified on customer dashboard,Account
Please update the primary email address associated with my user account filed through customer service ticket,Account
Someone attempted to log into my account from an unfamiliar IP location follow up inquiry for wireless earbuds,Account
How do I permanently delete my user account profile and data priority request for customer account,Account
Unlock my account profile after multiple unsuccessful login attempts urgently for order 10980,Account
Need to reset security questions and update account recovery phone number please check immediately reference TRK801833,Account
Verify identity documentation to remove temporary restriction on user profile regarding recent purchase of monitor,Account
I am unable to change my account display name in settings menu verified on customer dashboard,Account
Session keeps expiring and logging me out whenever I browse products filed through customer service ticket,Account
Merge two duplicate user accounts registered under different emails follow up inquiry for office chair,Account
Cannot access account because old phone number for 2FA is no longer active priority request for customer account,Account
Update billing contact person on our enterprise team profile urgently for order 11029,Account
Received email notification of unauthorized password change on my account please check immediately reference TRK801924,Account
Help me recover username associated with order history 11043 regarding recent purchase of sneakers,Account
I forgot my account password and cannot log into the user portal verified on customer dashboard,Account
Two factor authentication SMS code is not arriving on my mobile phone filed through customer service ticket,Account
Please update the primary email address associated with my user account follow up inquiry for monitor,Account
Someone attempted to log into my account from an unfamiliar IP location priority request for customer account,Account
How do I permanently delete my user account profile and data urgently for order 11078,Account
Unlock my account profile after multiple unsuccessful login attempts please check immediately reference TRK802015,Account
Need to reset security questions and update account recovery phone number regarding recent purchase of desk lamp,Account
Verify identity documentation to remove temporary restriction on user profile verified on customer dashboard,Account
I am unable to change my account display name in settings menu filed through customer service ticket,Account
Session keeps expiring and logging me out whenever I browse products follow up inquiry for sneakers,Account
Merge two duplicate user accounts registered under different emails priority request for customer account,Account
Cannot access account because old phone number for 2FA is no longer active urgently for order 11127,Account
Update billing contact person on our enterprise team profile please check immediately reference TRK802106,Account
Received email notification of unauthorized password change on my account regarding recent purchase of blender,Account
Help me recover username associated with order history 11148 verified on customer dashboard,Account
I forgot my account password and cannot log into the user portal filed through customer service ticket,Account
Two factor authentication SMS code is not arriving on my mobile phone follow up inquiry for desk lamp,Account
Please update the primary email address associated with my user account priority request for customer account,Account
Someone attempted to log into my account from an unfamiliar IP location urgently for order 11176,Account
How do I permanently delete my user account profile and data please check immediately reference TRK802197,Account
Unlock my account profile after multiple unsuccessful login attempts regarding recent purchase of laptop,Account
Need to reset security questions and update account recovery phone number verified on customer dashboard,Account
Verify identity documentation to remove temporary restriction on user profile filed through customer service ticket,Account
I am unable to change my account display name in settings menu follow up inquiry for blender,Account
Session keeps expiring and logging me out whenever I browse products priority request for customer account,Account
Merge two duplicate user accounts registered under different emails urgently for order 11225,Account
Cannot access account because old phone number for 2FA is no longer active please check immediately reference TRK802288,Account
Update billing contact person on our enterprise team profile regarding recent purchase of smartphone,Account
Received email notification of unauthorized password change on my account verified on customer dashboard,Account
Help me recover username associated with order history 11253 filed through customer service ticket,Account
I forgot my account password and cannot log into the user portal follow up inquiry for laptop,Account
Two factor authentication SMS code is not arriving on my mobile phone priority request for customer account,Account
Please update the primary email address associated with my user account urgently for order 11274,Account
Someone attempted to log into my account from an unfamiliar IP location please check immediately reference TRK802379,Account
How do I permanently delete my user account profile and data regarding recent purchase of winter coat,Account
Unlock my account profile after multiple unsuccessful login attempts verified on customer dashboard,Account
Need to reset security questions and update account recovery phone number filed through customer service ticket,Account
Verify identity documentation to remove temporary restriction on user profile follow up inquiry for smartphone,Account
I am unable to change my account display name in settings menu priority request for customer account,Account
Session keeps expiring and logging me out whenever I browse products urgently for order 11323,Account
Merge two duplicate user accounts registered under different emails please check immediately reference TRK802470,Account
Cannot access account because old phone number for 2FA is no longer active regarding recent purchase of coffee maker,Account
Update billing contact person on our enterprise team profile verified on customer dashboard,Account
Received email notification of unauthorized password change on my account filed through customer service ticket,Account
Help me recover username associated with order history 11358 follow up inquiry for winter coat,Account
I forgot my account password and cannot log into the user portal priority request for customer account,Account
Two factor authentication SMS code is not arriving on my mobile phone urgently for order 11372,Account
Please update the primary email address associated with my user account please check immediately reference TRK802561,Account
Someone attempted to log into my account from an unfamiliar IP location regarding recent purchase of wireless earbuds,Account
How do I permanently delete my user account profile and data verified on customer dashboard,Account
Unlock my account profile after multiple unsuccessful login attempts filed through customer service ticket,Account
Need to reset security questions and update account recovery phone number follow up inquiry for coffee maker,Account
Verify identity documentation to remove temporary restriction on user profile priority request for customer account,Account
I am unable to change my account display name in settings menu urgently for order 11421,Account
Session keeps expiring and logging me out whenever I browse products please check immediately reference TRK802652,Account
Merge two duplicate user accounts registered under different emails regarding recent purchase of office chair,Account
Cannot access account because old phone number for 2FA is no longer active verified on customer dashboard,Account
Update billing contact person on our enterprise team profile filed through customer service ticket,Account
Received email notification of unauthorized password change on my account follow up inquiry for wireless earbuds,Account
Help me recover username associated with order history 11463 priority request for customer account,Account
I forgot my account password and cannot log into the user portal urgently for order 11470,Account
Two factor authentication SMS code is not arriving on my mobile phone please check immediately reference TRK802743,Account
Please update the primary email address associated with my user account regarding recent purchase of monitor,Account
Someone attempted to log into my account from an unfamiliar IP location verified on customer dashboard,Account
How do I permanently delete my user account profile and data filed through customer service ticket,Account
Unlock my account profile after multiple unsuccessful login attempts follow up inquiry for office chair,Account
Need to reset security questions and update account recovery phone number priority request for customer account,Account
Verify identity documentation to remove temporary restriction on user profile urgently for order 11519,Account
I am unable to change my account display name in settings menu please check immediately reference TRK802834,Account
Session keeps expiring and logging me out whenever I browse products regarding recent purchase of sneakers,Account
Merge two duplicate user accounts registered under different emails verified on customer dashboard,Account
Cannot access account because old phone number for 2FA is no longer active filed through customer service ticket,Account
Update billing contact person on our enterprise team profile follow up inquiry for monitor,Account
Received email notification of unauthorized password change on my account priority request for customer account,Account
Help me recover username associated with order history 11568 urgently for order 11568,Account
I forgot my account password and cannot log into the user portal please check immediately reference TRK802925,Account
Two factor authentication SMS code is not arriving on my mobile phone regarding recent purchase of desk lamp,Account
Please update the primary email address associated with my user account verified on customer dashboard,Account
Someone attempted to log into my account from an unfamiliar IP location filed through customer service ticket,Account
How do I permanently delete my user account profile and data follow up inquiry for sneakers,Account
Unlock my account profile after multiple unsuccessful login attempts priority request for customer account,Account
Need to reset security questions and update account recovery phone number urgently for order 11617,Account
Verify identity documentation to remove temporary restriction on user profile please check immediately reference TRK803016,Account
I am unable to change my account display name in settings menu regarding recent purchase of blender,Account
Session keeps expiring and logging me out whenever I browse products verified on customer dashboard,Account
Merge two duplicate user accounts registered under different emails filed through customer service ticket,Account
Cannot access account because old phone number for 2FA is no longer active follow up inquiry for desk lamp,Account
Update billing contact person on our enterprise team profile priority request for customer account,Account
Received email notification of unauthorized password change on my account urgently for order 11666,Account
Help me recover username associated with order history 11673 please check immediately reference TRK803107,Account
I forgot my account password and cannot log into the user portal regarding recent purchase of laptop,Account
Two factor authentication SMS code is not arriving on my mobile phone verified on customer dashboard,Account
Please update the primary email address associated with my user account filed through customer service ticket,Account
Someone attempted to log into my account from an unfamiliar IP location follow up inquiry for blender,Account
How do I permanently delete my user account profile and data priority request for customer account,Account
Unlock my account profile after multiple unsuccessful login attempts urgently for order 11715,Account
Need to reset security questions and update account recovery phone number please check immediately reference TRK803198,Account
Verify identity documentation to remove temporary restriction on user profile regarding recent purchase of smartphone,Account
I am unable to change my account display name in settings menu verified on customer dashboard,Account
Session keeps expiring and logging me out whenever I browse products filed through customer service ticket,Account
My credit card was declined at checkout with transaction error code 402,Payment
Can I split the payment between my store gift card and personal visa debit,Payment
Update expired credit card expiration date and CVV security code for renewal,Payment
Why was my PayPal checkout transaction rejected during invoice processing,Payment
Apply promotional discount coupon code SAVE20 to my pending shopping cart,Payment
Attached wire transfer remittance slip please verify and mark invoice paid,Payment
Charge appearing on my bank statement does not correspond with invoice receipt,Payment
Switch automatic recurring billing method to our corporate checking account,Payment
Payment gateway timed out during final authorization check was I charged,Payment
Do you accept bank wire ACH payments for large bulk merchandise orders,Payment
How do I remove an expired mastercard from my saved payment methods,Payment
Invoice 10077 shows unpaid status despite funds already cleared from bank,Payment
Currency conversion fee dispute regarding checkout total in euros,Payment
Failed recurring membership billing retry payment using secondary backup card,Payment
Receipt confirmation needed for accounting expense filing order 10098,Payment
My credit card was declined at checkout with transaction error code 402 please check immediately reference TRK800195,Payment
Can I split the payment between my store gift card and personal visa debit regarding recent purchase of desk lamp,Payment
Update expired credit card expiration date and CVV security code for renewal verified on customer dashboard,Payment
Why was my PayPal checkout transaction rejected during invoice processing filed through customer service ticket,Payment
Apply promotional discount coupon code SAVE20 to my pending shopping cart follow up inquiry for sneakers,Payment
Attached wire transfer remittance slip please verify and mark invoice paid priority request for customer account,Payment
Charge appearing on my bank statement does not correspond with invoice receipt urgently for order 10147,Payment
Switch automatic recurring billing method to our corporate checking account please check immediately reference TRK800286,Payment
Payment gateway timed out during final authorization check was I charged regarding recent purchase of blender,Payment
Do you accept bank wire ACH payments for large bulk merchandise orders verified on customer dashboard,Payment
How do I remove an expired mastercard from my saved payment methods filed through customer service ticket,Payment
Invoice 10182 shows unpaid status despite funds already cleared from bank follow up inquiry for desk lamp,Payment
Currency conversion fee dispute regarding checkout total in euros priority request for customer account,Payment
Failed recurring membership billing retry payment using secondary backup card urgently for order 10196,Payment
Receipt confirmation needed for accounting expense filing order 10203 please check immediately reference TRK800377,Payment
My credit card was declined at checkout with transaction error code 402 regarding recent purchase of laptop,Payment
Can I split the payment between my store gift card and personal visa debit verified on customer dashboard,Payment
Update expired credit card expiration date and CVV security code for renewal filed through customer service ticket,Payment
Why was my PayPal checkout transaction rejected during invoice processing follow up inquiry for blender,Payment
Apply promotional discount coupon code SAVE20 to my pending shopping cart priority request for customer account,Payment
Attached wire transfer remittance slip please verify and mark invoice paid urgently for order 10245,Payment
Charge appearing on my bank statement does not correspond with invoice receipt please check immediately reference TRK800468,Payment
Switch automatic recurring billing method to our corporate checking account regarding recent purchase of smartphone,Payment
Payment gateway timed out during final authorization check was I charged verified on customer dashboard,Payment
Do you accept bank wire ACH payments for large bulk merchandise orders filed through customer service ticket,Payment
How do I remove an expired mastercard from my saved payment methods follow up inquiry for laptop,Payment
Invoice 10287 shows unpaid status despite funds already cleared from bank priority request for customer account,Payment
Currency conversion fee dispute regarding checkout total in euros urgently for order 10294,Payment
Failed recurring membership billing retry payment using secondary backup card please check immediately reference TRK800559,Payment
Receipt confirmation needed for accounting expense filing order 10308 regarding recent purchase of winter coat,Payment
My credit card was declined at checkout with transaction error code 402 verified on customer dashboard,Payment
Can I split the payment between my store gift card and personal visa debit filed through customer service ticket,Payment
Update expired credit card expiration date and CVV security code for renewal follow up inquiry for smartphone,Payment
Why was my PayPal checkout transaction rejected during invoice processing priority request for customer account,Payment
Apply promotional discount coupon code SAVE20 to my pending shopping cart urgently for order 10343,Payment
Attached wire transfer remittance slip please verify and mark invoice paid please check immediately reference TRK800650,Payment
Charge appearing on my bank statement does not correspond with invoice receipt regarding recent purchase of coffee maker,Payment
Switch automatic recurring billing method to our corporate checking account verified on customer dashboard,Payment
Payment gateway timed out during final authorization check was I charged filed through customer service ticket,Payment
Do you accept bank wire ACH payments for large bulk merchandise orders follow up inquiry for winter coat,Payment
How do I remove an expired mastercard from my saved payment methods priority request for customer account,Payment
Invoice 10392 shows unpaid status despite funds already cleared from bank urgently for order 10392,Payment
Currency conversion fee dispute regarding checkout total in euros please check immediately reference TRK800741,Payment
Failed recurring membership billing retry payment using secondary backup card regarding recent purchase of wireless earbuds,Payment
Receipt confirmation needed for accounting expense filing order 10413 verified on customer dashboard,Payment
My credit card was declined at checkout with transaction error code 402 filed through customer service ticket,Payment
Can I split the payment between my store gift card and personal visa debit follow up inquiry for coffee maker,Payment
Update expired credit card expiration date and CVV security code for renewal priority request for customer account,Payment
Why was my PayPal checkout transaction rejected during invoice processing urgently for order 10441,Payment
Apply promotional discount coupon code SAVE20 to my pending shopping cart please check immediately reference TRK800832,Payment
Attached wire transfer remittance slip please verify and mark invoice paid regarding recent purchase of office chair,Payment
Charge appearing on my bank statement does not correspond with invoice receipt verified on customer dashboard,Payment
Switch automatic recurring billing method to our corporate checking account filed through customer service ticket,Payment
Payment gateway timed out during final authorization check was I charged follow up inquiry for wireless earbuds,Payment
Do you accept bank wire ACH payments for large bulk merchandise orders priority request for customer account,Payment
How do I remove an expired mastercard from my saved payment methods urgently for order 10490,Payment
Invoice 10497 shows unpaid status despite funds already cleared from bank please check immediately reference TRK800923,Payment
Currency conversion fee dispute regarding checkout total in euros regarding recent purchase of monitor,Payment
Failed recurring membership billing retry payment using secondary backup card verified on customer dashboard,Payment
Receipt confirmation needed for accounting expense filing order 10518 filed through customer service ticket,Payment
My credit card was declined at checkout with transaction error code 402 follow up inquiry for office chair,Payment
Can I split the payment between my store gift card and personal visa debit priority request for customer account,Payment
Update expired credit card expiration date and CVV security code for renewal urgently for order 10539,Payment
Why was my PayPal checkout transaction rejected during invoice processing please check immediately reference TRK801014,Payment
Apply promotional discount coupon code SAVE20 to my pending shopping cart regarding recent purchase of sneakers,Payment
Attached wire transfer remittance slip please verify and mark invoice paid verified on customer dashboard,Payment
Charge appearing on my bank statement does not correspond with invoice receipt filed through customer service ticket,Payment
Switch automatic recurring billing method to our corporate checking account follow up inquiry for monitor,Payment
Payment gateway timed out during final authorization check was I charged priority request for customer account,Payment
Do you accept bank wire ACH payments for large bulk merchandise orders urgently for order 10588,Payment
How do I remove an expired mastercard from my saved payment methods please check immediately reference TRK801105,Payment
Invoice 10602 shows unpaid status despite funds already cleared from bank regarding recent purchase of desk lamp,Payment
Currency conversion fee dispute regarding checkout total in euros verified on customer dashboard,Payment
Failed recurring membership billing retry payment using secondary backup card filed through customer service ticket,Payment
Receipt confirmation needed for accounting expense filing order 10623 follow up inquiry for sneakers,Payment
My credit card was declined at checkout with transaction error code 402 priority request for customer account,Payment
Can I split the payment between my store gift card and personal visa debit urgently for order 10637,Payment
Update expired credit card expiration date and CVV security code for renewal please check immediately reference TRK801196,Payment
Why was my PayPal checkout transaction rejected during invoice processing regarding recent purchase of blender,Payment
Apply promotional discount coupon code SAVE20 to my pending shopping cart verified on customer dashboard,Payment
Attached wire transfer remittance slip please verify and mark invoice paid filed through customer service ticket,Payment
Charge appearing on my bank statement does not correspond with invoice receipt follow up inquiry for desk lamp,Payment
Switch automatic recurring billing method to our corporate checking account priority request for customer account,Payment
Payment gateway timed out during final authorization check was I charged urgently for order 10686,Payment
Do you accept bank wire ACH payments for large bulk merchandise orders please check immediately reference TRK801287,Payment
How do I remove an expired mastercard from my saved payment methods regarding recent purchase of laptop,Payment
Invoice 10707 shows unpaid status despite funds already cleared from bank verified on customer dashboard,Payment
Currency conversion fee dispute regarding checkout total in euros filed through customer service ticket,Payment
Failed recurring membership billing retry payment using secondary backup card follow up inquiry for blender,Payment
Receipt confirmation needed for accounting expense filing order 10728 priority request for customer account,Payment
My credit card was declined at checkout with transaction error code 402 urgently for order 10735,Payment
Can I split the payment between my store gift card and personal visa debit please check immediately reference TRK801378,Payment
Update expired credit card expiration date and CVV security code for renewal regarding recent purchase of smartphone,Payment
Why was my PayPal checkout transaction rejected during invoice processing verified on customer dashboard,Payment
Apply promotional discount coupon code SAVE20 to my pending shopping cart filed through customer service ticket,Payment
Attached wire transfer remittance slip please verify and mark invoice paid follow up inquiry for laptop,Payment
Charge appearing on my bank statement does not correspond with invoice receipt priority request for customer account,Payment
Switch automatic recurring billing method to our corporate checking account urgently for order 10784,Payment
Payment gateway timed out during final authorization check was I charged please check immediately reference TRK801469,Payment
Do you accept bank wire ACH payments for large bulk merchandise orders regarding recent purchase of winter coat,Payment
How do I remove an expired mastercard from my saved payment methods verified on customer dashboard,Payment
Invoice 10812 shows unpaid status despite funds already cleared from bank filed through customer service ticket,Payment
Currency conversion fee dispute regarding checkout total in euros follow up inquiry for smartphone,Payment
Failed recurring membership billing retry payment using secondary backup card priority request for customer account,Payment
Receipt confirmation needed for accounting expense filing order 10833 urgently for order 10833,Payment
My credit card was declined at checkout with transaction error code 402 please check immediately reference TRK801560,Payment
Can I split the payment between my store gift card and personal visa debit regarding recent purchase of coffee maker,Payment
Update expired credit card expiration date and CVV security code for renewal verified on customer dashboard,Payment
Why was my PayPal checkout transaction rejected during invoice processing filed through customer service ticket,Payment
Apply promotional discount coupon code SAVE20 to my pending shopping cart follow up inquiry for winter coat,Payment
Attached wire transfer remittance slip please verify and mark invoice paid priority request for customer account,Payment
Charge appearing on my bank statement does not correspond with invoice receipt urgently for order 10882,Payment
Switch automatic recurring billing method to our corporate checking account please check immediately reference TRK801651,Payment
Payment gateway timed out during final authorization check was I charged regarding recent purchase of wireless earbuds,Payment
Do you accept bank wire ACH payments for large bulk merchandise orders verified on customer dashboard,Payment
How do I remove an expired mastercard from my saved payment methods filed through customer service ticket,Payment
Invoice 10917 shows unpaid status despite funds already cleared from bank follow up inquiry for coffee maker,Payment
Currency conversion fee dispute regarding checkout total in euros priority request for customer account,Payment
Failed recurring membership billing retry payment using secondary backup card urgently for order 10931,Payment
Receipt confirmation needed for accounting expense filing order 10938 please check immediately reference TRK801742,Payment
My credit card was declined at checkout with transaction error code 402 regarding recent purchase of office chair,Payment
Can I split the payment between my store gift card and personal visa debit verified on customer dashboard,Payment
Update expired credit card expiration date and CVV security code for renewal filed through customer service ticket,Payment
Why was my PayPal checkout transaction rejected during invoice processing follow up inquiry for wireless earbuds,Payment
Apply promotional discount coupon code SAVE20 to my pending shopping cart priority request for customer account,Payment
Attached wire transfer remittance slip please verify and mark invoice paid urgently for order 10980,Payment
Charge appearing on my bank statement does not correspond with invoice receipt please check immediately reference TRK801833,Payment
Switch automatic recurring billing method to our corporate checking account regarding recent purchase of monitor,Payment
Payment gateway timed out during final authorization check was I charged verified on customer dashboard,Payment
Do you accept bank wire ACH payments for large bulk merchandise orders filed through customer service ticket,Payment
How do I remove an expired mastercard from my saved payment methods follow up inquiry for office chair,Payment
Invoice 11022 shows unpaid status despite funds already cleared from bank priority request for customer account,Payment
Currency conversion fee dispute regarding checkout total in euros urgently for order 11029,Payment
Failed recurring membership billing retry payment using secondary backup card please check immediately reference TRK801924,Payment
Receipt confirmation needed for accounting expense filing order 11043 regarding recent purchase of sneakers,Payment
My credit card was declined at checkout with transaction error code 402 verified on customer dashboard,Payment
Can I split the payment between my store gift card and personal visa debit filed through customer service ticket,Payment
Update expired credit card expiration date and CVV security code for renewal follow up inquiry for monitor,Payment
Why was my PayPal checkout transaction rejected during invoice processing priority request for customer account,Payment
Apply promotional discount coupon code SAVE20 to my pending shopping cart urgently for order 11078,Payment
Attached wire transfer remittance slip please verify and mark invoice paid please check immediately reference TRK802015,Payment
Charge appearing on my bank statement does not correspond with invoice receipt regarding recent purchase of desk lamp,Payment
Switch automatic recurring billing method to our corporate checking account verified on customer dashboard,Payment
Payment gateway timed out during final authorization check was I charged filed through customer service ticket,Payment
Do you accept bank wire ACH payments for large bulk merchandise orders follow up inquiry for sneakers,Payment
How do I remove an expired mastercard from my saved payment methods priority request for customer account,Payment
Invoice 11127 shows unpaid status despite funds already cleared from bank urgently for order 11127,Payment
Currency conversion fee dispute regarding checkout total in euros please check immediately reference TRK802106,Payment
Failed recurring membership billing retry payment using secondary backup card regarding recent purchase of blender,Payment
Receipt confirmation needed for accounting expense filing order 11148 verified on customer dashboard,Payment
My credit card was declined at checkout with transaction error code 402 filed through customer service ticket,Payment
Can I split the payment between my store gift card and personal visa debit follow up inquiry for desk lamp,Payment
Update expired credit card expiration date and CVV security code for renewal priority request for customer account,Payment
Why was my PayPal checkout transaction rejected during invoice processing urgently for order 11176,Payment
Apply promotional discount coupon code SAVE20 to my pending shopping cart please check immediately reference TRK802197,Payment
Attached wire transfer remittance slip please verify and mark invoice paid regarding recent purchase of laptop,Payment
Charge appearing on my bank statement does not correspond with invoice receipt verified on customer dashboard,Payment
Switch automatic recurring billing method to our corporate checking account filed through customer service ticket,Payment
Payment gateway timed out during final authorization check was I charged follow up inquiry for blender,Payment
Do you accept bank wire ACH payments for large bulk merchandise orders priority request for customer account,Payment
How do I remove an expired mastercard from my saved payment methods urgently for order 11225,Payment
Invoice 11232 shows unpaid status despite funds already cleared from bank please check immediately reference TRK802288,Payment
Currency conversion fee dispute regarding checkout total in euros regarding recent purchase of smartphone,Payment
Failed recurring membership billing retry payment using secondary backup card verified on customer dashboard,Payment
Receipt confirmation needed for accounting expense filing order 11253 filed through customer service ticket,Payment
My credit card was declined at checkout with transaction error code 402 follow up inquiry for laptop,Payment
Can I split the payment between my store gift card and personal visa debit priority request for customer account,Payment
Update expired credit card expiration date and CVV security code for renewal urgently for order 11274,Payment
Why was my PayPal checkout transaction rejected during invoice processing please check immediately reference TRK802379,Payment
Apply promotional discount coupon code SAVE20 to my pending shopping cart regarding recent purchase of winter coat,Payment
Attached wire transfer remittance slip please verify and mark invoice paid verified on customer dashboard,Payment
Charge appearing on my bank statement does not correspond with invoice receipt filed through customer service ticket,Payment
Switch automatic recurring billing method to our corporate checking account follow up inquiry for smartphone,Payment
Payment gateway timed out during final authorization check was I charged priority request for customer account,Payment
Do you accept bank wire ACH payments for large bulk merchandise orders urgently for order 11323,Payment
How do I remove an expired mastercard from my saved payment methods please check immediately reference TRK802470,Payment
Invoice 11337 shows unpaid status despite funds already cleared from bank regarding recent purchase of coffee maker,Payment
Currency conversion fee dispute regarding checkout total in euros verified on customer dashboard,Payment
Failed recurring membership billing retry payment using secondary backup card filed through customer service ticket,Payment
Receipt confirmation needed for accounting expense filing order 11358 follow up inquiry for winter coat,Payment
My credit card was declined at checkout with transaction error code 402 priority request for customer account,Payment
Can I split the payment between my store gift card and personal visa debit urgently for order 11372,Payment
Update expired credit card expiration date and CVV security code for renewal please check immediately reference TRK802561,Payment
Why was my PayPal checkout transaction rejected during invoice processing regarding recent purchase of wireless earbuds,Payment
Apply promotional discount coupon code SAVE20 to my pending shopping cart verified on customer dashboard,Payment
Attached wire transfer remittance slip please verify and mark invoice paid filed through customer service ticket,Payment
Charge appearing on my bank statement does not correspond with invoice receipt follow up inquiry for coffee maker,Payment
Switch automatic recurring billing method to our corporate checking account priority request for customer account,Payment
Payment gateway timed out during final authorization check was I charged urgently for order 11421,Payment
Do you accept bank wire ACH payments for large bulk merchandise orders please check immediately reference TRK802652,Payment
How do I remove an expired mastercard from my saved payment methods regarding recent purchase of office chair,Payment
Invoice 11442 shows unpaid status despite funds already cleared from bank verified on customer dashboard,Payment
Currency conversion fee dispute regarding checkout total in euros filed through customer service ticket,Payment
Failed recurring membership billing retry payment using secondary backup card follow up inquiry for wireless earbuds,Payment
Receipt confirmation needed for accounting expense filing order 11463 priority request for customer account,Payment
My credit card was declined at checkout with transaction error code 402 urgently for order 11470,Payment
Can I split the payment between my store gift card and personal visa debit please check immediately reference TRK802743,Payment
Update expired credit card expiration date and CVV security code for renewal regarding recent purchase of monitor,Payment
Why was my PayPal checkout transaction rejected during invoice processing verified on customer dashboard,Payment
Apply promotional discount coupon code SAVE20 to my pending shopping cart filed through customer service ticket,Payment
Attached wire transfer remittance slip please verify and mark invoice paid follow up inquiry for office chair,Payment
Charge appearing on my bank statement does not correspond with invoice receipt priority request for customer account,Payment
Switch automatic recurring billing method to our corporate checking account urgently for order 11519,Payment
Payment gateway timed out during final authorization check was I charged please check immediately reference TRK802834,Payment
Do you accept bank wire ACH payments for large bulk merchandise orders regarding recent purchase of sneakers,Payment
How do I remove an expired mastercard from my saved payment methods verified on customer dashboard,Payment
Invoice 11547 shows unpaid status despite funds already cleared from bank filed through customer service ticket,Payment
Currency conversion fee dispute regarding checkout total in euros follow up inquiry for monitor,Payment
Failed recurring membership billing retry payment using secondary backup card priority request for customer account,Payment
Receipt confirmation needed for accounting expense filing order 11568 urgently for order 11568,Payment
My credit card was declined at checkout with transaction error code 402 please check immediately reference TRK802925,Payment
Can I split the payment between my store gift card and personal visa debit regarding recent purchase of desk lamp,Payment
Update expired credit card expiration date and CVV security code for renewal verified on customer dashboard,Payment
Why was my PayPal checkout transaction rejected during invoice processing filed through customer service ticket,Payment
Apply promotional discount coupon code SAVE20 to my pending shopping cart follow up inquiry for sneakers,Payment
Attached wire transfer remittance slip please verify and mark invoice paid priority request for customer account,Payment
Charge appearing on my bank statement does not correspond with invoice receipt urgently for order 11617,Payment
Switch automatic recurring billing method to our corporate checking account please check immediately reference TRK803016,Payment
Payment gateway timed out during final authorization check was I charged regarding recent purchase of blender,Payment
Do you accept bank wire ACH payments for large bulk merchandise orders verified on customer dashboard,Payment
How do I remove an expired mastercard from my saved payment methods filed through customer service ticket,Payment
Invoice 11652 shows unpaid status despite funds already cleared from bank follow up inquiry for desk lamp,Payment
Currency conversion fee dispute regarding checkout total in euros priority request for customer account,Payment
Failed recurring membership billing retry payment using secondary backup card urgently for order 11666,Payment
Receipt confirmation needed for accounting expense filing order 11673 please check immediately reference TRK803107,Payment
My credit card was declined at checkout with transaction error code 402 regarding recent purchase of laptop,Payment
Can I split the payment between my store gift card and personal visa debit verified on customer dashboard,Payment
Update expired credit card expiration date and CVV security code for renewal filed through customer service ticket,Payment
Why was my PayPal checkout transaction rejected during invoice processing follow up inquiry for blender,Payment
Apply promotional discount coupon code SAVE20 to my pending shopping cart priority request for customer account,Payment
Attached wire transfer remittance slip please verify and mark invoice paid urgently for order 11715,Payment
Charge appearing on my bank statement does not correspond with invoice receipt please check immediately reference TRK803198,Payment
Switch automatic recurring billing method to our corporate checking account regarding recent purchase of smartphone,Payment
Payment gateway timed out during final authorization check was I charged verified on customer dashboard,Payment
Do you accept bank wire ACH payments for large bulk merchandise orders filed through customer service ticket,Payment
